Package,Version
a11yShiny,0.1.4
a5R,0.5.0
aae.pop,0.2.0
AalenJohansen,1.0
aamatch,0.4.5
AATtools,0.0.3
ABACUS,1.0.0
abasequence,0.1.0
abba,0.2.0
abbreviate,0.1
abc,2.2.2
abc.data,1.1
ABC.RAP,0.9.0
ABCanalysis,1.2.1
ABCDscores,7.0.0
abcel,1.0
abclass,0.5.1
ABCoptim,0.15.0
abcpp,1.0.0
abcrf,2.0
abcrlda,1.0.3
abctools,1.1.8
abd,0.2-8
abdiv,0.2.0
abe,5.1.2
aberrance,0.3.0
abess,0.4.11
abglasso,0.1.1
ABHgenotypeR,1.0.1
abima,1.1
abind,1.4-8
abjData,1.1.2
abjutils,0.3.2
ablasso,1.1
ABM,0.4.3
abms,0.2
abn,3.1.13
abodOutlier,0.1
ABPS,0.3
ABRSQOL,1.0.0
abseil,2026.5.26.0
AbSolution,1.0.1
absorber,1.0
abstr,0.4.2
abstractr,0.1.0
ABSurvTDC,0.1.0
abtest,1.0.1
abundant,1.2
abwm,0.1.0
Ac3net,1.2.2
AcademicThemes,0.0.2
academictwitteR,0.3.1
acc,1.3.3
acca,0.2
accbaseballr,0.1.3
accelmissing,2.2
AccelStab,2.3.2
accept,1.0.2
AcceptanceSampling,1.0.11
AcceptReject,0.1.2
accessibility,1.5.0
accessr,1.1.3
accessrmd,1.0.0
accrual,1.4
accrualPlot,1.0.10
AccSamplingDesign,0.0.8
accSDA,1.1.3
accucor,0.3.1
accumulate,1.0.0
accuracylevel,0.1.0
acdcquery,1.2.3
acdcR,1.0.0
ACDm,1.1.0
ACE.CoCo,0.1
ace2fastq,0.6.0
acebayes,1.11
aceEditor,1.0.1
ACEP,0.1.2
acepack,1.6.3
ACEsearch,1.0.0
ACEsimFit,0.0.0.9
ACEt,1.9.0
acfMPeriod,1.1.0
achieveGap,0.1.0
Achilles,1.7.2
acid,1.1
acled.api,1.1.8
acledR,1.0.1
aclhs,1.0.1
acmgscaler,1.0.0
ACNE,0.9.2
acnr,1.0.0
acopula,0.9.4
acoRn,0.1.0
acro,0.1.7
acroname,0.1.0
acsmoe,0.1.0
acss,0.3-2
acss.data,1.2
ACSWR,1.0
act,1.3.1
ACTCD,1.4-0
ActCR,0.4.0
actel,1.4.0
actfts,0.3.0
actibase,0.2.0
actigraph.sleepr,0.3.1
actilifecounts,1.1.1
activAnalyzer,2.1.2
activatr,0.2.1
ActiveDriver,1.0.0
ActiveDriverWGS,1.2.1
ActiveLearning4SPM,0.1.0
ActivePathways,2.0.6
activity,1.3.4
activityCounts,0.2.1
ActivityIndex,0.3.7
activPAL,0.1.4
actLifer,1.0.0
actogrammr,0.2.3
actuar,3.3-7
actuaRE,1.0.1
ActuarialM,0.1.0
actuary,0.1.2
actuaryr,1.1.1
actxps,1.6.1
AcuityView,1.1.1
acumos,0.4-4
ACV,1.0.2
ACWR,0.1.0
ada,2.0-5.1
adabag,5.1
adace,1.0.2
adagio,0.9.2
adamethods,1.2.1
adana,1.1.0
AdapDiscom,1.0.0
adaplots,0.1.0
AdapSamp,1.1.1
adapt3,2.0.9
adapt4pv,0.2-3
adaptalint,0.2.4
adaptDiag,0.1.1
AdaptGauss,1.6
AdaptiveBoxplot,0.1.1
adaptiveGPCA,0.1.3
adaptivetau,2.3-2
adaptIVPT,1.1.0
adaptMCMC,1.5
adaptr,1.5.0
ADAPTS,1.0.22
adaptsmoFMRI,1.2
adaptTest,1.2
adaR,0.3.5
adas.utils,1.4.0
AdaSampling,1.3
adass,1.0.1
adbcdrivermanager,0.23.0-2
adbcpostgresql,0.23.0-1
adbcsqlite,0.23.0-1
adbi,0.1.2
adc,1.0.0
ADCT,0.1.0
add2ggplot,0.3.0
addhaz,0.5
addhazard,1.1.0
addinsJoaoMelo,0.1.0
addinslist,0.5.0
addinsOutline,0.1.6
additive,1.0.1
additivityTests,1.1-4.2
AddiVortes,0.4.8
addreg,3.0
ADDT,2.0
ade4,1.7-24
ade4TkGUI,0.3.4
adea,1.5.2
adegenet,2.1.11
adegraphics,1.0-22
adehabitatHR,0.4.22
adehabitatHS,0.3.18
adehabitatLT,0.3.29
adehabitatMA,0.3.17
adelie,1.0.10
adephylo,1.1-17
adepro,4.2.7
adeptdata,1.1
AdequacyModel,2.0.0
ADER,1.5
adespatial,0.3-29
adestr,1.0.0
adfExplorer,2.1.0
adformR,0.1.0
ADGofTest,0.3
adheRenceRX,1.0.0
AdhereR,0.8.3
AdhereRViz,0.2.2
adimpro,0.9.7.2
AdIsMF,0.1.1
adiv,2.2.1
adj,0.1.0
adjclust,0.6.11
adjoin,0.1.0
adjROC,0.3
adjSURVCI,1.0
adjustedcranlogs,0.1.0
adjustedCurves,0.11.4
adjustr,0.2.0
adklakedata,0.7.1
adlift,1.4-6
ADLP,0.1.0
admiral,1.5.0
admiral.test,0.7.0
admiraldev,1.5.0
admiralmetabolic,0.3.0
admiralneuro,0.2.1
admiralonco,1.4.1
admiralophtha,1.5.0
admiralpeds,0.3.0
admiralvaccine,0.6.0
admisc,0.40
AdMit,2.1.9
admix,2.6.1
AdmixPoly,1.0.1
admixr,0.9.2
admixr2,0.2.0
ADMM,0.3.4
admmDensestSubmatrix,0.1.0
admtools,0.6.0
adnuts,1.1.2
adobeanalyticsr,0.5.1
adoptr,1.1.2
ADP,0.1.6
ADPF,0.0.1
adplots,0.1.0
adproclus,2.0.1
adpss,0.1.2
adrftools,0.1.0
ads,1.5-12
adsasi,0.9.0.2
adsDataHubR,0.1.1
ADSIHT,0.2.1
AdsorpR,0.1.0
adsoRptionCMF,0.1.1
adsoRptionCV,0.1.0
adsoRptionMCMC,0.1.0
ADTSA,1.0.1
AdvancedBasketballStats,1.0.1
AdvBinomApps,1.0
AdvDif4,0.7.18
adventr,0.1.8
adverbial,0.2.1
AdverseEvents,0.0.5
ADVICE,1.0
adw,0.4.2
adwave,1.4
aebdata,0.1.7
aeddo,0.1.1
AEDForecasting,0.20.0
aedl,0.1.0
aedseo,1.1.0
AEenrich,1.1.1
aelab,1.1.3
aemo,0.4.1
AEP,0.1.4
AER,1.2-16
AeRobiology,2.0.2
AeroEvapR,0.1.6
AeroSampleR,0.3.0
aesopR,0.1.0
afc,1.4.0
afcharts,0.5.1
afcolours,1.0.0
afdx,1.1.2
afex,1.5-1
AFFECT,0.1.2
affiner,0.3.1
affinity,0.2.5
affinitymatrix,0.1.0
affluenceIndex,2.2
afmpar,0.2.0
afmToolkit,1.0.0
afpt,1.1.0.4
AFR,0.3.9
africamonitor,0.2.4
aftables,2.0.1
aftgee,1.2.1
afthd,1.1.0
aftPenCDA,0.1.1
aftR2,0.1.0
aftsem,1.0
afttest,4.5.3
ag5Tools,0.0.3
AGBQR,0.1.0
agcounts,0.7.0
AGD,0.45.0
AgeBandDecomposition,2.0.1
ageg,1.0.0
agena.ai,1.1.2
agentr,0.2.8.4
AgePopDenom,1.2.3
AgeTopicModels,0.3.0
ageutils,0.1.2
agfh,0.2.1
agghoo,0.1-0
aggreCAT,1.1.0
AggregateR,0.1.1
aggregation,1.0.2
aggTrees,2.1.0
aggutils,1.0.2
AGHmatrix,2.1.4
aghq,0.4.1
aglm,0.4.1
agop,0.2.4
agpower,0.1.2
AGPRIS,2.0
agRee,0.5-3
AgreementInterval,0.1.1
agregR,1.0.3
agricolae,1.3-7
agricolaeplotr,1.0.0
agridat,1.26
AgriDiversiX,0.1.0
agriDQ,0.1.3
agrifeature,1.0.3
agriReg,0.1.0
agriTutorial,0.1.5
agriutilities,1.2.3
agriwater,1.0.2
agrmt,1.42.19
agrobox,0.3.0
AgroR,1.3.7
AgroReg,1.2.11
agrostab,0.1.0
AgroTech,1.0.2
ags,1.0.1
agua,0.1.4
agvgd,0.1.2
ahaz,1.15.1
AHMbook,0.2.12
ahnr,0.3.1
ahocorasick,0.2.0
AhoCorasickTrie,0.1.3
AHPGaussian,0.1.3
AHPhybrid,0.1.0
AHPtools,1.0.1
ahptopsis2n,0.2.0
AHPWR,0.1.2
AHSurv,0.1.0
ai,1.0.4.44
AIBias,0.1.1
aIc,1.0
AICcmodavg,2.3-4
AID,3.1
AIDA,0.2.0
aiDIF,0.1.0
aieconindex,0.1.1
AiES,0.99.6
aifeducation,1.1.5
AIFFtools,1.0
AIGovernance,0.1.0
AIGRA,0.1.2
aihuman,1.0.1
aimPlot,1.0.0
aimsir17,0.0.2
aion,1.7.1
AIPW,0.6.9.3
air,0.2.3
aire.zmvm,1.0.2
AirExposure,1.0
airGR,1.7.8
airGRdatasets,0.2.3
airGRdatassim,0.1.4
airGRiwrm,0.7.0
airGRteaching,0.3.5
aiRly,0.1.0
AirMonitor,0.4.3
airnow,0.1.1
AirportProblems,0.1.0
airportr,0.1.3
airports,0.1.0
airqualityES,1.0.0
airr,2.0.0
AirScreen,0.1.0
airship,1.4.3
airt,0.2.2
aiRthermo,1.2.2
AIscreenR,0.4.0
aisdk,1.4.12
aisdk.providers,0.1.0
aisoph,0.4
AIUQ,0.5.5
ajv,1.0.0
aka,0.2.0
akc,0.9.9.3
Ake,1.0.2
akiFlagger,0.3.0
akima,0.6-3.6
akin,0.3.7
akmbiclust,0.1.0
alabama,2025.1.0
alakazam,1.4.3
alarmdata,0.2.4
ALassoSurvIC,0.1.1
albatross,0.3-9
albersdown,2.0.0
aLBI,0.1.9
albopictus,0.5
alcoholSurv,0.7.2
alcyon,0.8.1
ald,1.3.1
ALDEx3,1.0.2
ALDqr,1.0
aldvmm,0.9.0
ale,0.5.3
ALFAM2,4.2.14
alfr,1.2.1
alfred,0.2.1
algaeClassify,2.0.6
AlgDesign,1.2.1.2
algebraic.dist,1.0.0
algebraic.mle,2.0.2
AlgeriAPIs,0.1.0
algo,0.1.0
algorithmia,0.3.0
alien,1.0.2
align,0.1.0
AlignLV,0.1.0.0
alkahest,1.3.0
allcontributors,0.2.3
alleHap,0.9.9
allelematch,2.6.0
AlleleRetain,2.0.2
AlleleShift,1.1-3
AllelicSeries,0.1.1.5
allestimates,0.2.3
AllMetrics,0.2.1
allMT,0.1.1
allocation,0.1.0
allofus,1.2.0
allometry,0.2.0
allomr,0.3.0
Allspice,1.0.7
ALLSPICER,0.1.9
alluvial,0.1-2
almanac,1.0.0
alone,0.7
alookr,0.5.1
aloom,0.1.1
alpaca,0.3.5
alpha.correction.bh,0.1.0
alphabetr,0.2.2
alphahull,2.5
alphaN,0.1.2
alphaOutlier,1.2.2
AlphaPart,0.9.8
alphashape3d,1.3.3
AlphaSimR,2.1.0
alphastable,0.2.1
alphavantagepf,0.8.1
alphavantager,0.1.3
alpmixBayes,0.1.0
alqrfe,1.3
alr4,1.0.7
ALS,0.0.7
ALSCPC,1.0
alsi,0.2.0
altadata,0.1.1
altair,4.2.3
altdoc,0.7.2
AlteredPQR,0.1.0
alternativeROC,1.0.4
altfuelr,0.1.0
altmeta,4.3.1
altR2,1.1.0
ALUES,0.2.1
amadeus,2.0.0
amanpg,0.3.4
amap,0.8-20
amapGeocode,1.0.0
amapro,0.1.4
AMAPVox,2.4.2
amazonadsR,0.1.0
amazons3R,0.1.0
amazonspR,0.1.0
ambient,1.0.3
ambiorix,3.0.0
ambiR,0.1.1
ambit,0.2.3
AMCP,1.0.2
AMCTestmakeR,1.0.0
AMDconfigurations,0.1.0
Amelia,1.8.3
amelie,0.2.1
amen,1.4.5
ameras,0.4.0
amerika,0.1.1
AmesHousing,0.0.4
AmigaFFH,0.4.8
AMIM,1.0.0
AMISforInfectiousDiseases,0.1.0
ammiBayes,2.1-1
AMModels,0.1.4
AmmoniaConcentration,0.1
aMNLFA,1.1.2
amorem,1.0.0
AmoudSurv,0.1.0
amp,1.0.0
amp.dm,0.2.1
amp.sim,0.1.1
ampd,0.2
AmpGram,1.0
ampir,1.1.0
AMPLE,1.0.2
AmpliconDuo,1.1.1
AMR,3.0.1
amregtest,1.1.0
amscorer,0.1.0
amsSim,0.1.0
amt,0.3.1.0
amVennDiagram5,1.0.0
AmyloGram,1.1
anabel,3.0.2
Anaconda,0.1.5
anacor,1.1-5
Analitica,2.2.0
analogsea,1.0.7.2
analogue,0.18.1
AnalyzeFMRI,1.1-26
analyzer,1.0.1
ananke,0.3.0
AnanseSeurat,1.2.0
aNCA,0.1.0
AnchorRegression,0.1.3
AncReg,1.0.1
and,0.1.8
andorR,0.3.1
andrews,1.1.2
Andromeda,1.2.1
anesrake,0.80
AnglerCreelSurveySimulation,1.0.3
angstromATE,0.1.3
angstroms,0.0.1
aniDom,0.1.5
anim.plots,0.2.3
AnimalSequences,0.2.0
animate,0.3.9.4
animation,2.8
animbook,1.0.1
animejs,0.1.0
animint2,2025.10.17
animl,3.3.0
anipaths,0.10.6
aniSNA,1.1.1
aniview,0.1.0
ankiR,0.6.0
anMC,0.2.5
ANN2,2.4.0
anndata,0.8.0
annmatrix,0.1.2
AnnoProbe,0.1.7
annotater,0.2.4
AnnotationBustR,1.3.0
annotator,0.0.3.2
anocva,0.1.1
ANOFA,0.1.3
anoint,1.5
anomalize,0.3.0
anomaly,4.3.3
anominate,0.7
anomo,1.3.2
ANOPA,0.2.3
ANOVAIREVA,0.1.0
anovapowersim,1.1.0
ANOVAShiny,0.1.0
ANOVAShiny2,0.1.0
anovir,0.1.0
anscombiser,1.1.0
ANSM5,1.1.1
AntAngioCOOL,1.2
antaresEditObject,1.0.1
antaresProcessing,0.18.3
antaresRead,3.0.1
antaresViz,0.18.3
AntClassify,0.2.2
antedep,0.2.0
anthro,1.1.0
anthroplus,1.1.0
AnthropMMD,4.1.0
Anthropometry,1.21
AntibodyForests,1.1.0
AntibodyTiters,0.1.24
anticlust,0.8.14
antitrust,0.99.30
antiword,1.3.5
AntsNet,1.0.0
AnxietySleep,0.0.1
anybadger,0.1.0
anyflights,0.3.5
anyLib,1.0.5
anytime,0.3.13
ao,1.2.3
AOboot,0.1.2
aod,1.3.3
aods3,0.6
aoos,0.5.0
aopdata,1.1.2
Aoptbdtvc,0.0.3
aoristic,1.1.1
aorsf,0.1.6
aos,0.1.0
AOUSDOHtools,1.0.4
AOV1R,0.1.0
AovBay,0.1.0
apa,0.3.5
apa7,0.1.3
apache.sedona,1.9.0
ApacheLogProcessor,0.2.3
APackOfTheClones,1.3.0
apaTables,2.0.8
apaText,0.1.7
apathe,0.1.0
apca,1.0.0
APCalign,2.0.0
APCanalysis,1.0
apcf,0.3.3
APCI,1.0.8
APCinteraction,0.1.0
apcluster,1.4.14
aPCoA,1.3
APCtools,1.0.8
apdesign,1.0.0
ape,5.8-1
apercu,0.2.5
apex,1.0.7
apexcharter,0.5.0
APFr,1.0.2
aphid,1.3.6
aphylo,0.3-6
api2lm,0.2
apifetch,0.1.0
APIS,2.0.8
apisensr,2.0.0
aplms,0.1.0
aplore3,0.9
AplosNCA,1.0.1
aplot,0.3.0
aplotExtra,0.0.4
aplpack,1.3.5
apm,0.1.1
APML0,0.11
apmx,1.1.1
apng,1.1
Apoderoides,3.0.1
apollo,0.3.8
apor,0.1.1
appeears,1.2
APPEstimation,0.1.1
appleadsR,0.1.0
applicable,0.2.1
AppliedPredictiveModeling,1.2.0
ApplyPolygenicScore,4.0.2
appnn,1.0-1
apportion,0.0.2
appraise,0.1.1
appRiori,0.0.6
approximator,1.2-8
approxmatch,2.0
approxOT,1.2
appsflyeR,0.1.0
appsheet,0.1.0
aprean3,1.0.2
aprof,0.4.1
APRScenario,0.0.3.1
APS,1.0.1
apsimx,2.8.270
apt,4.0
APTIcalc,0.1.1
apyramid,0.1.3
AQEval,0.6.11
aqfig,0.9
AQLSchemes,1.7-2
aqp,2.3.2
AquaAnalytix,0.1.0
AquaBEHER,1.4.0
aquacultuR,1.1.1
AQuadtree,1.0.6
AquaEnv,1.0-5
AQuality,1.4
AquaticLifeHistory,1.0.6
aquodom,0.1.1
arabic2kansuji,0.1.3
arabicStemR,1.3
arakno,1.3.2
aramappings,0.2.0
araponga,1.0.1
ArArRedux,1.0
arc,1.4.2
ARCensReg,3.0.2
arcgeocoder,0.4.1
arcgis,0.2.0
arcgisgeocode,0.4.0
arcgislayers,0.6.0
arcgisplaces,0.1.2
arcgisutils,0.5.0
ArchaeoPhases,2.1.1
ArchaeoPhases.dataset,0.2.0
archdata,1.2-1
archeofrag,1.2.4
archeofrag.gui,1.1.4
archeoViz,1.4.1
archetypal,1.3.1
archetyper,0.1.0
archetypes,2.2-0.2
archiDART,3.4
archipelago,0.1.0
ArchipelagoEngine,0.1.1
ARCHISSUR,0.0.1
archive,1.1.13
archiveRetriever,0.4.1
archivist,2.3.9
ArCo,0.3-1
ARCokrig,0.1.3
arcopt,0.3.0
arcpbf,0.2.0
arcpullr,0.3.5
arcpy,0.4-0
ArctosR,0.1.3
aRD,0.1.0
ArDec,2.1-1
ARDECO,2.2.3
ARDL,0.2.5
ardl.nardl,1.3.0
ardlverse,2.0.0
ards,0.1.3
area,0.2.0
areabiplot,1.0.0
areal,0.1.8
areaOfEffect,0.2.4
areaplot,2.1.3
arenar,0.2.0
arete,0.2
arf,0.2.4
arfima,1.8-2
arg,0.1.1
ArgentinAPI,0.2.1
Argentum,1.0.0
argminCS,1.1.0
argo,3.0.3
argoFloats,1.0.9
argonDash,0.2.5
argonR,0.2.0
ARGOS,0.1.1
argosfilter,0.71
argparse,2.3.1
argparser,0.7.3
argus,0.1.1
ARHT,0.1.0
ARIbrain,0.2
aricode,1.1.0
aridagri,2.0.3
AriGaMyANNSVR,0.1.0
arima2,3.4.3
ARIMAANN,0.1.0
arkdb,0.0.19
arkhaia,0.5.5
arkhe,1.11.0
arl,0.1.4
arlclustering,1.0.5
arm,1.15-3
armadillo4r,1.0.0
ARMALSTM,0.1.0
armaOptions,1.0.1
armspp,0.0.3
aroma.affymetrix,3.2.3
aroma.apd,0.7.1
aroma.cn,1.7.1
aroma.core,3.3.2
Arothron,2.0.5
ARPALData,2.0.0
ARPobservation,1.2.2
arpr,0.1.2
aRpsDCA,1.1.1
arrangements,1.1.10
arrApply,2.2.1
arrayhelpers,1.1-1
arrg,0.1.0
arrow,24.0.0
arrowheadr,1.0.2
ars,0.8
arsenal,3.7.1
arthistory,0.1.0
artma,0.3.3
ARTofR,0.4.1
artoo,0.1.2
ARTool,0.11.2
artpack,0.2.0
aRtsy,1.0.1
ARTtransfer,1.0.0
arules,1.7.14
arulesCBA,1.2.9
arulesNBMiner,0.1.9
arulesSequences,0.2-32
arulesViz,1.5.4
ARUtools,0.7.3
ArvindSt,1.1.0
aRxiv,0.20
asaur,0.50
asbio,1.13-1
ascii,2.6
asciicast,2.3.1
asciichartr,0.1.0
asciiruler,0.2
asciiSetupReader,2.5.3
ascotraceR,0.0.1
asd,2.2
asdreader,0.1-3
ASGS.foyer,0.3.3
ash,1.0-15
ashapesampler,1.0.0
ashr,2.2-63
asht,1.0.3
AsianOption,0.2.0
AsioHeaders,1.30.2-1
askgpt,0.1.3
askpass,1.2.1
aslib,0.1.3
asm,0.2.4
ASMbook,1.0.2
asmbPLS,1.0.0
ASML,1.1.0
asnipe,1.1.17
aspace,4.1.2
aspect,1.0-7
aspi,0.2.0
aspline,0.2.0
aSPU,1.50
asremlPlus,4.4.58
ASRgenomics,1.1.6
ASSA,2.0
assemblykor,0.1.2
assert,1.0.1
assertable,0.2.8
assertHE,1.0.1
assertions,0.3.0
assertr,3.0.1
assertthat,0.2.1
assessor,1.3.1
AssetPricing,1.0-3
assignPOP,1.3.1
assignR,2.4.3
assist,3.1.9
ASSISTant,1.4.3
AssocBin,1.1-2
AssociationExplorer2,0.1.5
assocInd,1.0.1
assortnet,0.20
AssumpSure,1.1.4
AST,0.1.0
aster,1.3-7
aster2,0.3-2
asteRisk,1.4.5
astgrepr,0.1.1
AsthmaNHANES,1.1.0
astrochron,1.7
astroFns,4.2-1
astronomR,0.1.0
astronomyengine,0.1.0
astsa,2.5
asus,1.5.0
ASV,1.1.4
AsyK,1.5.6
asylum,1.1.2
AsymmetricSORDs,1.0.0
asymmetry,2.0.6
asymmetry.measures,0.2
asympDiag,0.3.3
asympTest,0.1.4
asymptor,1.1.0
AsynchLong,2.4
ata,1.1.1
atable,0.1.15
ATAforecasting,0.0.61
atakrig,0.9.8.2
ATbounds,0.1.1
ATE.ERROR,1.0.0
AteMeVs,0.1.0
Athlytics,1.0.5
atime,2026.4.2
atlas,1.0.0
atlasapprox,0.1.0
AtlasMaker,0.1.0
AtmChile,1.2.0
atmopt,0.1.0
ATNr,1.1.2
ato,0.1.0
atom4R,0.3-4
atpolR,0.1.1
ATQ,0.2.3
ATR,0.1-1
atRisk,0.2.0
atrrr,0.2.0
aTSA,3.1.2.1
attachment,1.0.0
attempt,0.3.1
attention,0.4.0
attestix,0.4.1
attrib,2021.1.2
AUC,0.3.2
audio,0.1-12
audiometry,0.3.0
AudioScatter,1.1.1
audit,0.1-2
auditor,1.3.5
audrex,3.0.0
audubon,0.6.3
augSIMEX,3.7.4
auk,0.9.1
AUKtest,0.1.0
aum,2024.6.19
AurieLSHGaussian,0.2.0
auRoc,0.2-1
aurora,0.1.12
ausplotsR,2.0.5
AustralianPoliticians,0.1.0
AUtests,0.99
auth0,0.3.0
authordown,0.1.0
authoritative,0.2.0
auto.pca,0.3
AutoAds,0.1.0
autoann,0.1.0
autoBagging,0.1.0
autocodebook,0.1.0
autocogs,0.1.5
autoCovariateSelection,1.0.0
autodb,3.2.4
AutoDeskR,0.5.0
autoEnsemble,0.3
autoFC,1.0.0.1001
autoFlagR,1.0.0
autoFRK,1.4.4
autogam,0.1.0
autoGO,1.0.3
autograph,1.0.3
autoharp,0.3.2
autohrf,1.1.3
autoimage,2.2.3
autoimport,0.1.1
autokeras,1.0.12
autoLibLoad,1.0
automagic,0.5.1
automap,1.1-20
automatedRecLin,1.1.2
automatedtests,0.1.2
automerge,0.4.0
autometric,0.1.2
automl,1.3.2
AutoMLR,1.0.0
autoMR,1.2.0
autonewsmd,0.1.0
AutoNN,0.1.0
Autoplotprotein,1.1
AutoPlots,1.5.0
autoReg,0.3.5
AutoregressionMDE,1.0
AutoScore,1.1.0
autoScorecard,0.3.0
Autoseed,0.1.0
autoshiny,0.0.3
autoslider.core,0.3.2
autostats,0.4.2
AutoStepwiseGLM,0.2.0
AutoStrataK,0.1.4
autostsm,3.1.5
autosync,0.1.0
autotab,1.0.1
autotesteR,0.1.12
autotestR,1.2.15
autothresholdr,1.4.3
AutoTransQF,0.1.3
autoTS,0.9.11
autovi,0.4.1
AutoWMM,1.0.2
AuxSurvey,1.1
auxvecLASSO,0.2.0
av,0.9.6
AV1R,0.1.3
available,1.1.0
avar,0.1.3
averisk,1.0.3
avesperu,0.1.1
AVGAS,0.1.0
avidaR,1.2.1
avilistr,0.0.1
AvInertia,0.0.2
aVirtualTwins,1.0.1
avlm,0.1.0
avocado,0.2.0
avotrex,1.3.0
avseqmc,1.0.2
avstrat,0.1.1
awdb,0.1.3
aweek,1.0.3
aweSOM,1.3
awinR,0.1.0
AWR,1.11.189-1
AWR.Kinesis,1.7.6
aws,2.5-6
aws.ecx,1.0.6
aws.iam,0.1.8
aws.kms,0.1.4
aws.lambda,0.2.0
aws.polly,0.1.5
aws.s3,0.3.22
aws.signature,0.6.0
aws.transcribe,0.1.3
aws.translate,0.1.4
aws.wrfsmn,0.1.0
awsMethods,1.1-1
axisandallies,0.1.1
axprism,0.2.0
AZIAD,0.0.3
azlogr,0.0.6
azr,0.3.5
AzureAppInsights,0.3.1
AzureAuth,1.3.4
AzureCognitive,1.0.2
AzureContainers,1.3.3
AzureCosmosR,1.0.0
AzureGraph,1.3.5
AzureKeyVault,1.0.6
AzureKusto,1.1.4
azuremapsr,0.0.2
azuremlsdk,1.10.0
AzureQstor,1.0.2
AzureRMR,2.4.5
AzureStor,3.7.1
AzureTableStor,1.0.0
AzureVision,1.0.2
AzureVM,2.2.2
AzureVMmetadata,1.0.1
b32,0.1.0
b64,0.1.7
babebi,0.1.0
babel,0.3-0
babelgene,22.9
babelmixr2,0.1.11
babelwhale,1.2.0
babette,2.3.4
babynames,1.0.1
babynamesIL,0.2.3
babyTimeR,0.1.0
BACCO,2.1-0
BacenAPI,0.3.1
bacenR,0.4.4
bacistool,1.0.0
backbone,3.0.4
backpipe,0.2.3
backports,1.5.1
backtest,0.3-4
backtestGraphics,0.1.8
baclava,1.1
bacondecomp,0.1.1
bacontrees,1.0.0
BACprior,2.1.2
bacr,1.0.1
badgen,1.0.1
badger,0.2.5
badp,0.5.0
baf,0.0.4
baffle,0.2.2
bage,0.10.9
bagged.outliertrees,1.0.0
baggingbwsel,1.1
baggr,0.8.2
BAGofT,1.0.0
baguette,1.1.0
BagWhiskerPlot,0.1.0
bagyo,0.2.0
bahc,0.3.0
bain,0.2.11
baizer,0.8.0
bakeoff,0.2.0
baker,1.0.4
bakerrr,0.2.0
bakR,1.0.1
BalanceCheck,0.2
BalancedSampling,2.1.1
baldur,0.0.4
Ball,1.3.13
BALLI,0.2.0
BallMapper,0.2.0
balnet,0.0.3
BaM,1.0.3
bama,1.3.1
BAMBI,2.3.7
bambooHR,0.1.1
bamdit,3.6.0
bamlss,1.2-5
bamm,0.6.2
BAMMtools,2.1.12
bamp,2.2.0
BANAM,0.2.2
bandicoot,1.0.0
bandit,0.5.1
banditpam,1.0-2
banditsCI,1.0.0
bandsfdp,1.1.0
banffIT,2.0.0
bang,1.0.4
bangladesh,1.0.0
bannerCommenter,1.0.0
banR,0.2.4
banter,0.9.8
banxicoR,0.9.0
baorista,0.2.1
bapred,1.1
BAQM,0.1.4
BAR,0.1.1
BarBorGradient,1.0.5
barcode,1.4.0
baRcodeR,0.1.7
BarcodingR,1.0-3
BAREB,0.1.2
bark,1.0.5
Barnard,1.8
barrel,0.1.0
barrks,1.1.2
barry,0.2.1
BART,2.9.10
bartCause,1.0-10
bartcs,1.3.0
bartMachine,1.4.2
bartMachineJARs,1.2.2
bartMan,0.2.1
bartXViz,1.0.11
baRulho,2.1.6
BAS,2.0.2
basad,0.3.0
base.rms,1.0
base64,2.0.2
base64enc,0.1-6
base64url,1.4
baseballr,1.6.0
basecamb,1.1.5
basedosdados,0.2.3
basefun,1.2-6
baseline,1.3-7
baselinenowcast,0.2.0
baselinr,0.5.0
basemaps,0.0.8
basemodels,1.1.0
basepenguins,0.1.0
baseq,0.2.0
baserater,0.1.2
bases,0.2.0
BaseSet,1.0.0
BaseTempSeed,0.1.0
basetheme,0.1.3
baseverse,0.1.4
basf,0.2.0
basicdrm,0.3.2
basicMCMCplots,0.2.7
basicspace,0.25
basictabler,1.0.4
basifoR,0.7.8
BASiNET,0.0.5
BASiNETEntropy,0.99.6
BaSkePro,1.1.1
basket,0.10.11
BasketballAnalyzeR,0.8.1
BasketTrial,0.1.0
baskexact,1.0.1
baskoptr,1.0.4
basksim,2.2.0
baskwrap,1.0.3
BASS,1.3.1
BaSTA,2.0.2
BAT,2.11.1
batata,0.2.1
batch,1.1-5
BatchExperiments,1.4.4
BatchGetSymbols,2.6.4
BatchJobs,1.10
batchmeans,1.0-4
batchmix,2.2.2
batchscr,0.1.0
batchtma,0.2.0
batchtools,0.9.18
bate,0.1.0
batman,0.1.0
batsch,0.1.1
BATSS,1.2.0
batteryreduction,0.1.1
BAwiR,1.5.2
bayclumpr,0.1.0
baycn,2.0.0
bayefdr,0.2.1
Bayenet,0.3
bayes4psy,1.2.13
bayesammi,0.3.0
bayesanova,1.6
BayesAT,0.1.0
BayesBinMix,1.4.1
bayesboot,0.2.3
BayesBP,1.1
BayesBrainMap,0.2.0
BayesCACE,1.2.3
BayesChange,2.3.0
BayesCombo,1.0
bayescount,0.9.99-9
BayesCPclust,0.1.0
BayesCR,2.1
BayesCTDesign,0.6.1
bayesCureRateModel,1.6
BayesCVI,1.0.2
bayesDccGarch,3.0.4
BayesDecon,0.1.6
BayesDesign,0.1.1
bayesdfa,1.3.4
bayesDiagnostics,0.1.0
BayesDIP,0.1.1
BayesDissolution,0.2.1
bayesDP,1.3.8
bayesefa,0.0.0.6
bayesEO,0.2.2
BayesERtools,0.2.7
BayesESS,0.1.19
bayesestdft,1.0.0
BayesFactor,0.9.12-4.8
BayesFBHborrow,2.0.10
BayesFluxR,0.1.3
BayesFM,0.1.7
BayesfMRI,0.11.0
bayesforecast,1.0.5
BayesForge,0.0.1
BayesFR,1.0.1
bayesGARCH,2.1.10
BayesGmed,0.0.3
BayesGP,0.1.3
BayesGPfit,1.1.0
BayesGrowth,1.0.0
BayesGWQS,0.1.1
bayesian,1.0.1
BayesianDEB,0.2.1
BayesianDisaggregation,0.2.1
bayesianETAS,2.0.1
BayesianFitForecast,1.1.0
Bayesiangammareg,0.1.1
BayesianInference,0.0.1
BayesianLasso,0.4.1
BayesianLaterality,0.1.2
BayesianMCPMod,1.3.2
BayesianMediationA,1.0.1
BayesianNetwork,0.4
bayesianOU,0.2.0
BayesianPlatformDesignTimeTrend,1.2.3
BayesianPower,0.2.3
BayesianQDM,0.1.0
BayesianReasoning,0.4.3
bayesiansurpriser,0.1.0
BayesianTools,0.1.9
Bayesiantreg,1.0.1
bayesianVARs,0.1.8
bayesics,2.1.1
bayesImageS,0.7-1
BayesLCA,1.9
bayesLife,5.3-1
bayeslist,0.0.1.6
bayeslm,2.0
BayesLN,0.2.12
BayesLogit,2.4
bayeslongitudinal,0.1.0
bayesm,3.1-7
BayesMallows,2.2.7
BayesMallowsSMC2,0.3.0
bayesMeanScale,0.2.2
bayesmeta,3.5
BayesMFSurv,0.1.0
bayesMig,1.0-0
bayesmix,0.7-6
BayesMixSurv,0.9.3
bayesmlogit,1.0.1
BayesMoFo,0.1.0
BayesMortalityPlus,1.0.0
bayesmove,0.2.4
bayesMRM,2.4.0
bayesmsm,1.0.0
BayesMultiMode,1.0.0
BayesMultMeta,0.1.1
bayesnec,2.1.3.1
BayesNetBP,1.6.1
BayesNSGP,0.2.0
BayesPET,0.1.0
BayesPieceHazSelect,1.1.0
BayesPIM,1.0.1
bayesplay,0.9.3
bayesplot,1.15.0
bayespm,0.2.0
bayespmtools,0.0.2
bayesPO,0.5.0
BayesPocket,0.1.0
bayesPop,12.0-1
BayesPostEst,0.4.0
BayesPower,1.0.5
BayesPPD,1.1.3
BayesPPDSurv,1.0.3
BayesPPR,0.1.0
BayesProject,1.0
bayesqm,0.1.0
bayesQR,2.4
bayesQRsurvey,0.2.2
bayesRecon,1.0.1
bayesreg,1.3
BayesRegDTR,1.1.2
Bayesrel,0.7.8
BayesRep,0.42.2
BayesRepDesign,0.42
bayesROE,0.2
BayesRS,0.1.3
BayesRTMB,0.2.1
bayesrules,0.0.3
BayesS5,1.41
BayesSampling,1.1.0
BayesSenMC,0.1.5
BayesSIM,1.0.4
bayesSSM,0.7.1
BayesSUR,2.3-3
bayesSurv,3.8
BayesSurvival,0.2.0
BayesSurvive,0.1.0
bayest,1.5
bayestestR,0.18.1
bayesTFR,7.4-4
BayesTools,0.3.0
BayesTree,0.3-1.5
BayesTreePrior,1.0.1
BayesTSM,1.0.1
BayesTwin,1.0
BayesVarSel,2.4.5
bayesvl,1.0.0
BayesVolcano,1.0.1
bayesWatch,0.1.4
BayesX,0.3-3
BayesXsrc,3.0-7.1
bayesZIB,0.0.5
bayfoxr,0.0.1
baygel,0.3.0
BayLum,0.3.3
bayMDS,2.1
baymedr,0.2
bayou,2.3.2
bayprior,0.2.12
baystability,0.2.0
BAYSTAR,0.2-10
baytaAAR,1.0.3
baytrends,2.0.14
BB,2026.1.0
bbdetection,1.0
BBEST,0.1-8
BBI,0.3.0
bbk,0.11.0
bbknnR,2.0.2
bbl,1.0.0
BBmisc,1.13.1
bbmix,1.0.0
bbmle,1.0.25.1
bbnet,1.2.1
bbotk,1.11.0
bbreg,2.0.2
bbssr,1.0.2
bbw,0.3.1
bc3net,1.0.5
BCA1SG,0.1.0
bcaboot,0.2-3
BCBCSF,1.0-2
bcc,1.5
BCC1997,0.1.1
BCClong,1.0.3
bccp,0.5.0
BCD,0.1.1
BCDAG,1.1.4
bcdata,0.5.2
BCEA,2.4.83
BCEE,1.3.2
bcf,2.0.2
BCFM,1.0.0
bcfrailph,0.1.2
bcfrailphdv,0.1.2
BCgee,0.1.1
BCHM,1.00
Bchron,4.7.8
bclogit,1.1
bcmaps,2.3.0
bcmixed,0.1.6
bcp,4.0.4
bcpa,1.3.2
bcputility,0.4.6
BCRA,2.1.2
bcROCsurface,1.0-6
bcRP,1.0.2
bcrypt,1.2.1
BCSreg,1.1.1
bcv,1.0.2
bda,19.1.3
BDAlgo,0.1.0
bdc,1.1.6
bddkR,0.1.1
bdDwC,0.1.15
bde,1.0.1.1
BDEsize,1.6
bdf3,0.1.1
BDgraph,2.74
bdl,1.0.5
bdlim,0.5.0
bdlnm,0.1.1
bdlp,0.9-2
bdots,2.0.0
bdpar,3.1.0
bdpv,1.4
bdrc,2.0.1
bdribs,1.0.4.1
bdscale,2.0.0
bdsm,0.3.0
bdsmatrix,1.3-7
bdsvd,1.2.1
BDWreg,1.3.0
bea.R,1.0.6
BEACH,1.3.2
beadplexr,0.5.0
beakr,0.4.4
beam,2.0.4
bean,0.2.2
beanplot,1.3.1
beans,0.1.0
bearishTrader,1.0.2
beast,1.2
beastier,2.5.2
BeastJar,10.5.1
beastt,0.0.3
beautier,2.6.12
beautils,0.2.0
beaver,1.0.0
BED,1.6.3
BEDASSLE,1.6.1
BEDMatrix,2.0.4
bedr,1.1.5
bedrockbio,2.0.0
BeeBDC,1.3.4
beeca,0.2.0
BeeGUTS,1.5.0
beepr,2.0
beeswarm,0.4.0
beezdemand,0.2.0
beezdiscounting,0.3.2
befproj,0.1.1
behaviorchange,25.8.0
behavr,0.3.3
BEKKs,1.4.7
belex,0.1.0
belg,1.5.3
BElikelihood,1.1
bellreg,0.0.2.2
BEMPdata,0.2.3
bench,1.1.4
benchden,1.0.8
Benchmarking,0.33
benchmarkme,1.0.8
benchmarkmeData,2.0.0
BEND,2.0.1
benford,1.0.1
benford.analysis,0.1.5
BenfordTests,1.2.0
bennu,0.3.2
bentcableAR,0.3.1
benthos,2.0-0
BeQut,0.1.0
Bergm,5.0.7
BerkeleyForestsAnalytics,3.0.1
Bernadette,1.1.6
berryFunctions,1.22.13
BERTopic,0.1.0
bertopicr,0.3.6
bespatial,0.1.3
BeSS,2.0.4
Bessel,0.7-0
bestglm,0.37.3
besthr,0.4.0
Bestie,0.1.5
bestNormalize,1.9.2
BESTree,0.5.2
bestSDP,0.1.2
BET,0.5.4
betaARMA,1.2.0
betaBayes,1.0.1
BetaBit,2.2
betacal,0.1.0
betaclust,1.0.5
BetaDanish,0.2.0
betaDelta,1.0.7
betafunctions,1.9.0
betaMC,1.3.4
betaNB,1.0.7
betapart,1.6.1
BetaPASS,1.1-2
betaper,1.1-3
betareg,3.2-4
betaregscale,2.6.9
betaSandwich,1.0.9
betaselectr,0.2.1
betaStability,0.0.4
betategarch,3.4
bethel,0.2
bets.covid19,1.0.0
BetterReg,0.3.0
BeviMed,7.0
bewrs,0.1.1
bexy,0.1.3
BeyondBenford,1.4
beyondWhittle,1.3.1
bezier,1.1.2
bfast,1.7.2
bfbin2arm,0.1.5
bfboin,0.1.1
bfboinet,1.1.0
bfcluster,1.0.0
BFF,5.0.0
BFI,3.1.0
BFM,0.2.11
bfp,0.0-50
BFpack,1.6.0
bfpwr,0.1.6
BFS,0.7.2
bfsl,0.2.0
bfsMaps,1.99.4
bfw,0.4.2
BGData,2.4.1
bgev,0.2
bgeva,0.3-1
BGFD,0.1
BGGE,0.6.5
BGGM,2.1.6
bggum,1.0.2
BGLR,1.1.4
bgmfiles,0.1.0
BGmisc,1.6.0.1
bgms,0.1.6.3
BGPhazard,2.1.1
bgumbel,0.0.3
BGVAR,2.5.9
bgw,0.1.4
BH,1.90.0-1
BHAI,0.99.2
Bhat,0.9-12
bhetGP,1.0.2
bhm,1.19
bhmbasket,1.1.0
BHMSMAfMRI,2.3
bhpm,1.8.1
BHSBVAR,3.1.3
BI,1.2.0
BiasCorrector,0.2.3
BiasedUrn,2.0.12
bib2df,1.1.2.0
biblio,0.0.12
bibliometrix,5.4.1
bibliometrixData,0.3.0
biblionetwork,0.1.0
bibliorefer,0.1.3
biblioverlap,1.0.2
bibnets,0.6.0
BibPlots,0.0.8
bibtex,0.5.2
BiCausality,0.1.4
BICORN,0.1.0
BiDAG,2.1.4
bidask,2.1.5
BiDimRegression,2.0.1
BIDistances,0.1.3
bidser,0.5.0
bidsr,0.1.1
bidux,0.4.0
BIEN,1.2.8
BifactorIndicesCalculator,0.2.2
bife,0.7.3
BIFIEsurvey,3.8.0
bifrost,0.1.4
bifurcatingr,2.1.0
bigalgebra,3.1.0
biganalytics,1.1.22
bigANNOY,0.3.0
bigassertr,0.2.0
bigBits,1.4
bigD,0.3.1
bigdatadist,1.1
BigDataPE,0.1.0
BigDataStatMeth,2.0.3
BIGDAWG,3.1.0
bigDM,0.5.7
bigergm,1.2.6
bigGP,0.1.9
bigKNN,0.3.0
BIGL,1.9.3
biglasso,1.6.1
bigleaf,0.8.2
biglm,0.9-3
biglmm,0.9-3
bigmatch,0.6.4
bigmds,3.0.0
bigmemory,4.6.6
bigmemory.sri,0.1.8
bigMICE,1.0.0
bignum,0.3.2
bigparallelr,0.3.2
bigPCAcpp,0.9.1
bigPLScox,0.8.1
bigPLSR,0.7.2
BIGpopA,1.0.5
bigQF,1.6
BigQuic,1.1-13
BIGr,0.7.2
bigreadr,0.2.5
bigReg,0.1.5
bigrquery,1.6.2
bigrquerystorage,1.2.2
bigsimr,0.12.0
bigsnpr,1.12.21
bigsparser,0.7.3
bigsplines,1.1-1
bigstatsr,1.6.2
bigstep,1.1.2
bigSurvSGD,0.0.1
bigtabulate,1.1.9
bigtcr,1.1
bigtime,0.2.3
bigutilsr,0.3.11
BigVAR,1.1.5
bikeshare14,0.1.4
bikm1,1.1.0
bild,1.2-1
billboard,0.1.0
billboarder,0.5.1
bimets,4.1.2
BimodalIndex,1.1.11
bin2norm,0.1.1
binancer,1.2.0
Binarize,1.3.2
BinarybalancedCut,0.2
BinaryDosage,2.0.0
BinaryEMVS,0.1
BinaryEPPM,3.0
binaryGP,0.2
BinaryReplicates,1.0.0
binaryRL,0.9.9
binb,0.0.8
BINCOR,0.2.1
binda,1.0.4
bindata,0.9-24
bindr,0.1.3
bindrcpp,0.2.4
binequality,1.0.4
binest,0.2-1
binford,0.1.0
binfunest,0.1.0
bingadsR,0.1.0
binGroup,2.2-3
BinGSD,1.1
binhf,1.0-3
binman,0.1.3
BinMat,0.1.6
binMto,0.0-7
BinNonNor,1.5.3
BinNor,2.3.4
binom,1.1-1.1
binomCI,1.3
binomialtrend,0.0.0.3
BinOrdNonNor,1.5.2
binovisualfields,0.1.1
binpackr,0.2.0
binr,1.1.2
BinSegBstrap,1.0-1
binsegRcpp,2025.5.13
binseqtest,1.0.4
binsmooth,0.2.2
binspp,0.2.4
binsreg,2.1
binst,0.2.1
BINtools,0.2.0
binxr,0.1.1
bio.infer,1.3-6
bio3d,2.4-5
bioacoustics,0.2.10
BiObjClass,0.1.0
biobricks,0.2.2
bioC.logs,1.2.1
bioclim,0.4.0
BiocManager,1.30.27
biocompute,1.1.1
BioCro,3.3.1
Biodem,0.5
BiodiversityR,2.17-4
biodosetools,3.7.2
BIOdry,0.9.1
BIOEFIC,0.1.1
biogas,1.64.0
biogeom,1.5.1
biogram,1.6.3
biogrowth,1.0.8
BioGSP,1.0.0
Bioi,0.2.10
bioimagetools,1.1.9
bioinactivation,1.3.1
BioIndex,0.6.4
BioInsight,0.3.1
bioLeak,0.3.8
biolink,0.1.8
biologicalActivityIndices,0.1.0
BioM2,1.1.3
biomartr,1.0.7
BIOMASS,2.2.7-1
biometrics,1.0.4
biometryassist,1.5.0
biomod2,4.3-4-6
BioMonTools,1.2.4
BioMoR,0.1.1
bionetdata,1.1
BioPET,0.2.2
BioPETsurv,0.1.0
biopixR,1.2.0
BioPred,1.0.2
BioProbability,1.0
bioRad,0.12.0
bioregion,1.4.0
BioRssay,1.1.0
Bios2cor,2.2.2
bios2mds,1.2.3
biosampleR,1.0.4
biosensors.usc,1.0
bioseq,0.1.5
biosignalEMG,2.1.0
bioSNR,1.0
biospear,1.0.2
biostat3,0.2.3
BioStatR,4.1.1
biostats,1.1.2
biostats101,0.1.1
BiostatsUHNplus,1.0.4
BioThermR,0.1.1
biotic,0.1.2
BioTIMEr,0.3.2
biotools,4.3
BioTooltipR,0.1.0
BioTrajectory,1.1.0
BioUtils,0.1.3
BioVenn,1.1.3
BioVizSeq,1.0.5
BioWorldR,0.1.0
bipartite,2.24
bipartiteD3,0.3.2
BipartiteModularityMaximization,1.23.120.1
bipd,0.3
bipl5,1.0.2
biplotbootGUI,1.3
biplotEZ,2.2
BiplotGUI,0.0-12
BiplotML,1.1.1
birankr,1.0.1
birdcolors,1.0.1
birddog,1.0.4
birdie,0.7.1
birdnetR,0.3.2
birdring,1.6
birdscanR,0.3.0
birk,2.1.2
birtr,1.0.0
BIS,0.4
biscale,1.1.0
BISdata,0.2-3
bispdep,1.0-2
bistablehistory,1.1.4
bit,4.6.0
bit64,4.8.2
bitfield,1.0.0
bitmexr,0.3.3
bitops,1.0-9
bitriad,0.4
BiTrinA,1.3.2
BiTSLS,0.1.0
bitstreamio,0.1.0
bittermelon,2.3.1
bivarhr,0.1.6
BiVariAn,1.0.3
Bivariate.Pareto,1.0.3
bivariateLeaflet,0.1.0
bivariatemaps,1.7
BivGeo,2.1.1
bivgeom,1.0
BivLaplaceRL,1.0.0
bivpois,1.2
BivRec,1.2.1
BivRegBLS,1.1.1
bivrp,1.2-2
BivUnifBin,1.3.3
biwavelet,0.20.22
biwt,1.0.1
bizdays,1.0.17
bizicount,1.3.4
BJM,0.1.0
bkmr,0.2.2
bkmrhat,1.1.7
BKP,0.3.0
BKPC,1.0.2
BKTR,0.2.0
BLA,1.0.2
blackbox,1.1.54
blackmarbler,0.2.5
blaise,1.3.11
BlakerCI,1.0-6
BlandAltmanLeh,0.3.1
blandr,0.6.0
BlanketStatsments,0.1.3
blapsr,0.7.0
blaster,1.0.9
blastula,0.3.6
blatent,0.1.3
blatr,1.0.1
blavaan,0.5-10
Blend,0.1.2
blendR,1.0.0
blends,0.1.2
Blendstat,1.0.6
blindrecalc,1.1.1
blindspiker,0.2.1
blink,1.1.0
blisa,0.2.0
bliss,1.1.1
blm,2022.0.0.1
blme,1.0-7
blmeco,1.4
BLMEngineInR,0.1.7
BLModel,1.0.2
blob,1.3.0
BlockCov,0.1.1
blockCV,3.2-0
blockedFF,0.1.0
blockForest,0.2.7
blocking,1.0.3
blocklength,0.2.2
blockmatrix,1.0
BlockMissingData,0.1.1
blockmodeling,1.1.8
BlockmodelingGUI,1.8.4
blockmodels,1.1.5
blockr,0.1.0
blockr.core,0.1.2
blockr.dag,0.1.2
blockr.dock,0.1.1
blockr.dplyr,0.1.0
blockr.ggplot,0.1.0
blockr.io,0.1.0
blockrand,1.5
blockRAR,1.0.3
blocksdesign,4.9
blockstrap,1.0.0
blockTools,0.6.6
blockwise,0.1.2
BlockwiseRankTest,0.1.0
blocs,0.1.1
blogdown,1.24
BLOQ,0.1-2
blorr,0.3.1
blosc,0.1.2
blox,0.0.1
BLPestimatoR,0.3.4
BLR,1.6
blrm,1.0-2
BLRShiny,0.1.0
BLRShiny2,0.1.0
blsBandit,0.1
BLSloadR,0.4.6
BLSM,0.1.0
blsR,0.5.0
bluebike,0.0.3
BlueCarbon,0.1.1
blvim,0.1.1
BlythStillCasellaCI,1.1.0
BMA,3.18.21
bmabart,2.0
BMAmevt,1.0.5
bmass,1.0.3
bmco,0.1.0
BMconcor,2.0.0
bmem,2.2
BMEmapping,1.2.2
bmemLavaan,0.7
bmet,0.1.0
bmgarch,2.1.0
bmggum,0.1.0
BMisc,1.4.9
BMIselect,1.0.3
bmixture,1.7
bml,0.9.0
bmlm,1.3.15
bmm,1.3.1
bmp,0.3.1
BMRMM,1.0.1
BMS,0.3.5
bmstdr,0.8.2
BMT,0.1.3
bnclassify,0.4.8
bndovb,1.1
bnlearn,5.1
bnma,1.6.1
bnmonitor,0.2.2
bnns,1.0.0
bnnSurvival,0.1.5
bnpa,0.3.0
BNPmix,1.2.1
bnpMTP,1.0.0
bnpsd,1.3.13
BNPTSclust,2.0
bnRep,0.0.6
BNrich,0.1.1
BNSP,2.2.3
bnstruct,1.0.15
bnviewer,0.1.6
boa,1.1.8-2
BoardGames,1.0.0
bodenmiller,0.1.1
bodsr,0.1.0
bodycomp,1.0.0
bodycompref,2.0.1
boe,0.3.0
boggy,0.0.1
boids4R,0.3.1
boilerpipeR,1.3.2
boilerplate,1.3.0
BOIN,2.7.2
boinet,1.5.0
boiwsa,1.1.4
BOJ,0.3.4
bolasso,0.5.0
BOLDconnectR,1.0.0
bolder,0.1.1
bolsec,0.1.1
Bolstad,0.2.42
Bolstad2,1.0-29
bolt4jr,1.4.0
BoltzMM,0.1.5
bondAnalyst,1.0.1
BondValuation,0.1.1
BoneDensityMapping,0.1.4
BoneProfileR,4.0
BonEV,1.0
bonn,1.0.3
bonsai,0.4.1
bonsaiforest,0.1.1
booami,0.1.3
boodd,0.1
boodist,1.0.0
bookdown,0.47
booklet,1.0.0
BoolNet,2.1.9
Boom,0.9.16
BoomSpikeSlab,1.2.7
boostingDEA,0.1.0
boostmath,1.4.0
BoostMLR,1.0.3
boostmtree,2.0.0
boostrq,1.0.0
boot,1.3-32
boot.heterogeneity,1.1.5
boot.pval,0.7.0
bootcluster,0.4.3
bootComb,1.1.2
bootCT,2.1.0
bootES,1.3.1
bootf2,0.4.1
bootGOF,0.1.1
bootImpute,1.3.0
bootkmeans,1.0.0
bootLR,1.0.2
bootLRTpairwise,0.2.0
bootmlm,0.1.1
BootMRMR,0.1
bootnet,1.8
bootPLS,1.2.0
BootPR,1.0
bootruin,1.2-4
bootStateSpace,1.0.3
bootStepAIC,1.4-0
bootstrap,2019.6
bootstrapFP,0.4.6
BootstrapQTL,1.0.5
BootstrapTests,0.1.0
bootsurv,0.0.1
bootSVD,1.2
bootUR,1.0.5
bootwar,0.2.1
BootWPTOS,1.2.1
BOP2FE,1.0.3
Boptbd,1.0.7
boral,2.0.3
BORG,0.3.1
borrowr,0.2.0
Boruta,10.0.0
bosfr,0.1.0
BosonSampling,0.1.5
BoSSA,3.7
bossR,1.0.4
botor,0.4.1
BoundaryStats,2.3.0
BoundEdgeworth,0.1.3
boundedur,1.0.1
boundingbox,1.0.1
BoundIRT,0.5.0
boussinesq,1.0.6
boutliers,2.1-3
BoutrosLab.plotting.general,7.1.5
box,1.2.2
box.linters,0.10.7
box.lsp,0.1.4
boxcoxmix,0.46
boxfilter,0.2
boxly,0.1.2
boxplotcluster,0.3
boxplotdbl,1.4.0
boxr,0.3.7
boxTest,0.1.0
bp,2.1.1
bpa,0.1.1
bpAcc,0.0-2
bpbounds,0.1.7
bpca,1.5-0
bpcp,1.5.1
bpDir,0.1.2
bpgmm,1.3.1
bplsr,1.0.5
BPM,1.0.0
bpmnVisualizationR,0.5.0
bpnreg,2.0.3
bpp,1.0.6
bpr,1.0.8
BPrinStratTTE,0.0.7
bptips,0.1.0
bpvars,2.0
bqror,1.7.1
bqtl,1.0-39
BRACE,0.1.0
bracer,1.2.2
bracketeer,0.1.1
BRACoD.R,0.0.2.0
brada,1.0
BradleyTerry2,1.1.3
braggR,0.1.1
braidReports,1.0.5
braidrm,1.0.6
braids,1.0.0
BrainCon,0.3.0
brainGraph,3.1.2
brainKCCA,0.1.0
BrainNetTest,0.2.1
brainR,1.7.0
BranchGLM,3.0.1
Branching,0.9.7
branchingprocess,0.1.0
brand.yml,0.1.0
brandr,0.1.0
brandwatchR,0.3.0
brant,0.3-0
braQCA,1.4.11.27
brar,0.1
brassica,1.0.3
bravo,4.1.0
BrazilCrime,0.3.0
BrazilDataAPI,0.3.0
BrazilMet,0.4.0
BRcal,1.0.1
brclimr,0.2.0
BRCore,2.0.7
brea,0.4.2
bread,0.4.1
BREADR,1.1.0
breakaway,4.8.4
breakDown,0.2.2
breakfast,2.5
BreakPoints,1.2
breathtestcore,0.8.10
breathteststan,0.8.9
bReeze,0.4-4
bregr,1.4.0
BRETIGEA,1.0.3
brew,1.0-10
brfinance,0.8.0
brglm,0.7.3
brglm2,1.1.0
brickset,2026.0.0
brickster,0.2.13
bridgedist,0.1.3
bridger2,0.1.0
bridgesampling,1.2-1
bridgr,0.1.2
brif,1.4.1
brightspaceR,0.1.0
briKmeans,1.0
BRINDA,0.1.5
brinton,0.2.7
brio,1.1.5
briqr,0.1.0
BRISC,1.0.6
brisk,0.1.1
BRL,0.1.0
brm,1.1.1
brms,2.23.0
brms.mmrm,1.1.1
brmsmargins,0.3.0
brnn,0.9.4
broadcast,0.1.9
Brobdingnag,1.2-9
BrokenAdaptiveRidge,1.0.2
brokenstick,2.7.0
brolgar,1.0.2
broman,0.96
broom,1.0.13
broom.helpers,1.22.0
broom.mixed,0.2.9.7
brotli,1.3.2
BRPL,1.0.2
Brq,3.0
BRRAT,0.0.2
brsim,0.3
bruceR,2026.1
brulee,1.1.0
bruneimap,0.3.1
brunnermunzel,2.0
brxx,0.1.2
bs4cards,0.1.1
bs4Dash,2.3.5
bs4Dashkit,0.2.0
BSagri,0.1-10
bsamGP,1.2.7
bscui,0.1.6
BSDA,1.2.2
bsearchtools,0.0.61
BSET,1.0
bsgof,0.23.8
BSGW,0.9.4
bshazard,1.2
bSi,1.0.0
bsicons,0.1.2
bSims,0.3-3
bsitar,0.3.3
bskyr,0.4.0
BSL,3.2.6
bslib,0.11.0
BsMD,2023.920
bsnsing,1.0.1
bsocialv2,0.2.1
BSPADATA,1.1.0
BSPBSS,1.0.6
bspcov,1.0.3
bspec,1.6
bspline,2.5.1
BsplineQuantReg,0.1.0
bsplus,0.1.5
bspm,0.5.8
bsreg,0.0.2
BSS,0.1.0
BSSasymp,1.2-4
bssbinom,1.0.0
bssm,2.0.3
BSSoverSpace,0.1.0
BSSprep,0.1
bst,0.3-24
BSTFA,0.1.0
bsTools,1.0.5
bstrl,1.0.2
bsts,0.9.11
BSTZINB,2.0.1
bsub,2.0.7
bsvars,3.2
bsvarSIGNs,2.0
BSW,0.1.2
bsynth,1.0
btb,0.2.2
BTdecayLasso,0.1.1
btergm,1.11.1
BTIME,1.0.1
BTLLasso,0.1-14
BTM,0.3.8
btml,0.4.0
btrm,0.2.0
BTSPAS,2024.11.1
BTSR,1.0.2
BTtest,0.10.3
BTTL,1.0.0
btw,1.3.0
BTWAR,1.0.1
BTYD,2.4.3
bubbleHeatmap,0.1.1
bubblyr,0.1.2
BUCSS,1.2.1
Buddle,2.0.2
budgetIVr,0.1.2
buildmer,2.13
buildr,0.1.1
BuildSys,1.1.2
bujar,0.2-11
bulkQC,1.1
bulkreadr,1.2.2
bulletcp,1.0.0
bullishTrader,1.0.1
bullseye,1.0.1
bullwhipgame,0.1.0
bumbl,1.0.4
bumblebee,0.1.0
bunching,0.8.6
bunchr,1.2.1
bunddev,0.2.3
bundesbank,0.1-12
bundesligR,0.1.0
bundle,0.1.3
bunsen,0.1.0
buoyant,0.1.0
bupaR,1.0.1
burgle,0.1.2
burnr,0.6.1
bursa,0.1.0
BurStFin,1.3
BurStMisc,1.1
bursts,1.0-2
busdater,0.2.0
bushtucker,0.1.0
BusinessDuration,0.2.0
businessPlanR,0.1-0
butcher,0.4.0
butterfly,1.1.2
butterflyOptions,1.0.1
ButtR,1.1.1
BuyseTest,3.3.9
buzzMed,0.1.2
Bvalue,1.0
BVAR,1.0.5
bvarnet,1.0.1
bvars,1.0
bvarsv,1.1
bvartools,0.2.4
BVARverse,0.0.1
bvhar,2.4.1
bvls,1.4
bvpa,1.0.0
bwd,0.1.0
bWGR,2.2.17
BWGS,0.2.1
bwimage,1.3
BwQuant,0.1.0
bws,0.1.0
BWStest,0.2.3
bysykkel,0.3.1
bytescircle,1.1.2
bzinb,1.0.8
c060,0.5-0
C19dNUTS,1.0.1
c212,1.0.1
c2c,0.1.0
c2z,0.2.0
c3,0.3.0
c3dr,0.2.0
c3net,1.1.1.1
C443,3.4.0
C50,0.2.0
ca,0.71.1
CA3variants,3.3.1
cABCanalysis,1.0.1
cabinets,0.6.0
cabootcrs,2.1.0
cacc,0.1.1
cache,0.0.3
cachem,1.1.0
cacIRT,1.4
CaDENCE,1.2.5
CADF,0.1
CADFtest,0.3-3
caesar,1.1.0
CAESAR.Suite,0.3.0
caffsim,0.2.2
CAFT,0.1.0
CAGR,1.1.1
cAIC4,1.1
CAinterprTools,1.1.0
Cairo,1.7-0
cairovolt,1.0.0
CAISEr,1.0.17
calACS,2.2.2
CALANGO,1.0.20
calba,0.1.2
calcal,1.0.4
calcite,1.0.0
CalcThemAll.PRM,1.1.1
calculus,1.1.0
calcUnique,0.1.2
calendar,0.2.0
calendR,1.2
calendRio,0.2.1
CALF,1.0.17
CALIBERrfimpute,1.0-8
calibmsm,1.1.3
calibrar,0.9.0
calibrate,1.7.7
calibrateBinary,0.1
CalibrateSSB,1.4.0
calibrationband,0.2.1
CalibrationCurves,3.1.0
calibrator,1.2-8
CalibratR,0.1.2
calidad,0.8.2
callback,0.1.3
callme,0.1.11
callr,3.8.0
callsync,0.2.3
calmate,0.13.0
calmr,0.8.1
calms,1.0-3
calpassapi,0.0.3
CalSim,0.5.4
camcorder,0.1.0
CaMeA,0.1.2
CamelRatiosIndex,1.0.0
CamelUp,2.0.3
camerondata,1.0.0
campaignmanageR,0.1.0
campfin,1.0.11
campsis,1.8.2
campsismod,1.3.2
camsRad,0.3.0
camtrapdp,0.5.0
camtrapR,3.0.4
canadamaps,0.1
canadianmaps,2.0.0
canaper,1.0.1
cancensus,0.6.1
CancerEvolutionVisualization,2.0.1
cancerGI,1.0.1
CancerGram,1.0.0
cancerR,0.1.1
cancerradarr,3.0.0
candisc,1.1.1
CANE,0.1.1
Canek,0.2.5
CanonicalFamilyExtra,1.0.0
canprot,2.0.0
canpumf,0.5.2
cansim,0.4.4
canvasXpress,1.59.5
canvasXpress.data,1.34.2
CAOP.RAA.2024,0.0.5
caper,1.0.4
capesData,0.0.1
capesR,0.1.0
capitalR,1.3.0
capl,1.42
caplot,0.2
CaPO4Sim,0.2.1
capr,0.2.0
Capsule,0.2.0
captain,1.2.0
capushe,1.1.3
capybara,2.1.0
car,3.1-5
caracas,2.1.1
caradpt,0.1.0
caRamel,1.5
carat,2.2.1
CARBayes,6.1.1
CARBayesdata,3.0
CARBayesST,4.0
carbondata,0.1.0
carbondate,1.1.0
carbonpredict,2.0.1
carbonr,0.2.7
carcass,1.9
card,0.1.1
card.pro,2.3.0
cardargus,0.2.4
carData,3.0-6
CardiacDP,0.4.2
cardidates,0.4.9
cardinalR,1.0.6
CardioCurveR,1.0.0
CardioDataSets,0.2.0
cards,0.8.1
cardx,0.3.4
care,1.1.11
care4cmodel,1.0.3
caRecall,0.1.0
CareDensity,0.1.0
careless,1.2.2
caresid,0.1
caret,7.0-1
caretEnsemble,4.0.2
caretForecast,0.1.3
caretMultimodal,1.0.0
caretSDM,1.8.3
carfima,2.0.2
cargo,0.4.9
caribou,1.1-1
CarletonStats,2.2
Carlson,3.0.0
CARM,2.0.0
CARME,0.1.1
CARMS,1.0.1
caROC,0.1.5
caroline,1.1.1
carpenter,0.2.3
carrier,0.3.0.4
CARRoT,3.0.2
carsAlgo,0.5.0
carSurv,1.0.0
cartograflow,1.0.5
cartogram,0.3.0
cartogramR,1.5-1
cartographer,0.2.2
cartographr,0.2.5
cartography,3.1.5
carts,0.1.0
Cascade,2.4
CascadeData,1.6
cascadeSelect,1.1.0
cascadess,0.2.0
CASCORE,0.1.2
cascsim,0.4
casebase,0.10.6
CaseBasedReasoning,0.4.1
CaseCohortCoxSurvival,0.0.36
caseMatch,1.1.0
cases,0.2.0
cash,1.0.3
CASIdata,0.2.1
casimir,0.3.3
CASMI,2.0.0
cassandRa,0.2.0
cassowaryr,2.0.2
CAST,1.1.0
castgen,1.0.2
castor,1.8.5
cat,0.0-9
cat2cat,0.6.1
cata,0.1.1.2
CATAcode,1.0.0
catalog,0.1.1
catalytic,0.1.0
CatastRo,1.0.2
catch,1.0.1
catcont,0.5.0
catdap,1.3.7-4
catdata,1.2.5
CatDataAnalysis,0.1-5
CatDyn,1.1-1
categoryEncodings,1.4.3
catekappa,0.1.1
CatEncoders,0.1.1
catfun,0.1.4
cati,0.99.6
catIrt,0.5.1
catlearn,1.1
catmaply,0.9.5
catool,1.0.1
caTools,1.18.3
CatPredi,2.0
catR,3.17
CatReg,2.0.4
catregs,1.3
cats,1.0.2
catseyes,0.2.5
catsim,0.2.4
catSurv,1.6.0
CATT,2.0
CATTexact,0.1.1
catviz,0.1.1
cauchypca,1.4
caugi,1.2.0
cauphy,1.0.3
causact,0.6.0
causal.decomp,0.2.0
causalBatch,1.3.0
causalCmprsk,2.0.0
causaldata,0.1.4
causaldef,0.2.0
causalDisco,1.1.0
causaldrf,0.4.2
causalDT,1.0.0
causaleffect,1.3.15
causalfrag,0.1.1
CausalGPS,0.5.1
causalHyperGraph,0.1.0
CausalImpact,1.4.1
CausalMBSTS,0.1.1
CausalMetaR,0.1.3
CausalMixGPD,0.8.0
CausalModels,0.2.1
causalnet,0.1.0
causaloptim,1.0.0
causalOT,1.0.4
causalPAF,1.2.5
causalplot,0.2.1
causalQual,1.0.0
CausalQueries,1.4.5
causalreg,0.1.2
causalsens,0.1.3
causalSLSE,0.4-1
CausalSpline,0.1.0
causalweight,1.1.5
causalWins,0.1.0
CausCor,0.1.3
causens,0.0.3
caustests,1.1.1
CautiousLearning,1.0.1
CAvariants,6.0
caviarpd,0.3.22
cayleyR,0.2.1
CB2,1.3.8
cba,0.2-25
CBAModel,0.0.1.2
cbanalysis,0.2.0
cbass,0.1
CBASSED50,0.2.0
cbbinom,0.2.0
CBCgrps,2.8.2
cbcTools,0.7.1
cbinom,1.6
cbioportalR,1.1.1
CbKST,0.1-0
cbl,0.1.3
CBnetworkMA,0.1.0
CBPE,0.1.0
CBPS,0.24
cbq,0.2.0.4
CBRT,0.2.0
cbsodataR,1.2.1
CBSr,1.0.5
cbsREPS,0.1.0
CBT,1.0
CBTF,0.7.0
CC,1.0
CCA,1.2.2
CCAMLRGIS,4.3.1
ccaPP,0.3.5
ccar3,0.1.2
cccd,1.6
cccm,0.1.0
cccp,0.3-3
cccrm,3.0.6
CCd,1.1
ccdR,1.1.0
cchs,0.4.5
cchsflow,2.1.0
CCI,0.3.6.1
ccid,1.2.0
ccLRforR,1.2
cclust,0.6-27
cclustr,0.1.1
CCM,1.2
ccmEstimator,1.0.0
CCMMR,0.2.2
CCMnet,1.1.2
ccmReportR,0.1.0
ccoptimalmatch,0.1.0
ccostr,0.1.1
CCP,1.2
ccpsyc,0.2.6
ccRemover,1.0.4
ccrtm,0.1.6
CCSRfind,0.1.0
ccss,1.0
ccTensor,1.0.3
cctest,2.3.3
cctools,0.1.3
CCWeights,0.1.6
cd,0.1.0
cdata,1.2.1
CDatanet,2.2.2
cdcanthro,0.2.0
cdCAT,0.1.0
cdcatR,1.0.7
CDCPLACES,1.2.1
cdcsis,2.0.5
cder,0.3-1
CDF,0.1.0
cdfinv,0.1.0
cdfquantreg,1.3.1-2
CDFt,1.2
cdgd,1.0.1
CDGHMM,0.1.5
cdid,0.1.1
cdiWG2WS,0.2.0
cdlei,1.0
cdlsim,0.1.0
cdlTools,1.13
CDM,8.3-14
CDMConnector,2.6.0
cdmTools,1.0.6
cdnbcr,1.1.1
cdom,0.1.1
cdparcoord,1.0.1
cdrcR,0.1.1
CDsampling,0.1.6
CDSE,0.3.2
CDSim,0.1.2
CDSS,0.3-1
CDVI,0.1.0
CEACT,0.5.0
ceas,1.3.0
ceblR,1.0.0
CEC,0.11.3
CEDA,1.1.1
CEDMr,0.1.0
CEEMDANML,0.1.0
CEGO,2.4.4
celestial,1.5.8
CellDEEP,1.0.1
cellGeometry,0.6.3
cellKey,1.0.3
cellkeyperturbation,3.0.0
cellOrigins,0.1.3
cellranger,1.1.0
celltrackR,1.2.2
cellVolumeDist,1.5
CellWindX,1.0.0
cellWise,2.5.7
cem,1.1.31
cemco,0.2
CenBAR,0.1.1
cencrne,1.0.0
cenGAM,0.5.4
cenROC,2.0.0
censable,0.0.8
CensMFM,3.1
censo2022arg,1.0.1
censobr,0.5.0
censorcopula,2.0
censored,0.3.4
censoredAIDS,1.0.0
censReg,0.5-38
CensRegSMSN,0.0.1
CensSpatial,3.6
Census2016,0.2.0
censusapi,0.10.0
censuspyrID,1.0.2
centerline,0.2.5
centiserve,1.0.0
centr,0.2.4
centrifugeR,0.1.7
CEOdata,1.4.0
CEoptim,1.3
CePa,0.8.2
CepalStatR,0.9.0
cepiigeodist,0.1
cepiweek,0.1.2
cepp,1.7
cepR,0.1.2
cepreader,1.3-0
CepReg,0.1.3
cepumd,2.1.0
cequre,1.5
cer,0.1.0
ceramic,0.9.5
cercospoRa,0.0.2
cereal,0.1.0
CERFIT,0.2.0
CerioliOutlierDetection,1.1.15
CeRNASeek,2.1.3
ceRtainty,1.0.0
Certara.DarwinReporter,2.0.1
Certara.ModelResults,3.0.1
Certara.NLME8,3.0.2
Certara.R,1.1.0
Certara.RDarwin,1.2.0
Certara.RsNLME,3.1.1
Certara.RsNLME.ModelBuilder,3.0.1
Certara.RsNLME.ModelExecutor,3.1.0
Certara.VPCResults,3.0.2
Certara.Xpose.NLME,2.0.2
certify,0.1.0
ces,1.1.0
ceser,1.0.0
cetcolor,0.2.0
ceterisParibus,0.6
cfa,0.10-2
CFAcoop,1.0.0
cfbfastR,2.0.0
CFC,1.2.1
cfda,0.12.1
cfdecomp,0.4.0
CFF,1.0
cffdrs,1.9.2
cffr,1.4.1
cfid,0.1.8
CFilt,1.0.1
CFM,0.8.0
cfmortality,0.3.0
CFO,2.2.0
cforecast,0.1.1
cforward,0.2.0
cfr,0.2.0
cft,1.0.0
CFtime,1.7.3
cg,1.0-4
cgaim,1.0.4
cgal4h,0.1.0
cgam,1.32
cgAUC,1.2.1
CGE,0.3.3
CGGP,1.0.4
cglasso,2.0.7
cgmanalysis,3.2.0
CGManalyzer,1.3.1
cgmguru,1.1.0
CGMissingDataR,0.0.2
cgmquantify,0.1.0
CGNM,0.9.3
CGP,2.1-1
CGR,0.1.0
cgvR,0.1.2
cgwtools,4.1
chainbinomial,0.1.5
ChainLadder,0.2.21
chameleon,0.2-3
chandwich,1.1.6
changepoint,2.3
changepoint.geo,1.0.3
changepoint.influence,1.0.2
changepoint.np,1.0.5
changepointGA,0.1.5
changepoints,1.1.0
changepointsVar,0.1.2
ChangePointTaylor,0.3
ChangepointTesting,1.2
changepointTests,0.1.7
changer,0.0.5
changeS,1.0.1
ChannelAttribution,2.2.5
ChannelAttributionApp,1.3
chantrics,1.0.0
Chaos01,1.2.1
ChaosGame,1.5
chapensk,0.5
CHAPGWAS,0.1.3
Characterization,3.0.1
CharAnalysis,2.0.3
charcuterie,0.0.6
charisma,1.0.0
charlatan,0.6.2
charlesschwabapi,1.0.5
chartql,0.1.0
chartreview,1.0
chatAI4R,1.3.1
chatgpt,0.2.3
chatLLM,0.1.4
chatRater,1.3.1
chatterbox,0.2.1
chattr,0.3.1
ChauBoxplot,1.0.0
chcd,0.1.1
cheapr,1.5.2
cheatsheet,0.1.2
checkarg,0.1.0
checkCLI,1.0
CheckDigit,1.0.0
checkdown,0.0.13
checked,0.5.4
checker,0.1.3
checkglobals,0.1.4
checkhelper,1.0.0
checkLuhn,1.1.0
checkmate,2.3.4
checkstring,0.2.0
checkthat,0.1.0
checktor,0.1.0
cheddar,0.1-639
cheem,0.4.2
cheese,0.1.3
cheetahR,0.4.0
chem.databases,1.0.0
chem16S,1.2.0
chemCal,0.2.3
chemdeg,0.1.4
CHEMIST,0.1.5
chemodiv,0.3.1
chemometrics,1.4.4
ChemoSpec,6.3.1
ChemoSpec2D,0.5.1
ChemoSpecUtils,1.0.5
ChernoffDist,0.1.0
cherry,0.6-15
cherryblossom,0.1.0
chess,1.0.1
chess2plyrs,0.3.0
chessboard,0.1
ChessGmooG,0.1.0
chest,0.3.7
ChestVolume,1.0.1
chevron,0.2.12
chi,0.1
chicane,0.1.8
childdevdata,1.1.0
childesr,0.2.3
childeswordfreq,0.2.0
childfree,0.0.5
childpen,0.2.3
childsds,0.9.11
ChileDataAPI,0.3.0
ChillModels,1.0.2
chillR,0.77
ChinAPIs,0.2.0
ChineseNames,2025.8
chiOpenData,0.1.0
chipPCR,1.0-2
chirps,1.1
chisquare,1.2
chk,0.10.0
chlorpromazineR,0.2.0
CHMM,0.1.1
chmsflow,0.1.0
CHNCapitalStock,0.1.1
chngpt,2024.11-15
CHNOSZ,2.2.0
choicedata,0.1.0
choiceDes,0.9-3
ChoiceModelR,1.3.1
choicer,0.1.0
CHOIRBM,0.0.2
cholera,0.9.1
CholWishart,1.1.4
chomper,0.1.3
chooseGCM,1.3
choosepc,1.0
chopin,0.9.9-5
choplump,1.1.2
chopper,1.0
chopthin,0.2.2
chords,0.95.4
chores,0.3.1
choroplethrAdmin1,1.1.1
choroplethrMaps,1.0.1
chouca,0.1.991
christmas,1.4.1
chromConverter,0.9.0
chromer,0.10
chromoMap,4.1.1
chromote,0.5.1
chromseq,0.1.3
chron,2.3-62
chronicle,0.3
chronicler,0.3.0
chronochrt,0.1.5
chronometre,0.0.2
chronosphere,0.6.1
chunked,0.6.2
chunkhooks,0.0.1
chyper,0.3.1
ci,0.0.1
cia,1.0.0
CIAAWconsensus,1.3
CIARA,0.1.0
CICA,1.1.1
cicalc,0.2.2
ciCalibrate,0.42.2
cicerone,1.0.4
CICI,1.0
ciecl,0.9.6
CIEE,0.1.1
cif,0.1.1
CIfinder,2.0.0
ciflyr,0.1.2
cifmodeling,1.0.0
cifti,0.5.0
ciftiTools,0.19.0
CIM,1.0.0
CIMEHR,0.1.0
cimir,0.4-1
CimpleG,1.0.1
CIMTx,1.2.0
cinaR,0.2.6
cinaRgenesets,0.1.1
CINE,0.1.3
CINID,1.3-1
CINmetrics,0.1.0
CINNA,1.2.2
cinterpolate,1.0.2
CIPerm,0.2.3
cipheR,1.0.0
ciphertext,0.1.1
CIplot,1.0
CIpostSelect,0.2.2
cir,2.5.1
circacompare,0.2.0
CircaCP,0.1.2
CirceR,1.3.3
circhelp,1.1
circle,0.7.4
circles,0.1.0
CirclesIntersections,1.1
circletyper,1.0.2
circlize,0.4.18
circlizePlus,0.9.1
circlus,0.0.2
CircMLE,0.3.0
CircNNTSR,2.3
CircNNTSRaxial,0.1.0
CircNNTSRmult,0.1.0
CircNNTSRSymmetric,0.1.0
CircOutlier,3.2.3
CircStats,0.2-7
circuitscaper,0.1.0
circular,0.5-2
CircularBoxplots,0.1.2
CircularDDM,0.1.0
circularEV,0.1.2
circularKDE,0.1.1
CircularRegression,0.5.1
CircularSilhouette,0.0.1
circumplex,1.2.0
cirls,0.4.0
cIRT,1.3.3
CIS.DGLM,0.1.0
cisp,0.2.0
cit,2.3.2
CITAN,2025.7.1
citation,0.12.2
citationchaser,0.0.4
citecorp,0.3.0
CiteSource,0.2.1
citestR,0.1.1
cities,0.1.3
CITMIC,0.1.3
cito,1.1
ciTools,0.6.1
citrus,1.0.2
citsr,0.1.3
ciu,0.8
ciuupi,1.2.3
ciuupi2,1.0.1
civ,0.1.0
civic.icarm,0.3.0
civis,3.1.4
ciw,0.0.2
CJAMP,0.1.1
cjar,0.2.1
cjbart,0.3.2
CJIVE,0.1.0
cjoint,2.1.3
ckanr,0.7.0
CKAT,0.1.0
CKLRT,0.2.3
Ckmeans.1d.dp,4.3.5
CKNNRLD,0.1.4
CLA,0.96-3
Claddis,0.7.0
cladoRcpp,0.15.1
ClaimsProblems,1.0.0
clam,2.6.3
clampSeg,1.2-0
ClamR,2.1-3
clap,0.1.0
clarabel,0.11.2
clarifai,0.4.2
clarify,0.2.3
clarkeTest,0.2.0
class,7.3-23
ClassComparison,3.3.5
ClassDiscovery,3.4.9
classGraph,0.7-7
classicaltest,0.7.5
ClassificationEnsembles,1.0.2
classifierplots,1.4.0
classifly,0.4.3
ClassifyITS,1.0.2
classInt,0.4-11
classmap,1.2.7
CLAST,1.0.1
clayringsmiletus,1.0.2
clc,1.0.0
cld,0.0.1
cld2,1.2.6
cld3,1.6.1
clda,0.1
clean,2.0.0
CleanBSequences,2.3.0
cleancall,0.1.4
cleandata,0.3.0
cleanepi,1.1.2
cleaner,1.5.5
Cleanet,1.0.0
cleangeo,0.3-1
CleaningValidation,1.0
cleanNLP,3.1.0
cleanr,1.4.0
cleanrmd,0.1.1
cleanTS,0.1.2
cleaR,0.0.4
clevr,0.1.2
clhs,0.9.2
cli,3.6.6
cliapp,0.1.2
CLIC,0.1
clickableImageMap,1.0
clickb,0.1
ClickClust,1.1.6
ClickHouseHTTP,1.0.0
clickR,0.9.45
clickstream,1.3.4
clidamonger,1.6.0
clidatajp,0.5.2
cliff,0.1.2
clifford,1.2-0-1
CliftLRD,0.1-2
clim4health,0.1.0
climaemet,1.6.0
ClimaRep,1.1
climate,1.3.0
climatehealth,1.0.3
climatekit,0.2.0
climateStability,0.1.4
climatestatsr,0.1.2
climatol,4.5-0
climatrends,1.2
ClimClass,2.1.1
CLimd,0.1.0
clime,0.5.0
climenu,0.1.7
climetrics,1.0-15
climextRemes,0.3.1
ClimInd,0.1-3
ClimMobTools,1.8.2
climniche,0.0.1
climodr,1.0.0
ClimProjDiags,0.3.5
climwin,1.2.33
clinCompare,1.0.0
clinDataReview,1.6.2
clinDR,2.5.2
clinfun,1.1.5
clinical,0.1
clinicalfair,0.1.0
clinicalomicsdbR,1.0.6
clinicalsignificance,3.0.0
ClinicalTrialSummary,1.1.1
ClinicalUtilityRecal,0.1.0
clinify,0.3.1
clinmon,0.6.0
clinPK,0.13.0
clinpubr,1.4.0
clinsig,1.2
ClinSigMeasures,1.2
clinspacy,1.0.2
clintools,0.9.10.1
clinTrialData,0.1.3
ClinTrialPredict,0.0.4
clintrialx,0.1.1
clinUtils,0.2.2
cliot,1.0.0
clipp,1.1.1
clipr,0.8.1
CliquePercolation,0.4.0
clisymbols,1.2.0
clitable,0.1.0
CLME,2.0-13
clmplus,1.0.1
clmstan,0.1.2
clock,0.7.4
clockify,0.1.7
clockplot,0.8.3
clogitboost,1.1
clogitL1,1.5
cloneRate,0.2.3
CloneSeeker,1.0.16
CLONETv2,2.2.1
clootl,0.1.4
clordr,1.7.2
closeloop,0.1.0
cloudfs,0.1.3
cloudml,0.7.1
cloudosR,0.2.0
cloudstoR,0.2.0
cloudUtil,0.1.12
clptheory,1.0.0
clr,0.1.2
CLRtools,0.1.1
CLSIEP15,0.1.0
clttools,1.3
clubpro,0.6.2
clubSandwich,0.7.0
clue,0.3-68
ClueR,1.4.2
clugenr,1.0.4
CluMP,0.8.1
ClusBoot,1.2.2
clusEvol,1.0.1
ClusPred,1.1.0
clusrank,1.0-4
ClusROC,1.0.3
ClussCluster,0.1.0
clust.bin.pair,0.1.2
clustAnalytics,0.5.5
ClustAssess,1.1.0
ClustBlock,6.0.0
ClusTCR2,1.7.3.01
clustcurv,3.0.1
clustEff,0.3.1
cluster,2.1.8.2
cluster.datasets,1.0-1
clusterability,0.2.3.0
ClusterBootstrap,2.0.0
clusterCrit,1.3.0
clusteredMSM,0.1.0
ClusteredMutations,1.0.2
clusterGeneration,1.3.8
clusterGGM,0.1.1
clusterindices,1.0
Clustering,1.7.10
clustering.sc.dp,1.1
clusterIV,0.1.0
clusterMI,1.6
clustermole,1.1.1
clustermq,0.10.1
clusternomics,0.1.1
ClusterR,1.3.6
ClusterRandSSAdj,1.0.0
ClusterRankTest,1.0
clusterRepro,0.9
clusterSEs,2.6.6
clusterSim,0.51-6
ClusterStability,1.0.4
clustertend,1.7
clusterv,1.1.1
ClusterVAR,0.0.8
clusterWebApp,0.1.3
ClustGeo,2.1
ClustImpute,0.2.4
clustlearn,1.0.0
ClustMC,0.1.2
clustMD,1.2.2
clustMixType,0.5-2
clustNet,1.2.0
ClustOfVar,1.2
clustord,2.0.1
ClusTorus,0.2.2
clustra,0.2.1
clusTransition,1.0
clustrd,1.4.0
clustree,0.5.1
clustringr,1.0
CLUSTShiny,0.1.0
clustTMB,0.1.0
clustur,0.1.4
ClustVarLV,2.1.1
clustvarsel,2.3.5
clValid,0.7
CLVTools,0.12.1
cmaes,1.0-12
cmaesr,1.0.3
cmahalanobis,1.0.0
cmAnalysis,1.0.3
CMAPSS,0.1.1
CMapViz,0.1.0
cmaRs,0.1.4
CMatching,2.4
cmbClust,0.0.2
cmdfun,1.0.2
CMF,1.0.3
cmfrec,3.5.1-3
CMFsurrogate,1.1
CMGFM,1.1
cmgnd,0.1.1
cmhc,0.2.10
CMHNPA,1.1.1
CMHSU,0.0.6.9
CMIP6VisR,1.0.0
cml,0.3.1
CMLS,1.1
cmm,1.0
cmmr,1.0.3
CMMs,1.0.0
cmna,1.0.5
cmocean,0.3-2
CMplot,4.5.1
cmpp,0.0.2
cmprsk,2.2-12
cmprskcoxmsm,0.2.1
cmprskQR,0.9.3
cmpsR,0.1.2
cmR,1.1
cms,0.1.0
cmsaf,3.6.0
cmsafops,1.4.3
cmsafvis,1.3.0
CMShiny,0.1.0
cmstatr,0.10.0
cmstatrExt,0.4.1
cmtest,0.1-2
CMTFtoolbox,1.0.1
cmtkr,0.2.3
cmvnorm,1.1-1
cna,4.0.3
CNAIM,2.1.4
cnaOpt,0.5.3
cnbdistr,1.0.1
cncaGUI,1.1
cnd,0.1.1
cnefetools,0.2.5
CNID,2.1.1
CNLTreg,0.1-2
CNLTtsa,0.1-2
cnmap,0.1.2
cNORM,3.6.0
CNprep,2.2
CNPS,1.0.0
CNSigs,0.1.1
cnum,0.1.5
CNVreg,1.0
CNVRG,1.0.0
CNVScope,3.7.6
coala,0.7.2
coalescentMCMC,0.4-4
CoalescentPhylo,0.1.0
coalitions,0.6.27
COAP,1.3
coarseDataTools,0.7.2
CoastlineFD,1.1.2
coat,0.2.2
cobalt,4.6.3
cobenrich,1.0.1
cobiclust,0.1.2
cobin,1.0.1.4
cobs,1.3-9-1
cocktailApp,0.2.4
CoClust,1.0-0
coconots,2.0.3
cocons,0.1.5
cocoon,0.3.1
cocor,1.1-4
cocorresp,0.4-6
cocosoR,0.1.0
cocotest,1.0.3
cocron,1.0-1
coda,0.19-4.1
coda.base,1.0.6
coda.pack,0.1.3
coda.plot,0.2.2
coda4microbiome,0.2.4
codacore,0.0.4
CoDaImpact,0.1.0
codalm,0.1.3
CoDaLoMic,0.1.1
codaredistlm,0.1.0
CodataGS,1.43
cOde,1.1.1
codebook,0.10.1
codebookr,0.1.9
codebreaker,1.0.1
codeCollection,0.1.3
codecountR,0.0.4.8
CodeDepends,0.6.7
codelist,0.1.0
CodelistGenerator,4.0.2
codemeta,0.1.1
codemetar,0.3.7
codename,0.5.0
codep,1.2-4
coder,0.13.10
codestral,0.0.2
codetools,0.2-20
codewhere,0.1.1
codexcopd,0.1.0
codez,1.0.0
codified,0.3.0
CoDiNA,1.1.2
codingMatrices,0.4.0
codyn,2.0.5
codyna,0.1.0
coefa,1.0.3
coefficientalpha,0.7.2
coefplot,1.2.9
coenocliner,0.2-4
coenoflex,2.2-0
cofad,0.3.3
coFAST,0.3.0
coffee,0.4.3
cofid,1.0.0
CoFM,1.1.4
coga,1.2.3
cogirt,1.0.0
coglasso,1.1.0
coglyphr,1.1.0
cogmapr,0.9.5
cognitoR,1.0.5
cograph,2.3.6
cohetsurr,2.0
cohortBuilder,1.0.0
CohortCharacteristics,1.1.3
CohortConstructor,0.6.3
CohortContrast,1.0.0
CohortGenerator,1.1.0
CohortMethod,6.0.3
CohortPlat,1.0.5
cohorts,1.0.1
CohortSurvival,1.1.2
CohortSymmetry,0.3.0
cohorttools,0.1.8
CoImp,2.2
coin,1.4-4
coinmarketcapr,0.4
CoinMinD,1.2.1
Coinprofile,0.1.9
COINr,1.1.14
COINT,0.0.4
cointests,1.0.0
cointmonitoR,0.1.0
cointReg,0.2.0
cointsmall,1.0.2
col2hex2col,0.5.3
cold,2.0-3
coldrift,0.1.1
collapse,2.1.7
collapsibleTree,0.1.8
collateral,0.5.2
collatz,1.0.0
collections,0.3.12
collegeScorecard,0.2.0
collett,0.1.2
colleyRstats,0.1.2
collidr,0.1.3
collin,0.0.4
collinear,3.0.2
CollocInfer,1.0.5
collpcm,1.4
coloc,5.2.3
colocalization,1.0.2
colocalized,0.2.0
colocboost,1.0.9
colocPropTest,0.9.3
ColombiAPI,0.4.0
ColOpenData,1.0.0
colorblindcheck,1.0.4
colorBlindness,0.1.9
colorDF,0.1.7
colordistance,1.1.2
colorednoise,1.1.2
colorfast,1.0.1
colorfindr,0.1.6
colorhcplot,1.5.1
colorify,0.1.2
colorist,0.1.3
colorize,0.2.1
colorizer,0.1.0
colormap,0.1.4
ColorNameR,0.1.0
colorplane,0.6.0
colorr,1.0.0
colorRamp2,0.1.1
colorRamps,2.3.4
colorrepel,0.4.3
colors3d,1.0.1
colorscience,1.0.9
colorsGen,1.0.0
colorspace,2.1-2
colorSpec,1.8-0
Colossus,1.5.1
colouR,0.1.1
colourlovers,0.3.6
colourpicker,1.3.0
colourspace,0.1.1
colourvalues,0.3.11
colourvision,2.1.0
COLP,1.0.0
cols,1.7
cols4all,0.10
colt,0.1.1
comat,0.9.7
comato,1.1
COMBAT,0.0.4
combat.enigma,1.1.1
ComBatFamQC,1.0.6
combcoint,0.2.0
combinat,0.0-8
combinatorics,0.1.0
combinedevents,0.1.1
CombinePortfolio,0.4
CombinS,1.2
combiroc,0.3.4
combiter,1.0.3
COMBO,1.2.0
combss,0.1.0
comclim,0.9.6
cometr,0.4.0
comets,0.2-2
comexr,0.3.0
comf,0.1.12
comFuncs,0.0.6
ComICS,1.0.4
CoMiRe,0.8
COMIX,1.0.2
COMMA,1.1.1
commafree,0.2.0
command,0.1.3
CommEcol,1.8.1
commecometrics,1.1.1
CommKern,1.0.1
common,1.1.5
CommonDataModel,1.0.1
CommonJavaJars,1.1-0
commonmark,2.0.0
CommonMean.Copula,1.0.4
commonsMath,1.2.8
comorbidity,1.1.0
comorbidPGS,1.0.0
comorosmaps,1.6.1
Comp2ROC,1.1.4
comparator,0.1.4
compare,0.2-6
compareC,1.3.3
CompareCausalNetworks,0.2.6.2
compareCstat,0.1.0
CompAREdesign,2.4.0
compareDF,2.3.5
compareGroups,4.10.2
compareMCMCs,0.6.0
CompareMultipleModels,0.1.0
CompareTests,1.3
comparison,1.0.8
ComparisonSurv,1.1.1
compas,0.1.1
CompClassMetrics,1.0.1
compdb,0.0.1
CompDist,1.0
comperank,0.1.1
comperes,0.2.7
competitiontoolbox,0.7.1
CompExpDes,1.0.9
CompGR,0.1.3
comphy,1.0.5
Compind,3.5
compIndexBuilder,1.0.0
compindexR,0.1.4
compindPCA,0.1.0
completejourney,1.1.1
complex,1.0.2
complexity,1.1.2
complexlm,1.1.3
complexNet,0.2.0
complexr,1.0.1
ComplexUpset,1.3.3
complmrob,0.7.1
CompModels,0.3.0
COMPoissonReg,0.8.1
CompositeReliability,1.0.3
compositeReliabilityInNestedDesigns,1.0.4
Compositional,8.2
compositional.mle,2.0.0
CompositionalClust,1.3
CompositionalHDDA,1.0
CompositionalML,1.0
CompositionalNAimp,1.1
CompositionalRF,1.6
CompositionalSR,1.4
compositions,2.0-9
compound.Cox,3.33
CompoundEvents,1.0
CompPareto,0.1.0
CompQuadForm,1.4.4
CompR,1.0
comprehenr,0.6.10
compute.es,0.2-6
ComradesM,0.1.1
ComRiskModel,0.2.0
comsimitv,0.1.5
comstab,0.0.3
comtrade,0.1.0
comtradr,1.0.5
con2aqi,0.1.0
con2lki,0.1.0
concatipede,1.0.1
concaveman,1.2.0
ConconiAnaerobicThresholdTest,1.0.0
concordance,2.0.0
ConcordanceTest,1.0.3
concorR,0.2.1
concstats,0.1.6
CONCUR,1.5
cond,1.2-4
condathis,0.1.4
CondCopulas,0.2.0
condensr,1.0.0
condformat,0.10.1
condGEE,0.2.0
condir,0.1.4
CondiS,0.1.2
conditionalProbNspades,1.0
conditionz,0.1.0
condMVNorm,2025.1
CondMVT,0.1.1
condor,3.0.2
condorOptions,1.0.1
condSURV,2.0.4
condTruncMVN,0.0.3
conductor,0.1.2
condvis,0.5-2
condvis2,0.1.2
coneproj,1.23
conf,1.9.3
conf.design,2.0.0
confcons,0.3.2
confidence,1.1-3
confidenceCurves,0.2.0
ConfidenceEllipse,1.1.0
config,0.3.2
ConfigParser,1.0.0
configr,0.3.5
configulaR,0.1.1
configural,0.1.5
confinterpret,1.0.0
confintr,1.0.2
confintROB,1.1-1
conflicted,1.2.0
ConFluxPro,1.3.1
ConfMatrix,0.2.1
confMeta,0.1.1
conforest,2.0.1
conformalbayes,0.1.4
conformalForecast,0.1.1
conformalInference.fd,1.1.1
conformalInference.multi,1.1.2
conformalpvalue,0.1.0
ConformalSmallest,1.0
confoundvis,0.1.0
confreq,1.6.1-3
ConfusionTableR,1.0.4
congress,0.1.0
CongressData,1.5.5
CongreveLamsdell2016,1.0.3
CoNI,0.1.0
conicfit,1.0.4
Conigrave,0.4.4
conjoint,1.42
ConjointChecks,0.2.0
conjurer,1.7.1
conleyreg,0.1.9
conmet,0.1.0
conMItion,0.4.0
ConNEcT,0.7.27
connectapi,0.12.1
connectcreds,0.2.0
connected,1.1
ConnectednessApproach,1.0.4
Connection,0.1.0
connections,0.2.1
connectoModa,1.0.0
connector,1.0.0
connector.databricks,0.1.0
connector.sharepoint,0.1.0
connectwidgets,0.2.1
ConnMatTools,0.3.5
conos,1.5.4
conover.test,1.1.7
conquer,1.3.3
conquestr,1.5.5
conrad,1.0.0.1
ConSciR,0.3.0
ConsensusClustering,1.5.0
ConsensusOPLS,1.1.0
conserveR,1.0.4
consibiocloudclient,1.0.0
consolechoice,1.1.1
consolidatePacks,1.0.0
consort,1.2.3
consortr,0.9.1
ConSpline,1.2
ConsRank,3.0
ConsRankClass,1.0.2
ConsReg,0.1.0
consrq,1.0
constants,2022.0
constellation,0.2.0
constrainedKriging,0.2-11
conStruct,1.0.6
constructive,1.3.0
contactdata,1.1.0
contactsurveys,0.1.0
contagionchannels,0.1.3
container,1.1.0
containr,0.1.3
ContaminatedMixt,1.3.8
contdid,0.1.0
contentanalysis,1.1.1
contentid,0.0.19
contentValidity,0.2.0
conText,3.0.1
contextFind,1.0.1
contfrac,1.1-12
contFracR,1.2.1
contingency,0.0.10
contingencytables,3.1.0
contoso,2.1.0
contourforest,0.2.0
ContourFunctions,0.1.2
contourPlot,0.2.0
contrast,0.24.2
contrastable,1.1.0
conTree,0.3-1
ContRespPP,0.4.2
contribution,0.2.2
control,0.2.5
controlfunctionIV,0.1.1
controlTest,1.1.0
contsurvplot,0.2.3
contTimeCausal,1.1
convdistr,1.6.3
ConvergenceClubs,2.2.5
ConvergenceConcepts,1.2.3
convergenceDFM,0.3.2
convergEU,0.7.3.2
ConversationAlign,0.4.1
conversim,0.1.0
convertBCD,1.0
convertbonds,0.1.0
convertid,0.3.0
ConvertPar,0.1
convertr,0.1
convevol,2.2.1
convey,1.0.1
Convolutioner,0.1.0
convoSPAT,1.2.7
cooccure,0.1.1
CooccurrenceAffinity,2.0.0
cookie,1.0.0
cookiecutter,0.1.0
cookiemonster,0.1.0
cookies,0.2.3
cooltools,2.18
coop,0.6-3
CoopGame,0.2.2
CoordinateCleaner,3.0.1
CooRTweet,2.1.2
copBasic,2.2.14
copCAR,2.0-4
copcor,2024.7-31
CopCTS,1.0.0
cope,0.2.3
copent,0.5
CopernicusClimate,0.0.5
CopernicusDataspace,0.0.3
CopernicusDEM,1.0.5
CopernicusMarine,0.4.7
copernicusR,0.1.0
cophescan,1.4.3
copre,0.2.2
cops,1.12-1
copula,1.1-7
Copula.Markov,2.9
Copula.Markov.survival,1.0.0
Copula.surv,3.1
copulaboost,0.1.0
CopulaCenR,1.2.4
copulaData,0.0-2
CopulaGAMM,0.6.5
CopulaInference,0.5.0
copulareg,0.1.0
CopulaREMADA,1.7.5
CopulaSCR,1.0.1
copulaSFM,0.2.0
copulaSim,0.0.1
copulaSQM,0.1.0
copyseparator,1.2.0
COR,0.2.0
cora,0.1.0
coRanking,0.2.5
corazon,0.1.0
corbouli,0.1.5
corclass,0.2.1
cord,0.2.0
cordillera,1.0-3
CORE,3.2
coreCT,1.3.3
coreheat,0.3.2
corehunter,3.2.3
CORElearn,1.57.3.1
corella,0.1.4
corels,0.0.5
CoreMicrobiomeR,0.1.0
coreNLP,0.4-3
coreSim,0.2.4
coresynth,0.2.4
corHMM,2.8
corkscrew,1.1
corlink,1.0.0
CorMID,0.3.1
corMLPE,0.1.0
corncob,0.4.2
cornet,1.0.0
coro,1.1.0
coroICA,1.0.2
corona,0.3.0
coronavirus,0.4.1
corpcor,1.6.10
CORPlot,1.0.2
corpmetrics,1.0
corpora,0.7
corporaexplorer,0.9.0
CoRpower,1.0.4
corpustools,0.5.2
corr2D,1.0.3
CorrBin,1.6.2
corrDNA,1.0.1
correctedAUC,0.0.3
CorrectedFDR,1.1
CorrectOverloadedPeaks,1.3.5
correctR,0.3.1
correctref,0.0.2
correlatio,0.2.1
correlation,0.8.8
correlationfunnel,0.2.0
correlationr,0.1.0
correlbinom,0.0.1
Correlplot,1.1.3
correspondenceTables,1.0.2
corrfuns,1.2
corrgram,1.15
corrMCT,0.2.0
corrmeta,1.0.1
CorrMixed,1.1
corrplot,0.95
corrr,0.4.5
corrRF,1.1.0
corrselect,3.2.1
corrsieve,1.6-9
corrtable,0.1.1
CorrToolBox,1.6.4
corrViz,0.1.0
corset,0.1-5
corTest,1.0.7
corTESTsrd,1.0-0
corteza,0.7.0
corto,1.2.4
CortSineScore,0.1.0
corx,1.0.7.3
cosa,2.1.0
cosCorr,1.0.0
cosimmr,1.0.12
cosinor,1.2.3
cosinor2,0.2.1
cosmic,0.5
cosmicsig,1.3.1
cosmoFns,1.1-2
CoSMoS,2.2.0
cosso,2.1-2
cossonet,1.0
COST,0.1.0
costat,2.4.1
costsensitive,0.1.2.10
CoTiMA,1.0.2
cotram,0.6-1
cotrend,1.0.2
COUNT,1.3.5
countcolors,0.9.1
countdata,1.3
countDM,0.1.0
countdown,0.6.0
Counterfactual,1.2
counterfactuals,1.0.0
Counternull,0.2.12
countfitteR,1.5
countgmifs,0.0.2
countHMM,0.1.0
countland,0.1.2
countmaskr,0.1.1
countprop,1.1.1
Countr,3.6.1
countries,1.2.3
countryatlas,1.0.0
countrycode,1.8.0
CountsEPPM,3.1
countsplit,4.0.0
countSTAR,1.2.0
countts,0.1.0
countyhealthR,0.1.5
coupling,0.1
couplr,1.4.1
courieR,0.3.1
covadap,1.0.1
covafillr,0.4.4
covalchemy,1.0.0
covatest,1.2.5
covBM,0.1.0
CovCorTest,1.1.0
coveffectsplot,1.0.7
covequal,0.1.0
COveR,1.1.0
coveR2,1.0.0
covercorr,1.1.0
CovEsts,1.1.0
covfefe,1.0.0
covglasso,1.0.3
COVID19,3.0.4
covid19.analytics,2.1.3.3
covid19br,1.0.0.1
covid19dbcand,0.1.1
covid19france,0.1.0
covid19india,0.1.4
covid19italy,0.3.1
covid19sf,0.1.2
covid19srilanka,1.1.0
covid19tunisia,0.1.0
covid19us,0.1.9
covidcast,0.5.3
COVIDIBGE,0.2.2
CovidMutations,0.1.3
covidnor,2023.05.18
covidprobability,0.1.0
covidsymptom,1.0.0
covKCD,0.1
covr,3.6.5
covRobust,1.1-3
CovSel,1.2.2
covsep,1.1.1
covsim,1.1.0
CovTools,0.5.6
covtracer,0.0.2
cowbell,0.1.0
cowfootR,0.1.3
cowplot,1.2.0
cowsay,1.2.2
cox.rvph,0.1.1
CoxAIPW,0.0.3
CoxBcv,0.0.1.0
CoxBoost,1.5.1
coxerr,1.1
CoxICPen,1.1.0
CoxLikelihood,0.1.0
coxme,2.2-22
CoxMK,0.1.1
Coxmos,1.1.5
coxphf,1.13.4
coxphm,0.2.1
coxphSGD,0.2.1
coxphw,4.0.3
CoxPlus,1.5.7
coxrobust,1.0.2
coxsei,0.4
coxstream,0.1.0
CP,1.8
cp1919,0.1
cp4p,0.3.6
cpa,1.0.1
cpam,0.2.1
CPBayes,1.1.0
CPC,2.6.2
CPCAT,1.0.0
cpd,0.3.3
CPE,1.6.3
cpfa,1.3.0
CpGassoc,2.70
CpGFilter,1.1
cpgfR,0.0.1.0
CPGLIB,1.1.2
cpi,0.1.5
cplm,0.7-12.1
cplots,0.5-0
cpm,2.3
cpmBigData,0.0.2
CPMCGLM,1.2
CpmERCCutoff,1.0.0
cpmr,0.1.1
CPNCoverageAnalysis,1.1.0
cpop,1.0.9
CPoptim,0.1.0
CPP,0.1.0
cpp11,0.5.5
cpp11armadillo,0.5.4
cpp11bigwig,0.3.1
cpp11eigen,0.2.0
cpp11qpdf,1.3.5
cpp4r,1.0.0
cppally,1.0.0
cppcheckR,1.0.0
cppcontainers,1.0.5
cppdoubles,0.4.0
cppRouting,3.2
cppSim,0.2
cpr,0.4.1
cprobit,1.0.2
cprr,0.2.0
cPseudoMaRg,1.0.1
cpsR,1.0.0
CPsurv,1.0.0
cpsurvsim,1.2.2
cpsvote,0.2.0
cpt,1.0.2
cptcity,1.1.1
CptNonPar,0.3.2
cqrReg,1.2.1
cquad,2.3
CR2,0.2.1
CRABS,1.2.0
craftgrn,0.1.7
cragg,0.0.1
cramer,0.9-4
cramR,0.1.1
crandep,0.3.13
crane,0.3.2
crank,1.1-2
cranlike,1.0.3
cranlogs,2.1.1
cranly,0.6.0
CRANsearcher,1.0.0
crassmat,0.0.6
crawl,2.3.1
crawlee,0.1.0
crayon,1.5.3
crayons,0.0.4
CRBHSF,0.1.0
crc32c,0.0.3
crch,1.2-2
crctStepdown,0.5.2
CRE,0.2.7
cre.dcf,0.0.5
CREAM,1.1.1
createLogicalPCM,0.1.0
credentials,2.0.3
CRediTas,0.3.0
creditr,0.6.2
CreditRisk,0.1.7
CREDS,0.1.0
credsubs,1.1.1
credule,0.1.4
creepyalien,1.0.0
crew,1.3.1
crew.aws.batch,0.1.0
crew.cluster,0.4.0
cricketdata,0.3.0
cricketr,0.0.26
crimCV,1.0.0
crimedata,0.3.5
crimedatasets,0.1.0
crimeutils,0.5.1
crisp,1.0.0
crispRdesignR,1.1.7
criticality,0.9.3
criticalpath,0.2.1
critpath,0.2.3
crm12Comb,0.1.12
CRMetrics,0.3.3
crmn,0.0.21
crmPack,2.2.0
crmReg,1.0.4
crochet,2.3.0
cromwellDashboard,0.5.1
Cronbach,0.4
crone,0.1.1
cronologia,0.2.0
cronR,0.6.5
crookR,0.1.0
crop,0.0-3
CropBreeding,0.1.0
cropcircles,0.2.4
cropdatape,1.0.0
cropDemand,1.0.3
cropgrowdays,0.2.2
crops,1.0.3
CropScapeR,1.1.5
CropWaterBalance,0.2.0
cropZoning,1.0.3
CrossCarry,1.2.0
CrossClustering,4.1.3
crossdes,1.1-2
CrossExpression,1.0.0
crossfit,0.1.3
crosshap,1.4.0
crosslag,0.1.0
crossmap,0.5.0
crossmatch,1.4-0
crossnma,1.3.1
Crossover,0.1-22
crossrun,0.1.1
crosstable,0.9.0
Crosstabs.Loglinear,0.1.1
crosstalk,1.2.2
crossurr,1.1.2
crossval,1.0.5
CrossValidate,2.3.5
crossvalidationCP,1.1
crosswalkr,0.4.0
crov,0.3.0
crqa,2.1.0
crrcbcv,1.0
crrSC,1.1.2
crrstep,2025.1.1
crs,0.15-45
crseEventStudy,1.2.2
crsmeta,0.3.0
crsnls,0.2
crstools,1.0.0
crsuggest,0.4
crt2power,1.2.2
CRTConjoint,0.1.0
CRTgeeDR,2.0.1
CRTSize,1.2
CRTspat,1.4.0
crul,1.6.0
crumble,0.1.2
crunch,1.31.2
cruts,1.1
crwbmetareg,1.0
cry,0.5.2
crypto2,2.0.5
cryptography,1.0.0
cryptoQuotes,1.3.4
cryptorng,0.1.4
cryptotrackr,1.3.3
cryptoverse,0.1.0
cryptowatchR,0.2.0
CryptRndTest,1.2.7
crystract,1.0.2
csa,0.7.1
csalert,2024.6.24
csampling,1.2-4.1
csbewma,1.0.1
CsChange,0.1.7
csci,0.9.3
CSclone,1.0
CSCNet,0.1.4
csdata,2026.7.2
csdb,2026.5.13
csdm,1.0.1
CSDownscale,0.0.3
cSEM,0.6.1
csemGT,1.0.0
CSeqpat,0.1.2
CSeQTL,1.0.1
CSESA,1.2.0
cshapes,2.0
CSHShydRology,1.5.0
CSIndicators,1.2.0
csmaps,2025.8.21
csmbuilder,0.1.0
CSMES,1.0.1
csmGmm,0.5.0
csmpv,1.0.5
csn,1.1.3
csodata,1.5.1
cspp,0.3.3
csppData,0.2.61
csquares,0.1.0
csranks,1.2.3
cssTools,1.0
cstab,0.2-2
CSTE,3.0.0
cstidy,2025.10.27
cstime,2025.10.13
CSTools,5.3.2
csurvey,1.14
csutil,2023.4.25
csv,0.6.2
csvread,1.2.3
csvwr,0.1.7
csvy,0.3.0
CSwR,0.1.3
ctablerseh,1.1.2
ctbi,2.0.5
CTD,1.3
CTE,0.1.5
ctf,0.1.0
ctgdist,0.1.0
ctgt,2.0.1
cthist,2.1.12
cthreshER,1.1.0
ctl,1.0.0-10
ctlr,0.1.0
ctmcd,1.4.4
ctmcmove,1.2.10
cTMed,1.0.9
ctmle,0.1.2
ctmm,1.3.0
ctmva,1.6.0
CTNote,0.1.0
ctoclient,0.1.0
cTOST,1.0.1
ctqr,2.2
ctrdata,1.26.1
ctrialsgov,0.2.7
CTRing,0.1.0
ctrlGene,1.0.1
ctrlvee,0.1.0
cts,1.0-26
ctsem,3.11.0
ctsemOMX,2.0.0
ctsfeatures,1.2.2
CTShiny,0.1.0
CTShiny2,0.1.0
ctsmTMB,1.0.1
CTT,2.3.4
CTTShiny,0.1
CTTvis,0.1.1
ctv,1.0-0
CTxCC,0.4.0
ctxR,1.1.3
ctypesio,0.1.3
CUB,1.1.5
cubar,1.2.0
cubature,2.1.4-1
cubble,1.0.0
cubelyr,1.0.2
cubeview,0.4.1
cubfits,0.1-4
cubicBsplines,1.0.0
cubing,1.0-5
Cubist,0.6.0
cucumber,2.1.1
cuda.ml,0.3.3
CUFF,1.9
CUMP,2.0
cumprinc,0.1
cumulcalib,0.0.1
cuperdec,1.1.0
cuRe,1.1.1
CureDepCens,0.1.0
curephEM,0.3.2
cureplots,1.1.1
curesurv,0.1.2
curl,7.1.0
currencyapi,0.1.0
currentSurvival,1.1
CurricularAnalytics,1.0.0
CurricularComplexity,1.0.2
CurricularComplexityData,0.2.0
curriculr,0.3.0
currr,0.1.2
curry,0.1.1
cursr,0.1.0
curtailment,0.2.6
curveDepth,0.1.0.16
curves,0.4.0
curvHDR,1.2-2
curvir,0.1.1
cusp,2.3.8
custom.gauss.quad,1.0.0
CustomDerivative,0.1.1
CustomerScoringMetrics,1.0.0
customiser,0.1.1
customizedTraining,1.3
customknitrender,1.0.2
CustosAscensor,0.1.0
cusumcharter,0.1.0
CUSUMdesign,1.1.8
cutoff,1.3
CUtools,0.1.0
cutpoint,1.0.0
cutpointr,1.2.1
CutpointsOEHR,0.1.2
cv,2.0.6
cvap,0.1.6
cvar,0.6
cvasi,1.5.1
cvAUC,1.1.4
cvCovEst,1.2.2
cvcqv,1.0.4
cvcrand,0.1.1
CVD,1.0.2
cvdprevent,0.2.5
cvequality,0.2.0
cvGEE,0.3-0
CVglasso,1.0.1
cvLM,2.0.0
cvmaPLFAM,0.1.1
cvmdisc,0.1.0
cvmgof,1.0.3
CvmortalityMult,1.1.1
cvms,2.0.1
CVrisk,1.2.1
cvsem,1.0.0
CVST,0.2-3
CVThresh,1.1.2
cvTools,0.3.3
CVXR,1.9.1
cwot,0.1.0
CWT,0.2.1
cxr,1.1.1
cxreg,1.1.2
cxxfunplus,1.0.2
cyclestreets,1.0.3
cyclicwave,0.1.0
cyclocomp,1.1.2
cycloids,1.0.2
cyclomort,1.0.3
Cyclops,3.7.1
cyclotomic,1.3.0
cyjShiny,1.0.42
cylcop,0.2.1
cymruservices,0.5.0
cyphr,1.1.7
cystiSim,0.1.0
CytobankAPI,2.2.1
cytofan,0.1.1
cytometree,2.0.6
cytominer,0.2.2
CytoProfile,0.2.4
CytOpT,0.9.8
CytoSimplex,0.2.0
czechrates,0.2.5
czso,0.4.4
D3GB,2.0
D3mirt,2.0.5
d3Network,0.5.2.1
D3partitionR,0.5.0
d3plus,0.1.0
d3po,1.0.3
d3r,1.1.0
d3Tree,0.3.0
d4storagehub4R,0.4-5
D4TAlink.light,2.1.21
DA,1.2.0
DAAG,1.25.7
DAAGbio,0.63-4
daarem,0.7
dabestr,2025.3.15
dabr,0.0.4
dacc,0.0-7
dad,4.1.6
dadjoke,1.0
dadjokeapi,1.0.2
dados,0.1.1
dae,3.2.32
daewr,1.2-11
daff,1.1.1
dafs,1.0-38
DAGassist,0.2.8
dagHMM,0.1.1
dagirlite,0.1.0
dagitty,0.3-4
dagR,1.2.1
dagwood,0.1.4
dail,1.5.2
DAIME,2.1.3
daiquiri,1.2.1
daiR,1.2.0
DAISIE,4.6.0
DAISIEprep,1.0.1
DAKS,2.1-3
DALEX,2.5.3
DALEXtra,2.3.1
DALSM,0.9.1
daltoolbox,1.3.747
daltoolboxdp,1.3.757
DALY,1.5.0
dam,0.0.1
DamageDetective,1.0.0
damAOI,0.1
DamiaNN,1.0.0
DAMOCLES,2.3
dampack,1.0.2.1000
damr,0.3.8
DandEFA,1.6.1
DANDELION,0.1.0
dang,0.0.17
dani,0.1-1
DanielBiostatistics10th,0.2.6
dann,1.1.0
daoh,0.1.0
dapper,1.1.0
daqapo,0.3.2
DArand,0.0.1.2
Dark,0.9.9
DarkDiv,0.3.0
darksky,1.3.0
dartR,2.9.9.5
dartR.base,1.2.3
dartR.captive,1.2.2
dartR.data,1.2.2
dartR.popgen,1.2.2
dartR.sexlinked,1.2.2
dartR.sim,1.2.2
dartR.spatial,1.2.2
dartRverse,1.0.6
DasGuptR,2.1.0
dashboardthemes,1.1.6
Dasst,0.3.4
DAST,0.1.0
dat,0.7.0
data.checker,2.0.0
data.table,1.18.4
data.table.threads,1.0.1
data.tree,1.2.0
data.validator,0.2.1
data360r,1.0.9
DatabaseConnector,7.2.0
DatabaseConnectorJars,1.1.0
DatabionicSwarm,2.0.0
DataClean,1.0
datacleanr,1.0.5
datacommons,0.1.0
dataCompare,1.0.5
DataCraftR,0.3.2
datacult,0.1.0
datacutr,0.2.4
datadictionary,1.0.1
datadiff,0.5.0
DataDNA,0.1.0
datadogr,0.1.2
datadriftR,1.1.0
DataEditR,1.0.0
DataExplorer,0.9.0
dataframeexplorer,1.0.2
datafsm,0.2.4
DataFusionGDM,1.3.2
DataGraph,1.2.15
DataLoader,1.3
dataMaid,1.4.2
datamedios,1.2.3
DataMetProcess,1.0.8
datamods,1.5.3
dataMojo,1.0.0
datamuseum,0.1.0
datana,1.1.5
datanugget,1.4.0
dataonderivatives,0.4.0
dataone,2.3.0
datapack,1.4.2
datapackage,0.2.3
DataPackageR,0.16.2
datapasta,3.1.0
dataprep,0.1.5
dataPreparation,1.1.2
dataProfilerR,0.2.1
DataQualityDashboard,2.8.9
dataquieR,2.8.9
datardis,0.0.5
dataReporter,1.0.5
datareportR,0.1.2
dataresqc,1.1.1
dataRetrieval,2.7.25
datarium,0.1.0
datarobot,2.18.8
datasauRus,0.1.9
dataSDA,0.2.6
dataseries,1.0.0
dataset,0.4.5
datasetjson,0.3.0
datasets.load,2.3.0
datasetsICR,1.0
DataSetsUni,0.1
DataSetsVerse,0.1.0
DataSimilarity,0.4.0
DataSpaceR,1.0.0
dataspice,1.1.1
datastat,0.1.0
DatastreamDSWS2R,1.9.12
DatastreamR,2.0.4
DATAstudio,1.2.4
DataSum,0.1.1
datasusr,0.1.0
dataverifyr,0.1.11
dataverse,0.3.16
dataviewR,1.1.0
DataVisualizations,1.4.0
DataViz,0.2.8
datawizard,1.3.1
datazoom.amazonia,1.2.0
datazoom.social,0.1.1
date,1.2-43
date4ts,0.1.2
dateback,1.0.5
datefixR,2.0.1
daterangepicker,0.2.0
datetime,0.1.4
datetimeoffset,1.0.0
DateTimeRangePicker,1.1.0
datetimeutils,0.6-6
datetoiso,1.2.1
dateutils,0.1.5
datoramar,0.1.0
datos,0.5.1
datplot,1.1.1
datr,0.1.0
datrProfile,0.1.0
dauphin,0.3.2
dauR,1.0
Davies,1.2-1
dawai,1.2.8
dawaR,0.3.2
daymetr,1.7.1
days2lessons,0.1.3
daySupply,0.1.0
db2pq,0.0.4
dbacf,0.2.8
dbarts,0.9-33
DBCVindex,1.6
dbd,0.0-22
DBfit,2.0
dbGaPCheckup,1.1.0
dbglm,1.0.0
DBHC,0.0.3
dbhydroR,0.2-8
DBI,1.3.0
dbi.table,1.0.7
DBItest,1.8.2
dblcens,1.1.9
dBlockmodeling,0.2.3
DBmaps,0.1.0
dbMatrix,0.1.0
dbMC,1.0.0
DBModelSelect,0.2.0
dbmss,2.11-0
dbnlearn,0.1.0
DBNMFrank,0.1.0
dbnR,0.8.0
dbparser,2.2.1
dbplot,0.4.0
dbplyr,2.6.0
dbProject,0.1.1
DBR,1.4.1
dbrobust,1.0.0
dbscan,1.2.5
dbSpatial,0.1.2
dbstats,2.0.3
DBTC,0.1.0
dbw,1.1.4
dbWebForms,0.1.0
dbx,0.4.0
DCCA,0.1.1
dcce,0.4.2
DCchoice,0.2.0
dccmidas,0.1.2
dccpp,0.1.0
dceasimR,0.1.0
DCEM,2.0.6
DCEmgmt,0.0.1
DCEtool,1.2.1
DCG,0.9.3
DChaos,0.1-7
dChipIO,0.1.5
dci,1.0.3
dcifer,1.5.2
DCL,0.1.2
DCLEAR,1.0.13
dclone,2.3-3
dclust,0.1.0
DCluster,0.2-10
DClusterm,1.0-2
dcm2,1.0.2
dcmdata,0.2.0
dcmle,0.4-2
dcmodify,0.9.0
dcmstan,0.1.0
dcorBSS,1.0-0
dcortools,0.2.0
dcorVS,1.1
dcov,0.1.1
dCovTS,1.5
DCPO,0.5.3
dcsvm,0.0.1
dcTensor,1.3.1
dCUR,1.0.2
Dcurvature,0.0.3
dcurver,0.9.3
dcurves,0.5.1
dcvar,0.9.3
dda,0.1.1
ddalpha,1.3.16
ddc,1.0.1
DDD,5.2.5
dde,1.0.7
ddecompose,1.0.0
DDESONN,7.1.11
DDHFm,1.1.4
ddi,0.1.0
ddiv,0.1.1
DDIwR,0.19
DDL,1.0.2
DDM,1.0-0
ddml,0.3.1
ddModel,0.2.9.0
ddp,0.0.3
ddpca,1.1
ddpcr,1.16.0
ddplot,0.0.2
DDPM,0.1.0
DDPstar,1.0-1
DDRTree,0.1.6
ddsPLS,1.2.1
ddst,1.4
ddtlcm,0.2.1
deadband,0.1.0
deadwood,0.9.0-3
deal,1.2-42
deaR,1.5.4
deaviz,0.1.0
debar,0.1.1
DEBBI,0.1.0
debest,0.1.0
debiasedTrialEmulation,0.1.2
DebiasInfer,0.2.1
deBif,0.1.9
deBInfer,0.4.4
debkeepr,0.1.1
DeBoinR,1.0
debrief,0.1.0
debtkit,0.1.2
debugme,1.2.0
debugr,0.0.1
DeCAFS,3.3.5
DECIDE,1.3
decido,0.4.0
decision,0.1.0
DecisionDrift,0.1.0
decisionpaths,0.1.0
decisionSupport,1.115
deckgl,0.3.0
deckglgeoarrow,0.0.2
deckroadmap,0.1.5
declared,0.26
DeclareDesign,1.1.1
decode,1.2
decoder,1.2.3
decompML,0.1.1
decomposedPSF,0.2
DecomposeR,1.0.7
decompositionLE,1.0.0
decompr,6.9.0
deconvolveR,1.2-1
decor,1.0.2
DecorateR,0.1.2
decorators,0.3.0
decorrelate,0.1.6.4
decp,0.1.2
DedooseR,2.0.0.2
Deducer,0.9-2
deducorrect,1.3.7
deductive,1.0.1
DeductiveR,2.0.0
deduped,0.5.0
dedupewider,0.1.1
deep,0.1.0
deepdep,0.4.4
deepgmm,0.2.1
deepgp,1.2.1
deepImp,1.1.0
DeepLearningCausal,0.0.107
deeplr,2.1.0
deepMOU,0.1.1
deepnet,0.2.1
deepNN,1.2
deepRstudio,0.0.9
deepspat,0.3.1
deepSTRAPP,1.0.0
deeptime,2.3.1
deeptimedata,1.0.0
DEET,1.0.12
DEEVD,1.2.3
default,1.0.0
defineOptions,0.9
defineR,0.0.6
deFit,0.3.0
deflateBR,1.1.2
deflist,0.2.0
defm,0.2.1.0
deforestable,3.1.2
deform,1.0.1
degday,0.4.0
degradr,1.0.2
DegreeDayCalc,0.1.1
degreenet,1.3-7
degross,0.9.0
DEHOGT,0.99.0
deident,1.0.0
dejaVu,0.3.1
Delaporte,8.4.3
delarr,0.1.0
delaydiscount,0.0.1
delayed,0.5.0
DelayedEffect.Design,1.1.3
deldir,2.0-4
deliberr,0.1.3
delimtools,0.2.2
delma,0.1.2
Delta,0.2.0.3
deltaccd,1.0.2
DeltaMAN,0.5.0
deltapif,0.4.5
deltaPlotR,1.9
deltatest,0.2.0
DELTD,2.6.8
DEM,0.0.0.2
dematel,0.1.0
deming,1.4-1
DEmixR,0.1.1
DemoDecomp,1.14.1
demodelr,2.0.1
demofit,0.1.4
demogR,0.6.0
DemographicTable,0.2.3
demography,2.0.1
demoKde,1.0.1
demor,1.0.10
demoShiny,0.1
demovuln,0.1.0
demulticoder,0.1.2
dendextend,1.19.1
dendRoAnalyst,0.1.6
dendroextras,0.2.3
dendrometeR,1.1.1
dendrometry,0.0.4
dendroNetwork,0.5.5
DendroSync,0.1.5
dendroTools,1.2.16
DendSer,1.0.3
dendsort,0.3.4
denguedatahub,4.1.0
denim,1.2.3
denoiSeq,0.1.1
denovolyzeR,0.2.0
DENSaftertransform,0.1
denseFLMM,0.1.3
densEstBayes,1.0-2.2
densitr,0.2
densityarea,0.1.1
densityClust,0.3.3
densityratio,0.2.2
DensParcorr,1.1
densratio,0.3.1
denstest,1.0.1
denstrip,1.5.5
dentomedical,0.2.0
denvax,0.1.2
DEoptim,2.2-8
DEoptimR,1.2-0
depcache,0.1-2
DepCens,0.2.3
depCensoring,0.1.10
depcoeff,1.0.1
depend.truncation,3.0
dependentsimr,1.0.0.0
DepLogo,1.2.2
DEploid,0.5.7
DEploid.utils,0.0.1
DEplotting,0.1.0
DepMod,0.1.0
DEPONS2R,1.2.8
depower,2026.1.30
deprivateR,0.2.0
deps,0.4.1
depth.plot,0.1
DepthProc,2.1.6
depthR,0.1.8
depthTools,0.7
DER,1.5
DeRezende.Ferreira,0.1.2
Deriv,4.2.0
derivmkts,0.2.5.1
DES,1.0.0
DESA,1.0.0
desc,1.4.3
DeSciDe,1.0.3
descomponer,1.6
descr,1.1.9
describedata,0.1.1
DescribeDF,0.2.1
DescribeDisplay,0.2.11
describer,0.2.0
descriptio,1.5
DescriptiveRepresentationCalculator,1.1.1
DescriptiveStats.OBeu,1.3.2
DescriptiveWH,1.0.3
descriptr,0.6.0
descstat,0.1-2
descstatsr,0.1.0
descsuppR,1.2
descsuppRplots,1.0
desctable,0.3.1
DescTools,0.99.60
DescToolsAddIns,1.12
descutils,1.0
deseats,1.1.2
Design.parameters,0.1.0
designer,0.3.0
designit,0.5.0
DesignLibrary,0.1.10
designmatch,0.5.5
designr,0.1.13
designsize,0.1.0
Desimml,0.1.4
desiR,1.2.2
desirability,2.1
desirability2,0.2.0
desk,1.1.2
desla,0.3.1
DESNP,0.1.0
deSolve,1.42
despair,0.1.1
desplot,1.10
DET,3.0.3
details,0.4.0
detect,0.5-1
detectnorm,1.0.0
detector,0.1.0
detectors,0.1.0
detectR,0.3.0
detectRUNS,0.9.6
detectseparation,0.4.0
detectXOR,0.1.0
DetLifeInsurance,0.1.3
DetMCD,0.0.5
detourr,0.2.0
detpack,1.1.3
detrendeR,1.0.5
detrendr,0.6.15
deTS,1.0
detzrcr,0.3.3
devEMF,4.6
devFunc,0.1
devianLM,1.1.0
devkit,1.0.0
devoid,0.1.2
Devore7,0.7.6
devRate,0.2.6
devtools,2.5.2
DevTreatRules,1.1.0
DEXiR,1.0.2
dexisensitivity,1.0.2
dexter,1.7.2
dextergui,1.0.3
df2yaml,0.3.1
DFA,1.0.0
DFA.CANCOR,0.4.3
dfadjust,1.1.0
DFBA,0.1.0
dfcomb,3.1-5
dfCompare,1.0.0
dfcrm,0.2-2.1
DFD,0.4.0
dfeR,1.0.1
dfexpand,0.0.2
dfidx,0.2-0
DFIT,1.1
dfmirroR,2.2.0
dfms,1.0.1
dfmta,1.7-8
dfoliatR,0.3.0
dfoptim,2023.1.0
Dforest,0.4.2
dformula,1.0
dfphase1,1.2.0
dfr,0.1.6
dfrr,0.1.5
dfsaneacc,1.0.3
dfvad,0.3.6
dga,2.0.2
DGEAR,0.2.1
DGEobj,1.1.2
DGEobj.utils,1.0.6
dggridR,3.1.1
dglars,2.1.7
dglm,1.8.6
DGLMExtPois,0.2.4
dgof,1.5.1
DGP4LCF,1.0.0.1
dgpsi,2.6.0
DHARMa,0.5.0
DHBins,1.1
dhga,0.1
dhglm,2.0
dhmeasures,1.0
DHS.rates,0.9.2
dhsage,0.1.0
dHSIC,2.2
DHSr,0.1.0
di,1.1.4
diagcounts,0.1.0
diagFDR,0.1.1
diagis,0.2.3
diagL1,1.0.1
diagmeta,0.5-1
diagonals,6.4.0
diagram,1.6.5
DiagrammeR,1.0.12
DiagrammeRsvg,0.1
DiallelAnalysisR,0.6.0
dialr,0.4.2
dialrjars,9.0.21
dials,1.4.4
diaplt,1.4.0
diario,0.1.2
diathor,0.1.5
dibble,0.3.2
dice,1.2
DiceDesign,1.10
DiceEval,1.6.1
DiceKriging,1.6.1
DiceOptim,2.1.2
diceplot,0.2.2
dicepro,1.0.2
diceR,3.1.0
DICErClust,0.1.2
DiceView,4.0
dichromat,2.0-0.1
DICOMread,0.0.0.3
Dict,0.1.0
dictionaRy,0.1.1
did,2.5.0
did2s,1.2.1
DidacticBoost,0.1.1
didec,1.1.0
DiDforBigData,1.0
DIDHAD,2.0.0
didimputation,0.5.1
DIDmultiplegt,2.1.0
DIDmultiplegtDYN,2.4.0
didrooRFM,1.0.0
diegr,0.2.0
diemr,1.5.5
DIETCOST,1.0.0.0
dietr,1.1.6-1
diezeit,0.1-0
DIFboost,0.4
difconet,1.0-4
diffcor,0.8.4
DiffCorr,0.4.5
diffcp,0.1.1
diffdf,1.1.2
diffdfs,0.9.0
diffdriver,0.1.7
diffEnrich,0.1.2
diffeqr,2.1.0
diffeR,0.0-8
diffIRT,1.5
diffmatchpatch,0.1.0
diffMeshGP,0.1.1
DiffNet,1.0.2
diffobj,0.3.6
diffpriv,0.4.2
diffr,0.3.0
diffusion,0.4.0
diffusionMap,1.2.0
diffval,1.2.0
diffviewer,0.1.2
DiffXTables,0.1.3
DIFlasso,1.0-5
DIFM,1.0.1
difNLR,1.5.2-2
DIFplus,1.1
difR,6.1.0
DIFshiny,0.1.0
DIFtree,3.1.6
digest,0.6.39
DigestiveDataSets,0.2.0
digiNORM,0.1.0
digiRhythm,2.4
digitalPCR,1.1.0
digitTests,0.1.2
DIGSS,1.0.2
dilp,1.1.0
DIME,1.3.0
dimensio,0.14.2
dimensionsR,0.0.3
Dimodal,1.0.4
DImodels,1.3.3
DImodelsMulti,1.2.1
DImodelsVis,1.0.5
DIMORA,0.3.6
dimRed,0.2.7
dina,2.0.2
dinamic,1.0.1
DiNAMIC.Duo,1.0.4
dineq,0.1.0
dineR,2.0.0
dint,2.1.5
DiPALM,1.3
DiPhiSeq,0.2.0
dipm,1.12
DiPs,0.6.4
dipsaus,0.3.5
diptest,0.77-2
dipw,0.1.0
dir2json,0.1.0
Dire,2.2.0
DIRECT,1.1.0
directadjusting,0.6.1
directAgeStd,0.0.2
DirectedClustering,1.0.0
DirectEffects,0.3
Directional,7.6
directlabels,2026.4.23
directPA,1.5.1
DirectStandardisation,1.3
dirichletprocess,0.4.2
DirichletReg,0.7-2
DirichletRF,0.1.0
DIRMR,0.5.0
dirmult,0.1.3-5
DirStats,0.1.10
disagg2,0.1.0
disaggR,1.0.5.4
DisaggregateTS,3.0.1
disaggregation,0.4.1
disagmethod,0.1.1
DisasterAlert,1.0.0
disastr.api,1.0.6
disbayes,1.1.1
discAUC,1.1.0
DIscBIO,1.2.3
discFA,1.0.1
discfrail,0.2
discharge,1.0.0
disclap,1.5.1
disclapmix,1.7.5
disclapmix2,0.6.1
disclosuR,0.6.0
discnorm,0.2.2
discoCVI,0.1.1
discord,1.3
DiSCos,0.1.3
discourseGT,1.2.0
discoveR,3.1.7
discoverableresearch,0.0.1
discovr,1.0.0
DiscreteDatasets,0.2.0
DiscreteDists,1.1.2
DiscreteDLM,1.0.0
DiscreteFDR,2.1.1
discretefit,0.1.3
DiscreteFWER,1.0.0
DiscreteInverseWeibull,1.0.2
DiscreteLaplace,1.1.1
DiscreteQvalue,1.1
discretes,0.1.0
DiscreteTests,0.4.1
DiscreteWeibull,1.1
discretization,1.0-1.1
discrim,1.1.0
discrtr,0.0.1
discSurv,2.5.1
discursive,0.1.1
disdat,1.1-0
diseasemapping,2.0.6
diseasystore,0.3.3
DisimForMixed,0.2
DisImpact,0.0.21
dismo,1.3-16
disordR,0.9-8-6
dispeRse,1.1
dispersionIndicators,0.1.5
displease,1.0.0
dispmod,1.2
disposables,1.0.3
dispositionEffect,1.0.1
dispRity,1.9
disprofas,0.2.1
dissCqN,0.1.0
dissever,0.2-3
dissimilarities,0.3.0
DiSSMod,1.0.0
dist.structure,0.5.0
Distance,2.0.1
distanceHD,1.2
distances,0.1.13
distanceto,0.0.3
distantia,2.0.3
DistatisR,1.1.2
distcomp,1.3-4
distcrete,1.0.3
distdichoR,0.1-1
distfree.cr,1.5.1
distfreereg,1.2
distfromq,1.0.4
distill,1.6
distilleR,1.0.0
distillery,1.2-2
distinctiveness,1.0.1
distionary,0.1.1
distops,0.1.0
distory,1.4.5
DistPlotter,0.0.2
distplyr,0.2.0
distr,2.9.7
distrDoc,2.8.5
distrEllipse,2.8.4
distrEx,2.9.6
Distributacalcul,0.4.0
distributional,0.8.1
DistributionIV,0.1.3
DistributionOptimization,1.2.6
distributions3,0.2.3
distributionsrd,0.0.6
DistributionTest,1.1
DistributionUtils,0.6-2
distrMod,2.9.7
distro,0.1.1
distrom,1.0.2
distrr,0.0.6
distrRmetrics,2.8.3
distrSim,2.8.5
distrTeach,2.9.2
distrTEst,2.8.3
distTails,0.1.2
disttools,0.1.8
dittodb,0.1.11
dittoViz,1.0.6
Ditwah,1.0.1
ditwahLandslide,1.2.0
divDyn,0.8.3
DivE,1.3
diveMove,1.6.4
divent,0.5-4
diveR,0.1.2
diverge,2.0.6
DiversificationR,0.1.0
diversitree,0.10-1
diversityArch,0.4.0
diversityForest,0.6.0
DiversityStats,0.1.0
divest,1.2.0
DIVINE,0.1.2
divo,1.0.2
divraster,1.2.3
divseg,0.1.0
divvy,1.0.1
dixon,0.0-10
dixonTest,1.0.4
diyar,0.5.1
DIZtools,1.0.3
DIZutils,0.1.3
DJL,3.9
dkanr,0.1.3
dLagM,1.1.13
DLASSO,2.0.2
DLEGFM,0.4.0
DLFM,0.2.4
dlib,1.0.3.1
dlim,0.2.1
DLL,1.0.0
dlm,1.1-6.1
DLMRMV,1.0.0
DLMtool,6.0.7
dlmtree,1.1.1
dlmwwbe,0.1.0
dlnm,2.4.10
dlookr,0.6.5
DLPCA,0.0.5
dlr,1.0.1
dlsem,2.4.6
dlstats,0.1.8
dm,1.1.2
dma,1.4-2
dmai,0.5.0
dmbc,1.0.3
DMCfun,4.0.1
dmetatools,1.1.1
dml,1.1.0
dmm,3.2-2
DMMF,0.5.2.0
dMod,1.0.2
DMRnet,0.4.1
dMrs,1.0.0
DMtest,1.0.0
dmtools,0.2.6
dmutate,0.2.0
dnafractal,0.0.2
DNAmf,0.1.1
DNAmixturesLite,0.0-1
DNAmotif,0.1.1
DNAseqtest,1.0
DNAtools,0.2-5
dndR,3.1.0
DNetFinder,1.1
dng,1.0.0
DNMF,1.4.2
dnn,0.0.7
DNNSIM,0.1.1
dnr,0.3.6
do,2.0.0.1
do3PCA,1.0.0
dobin,1.0.4
dobson,0.4
doBy,4.7.2
doc2concrete,0.6.0
doc2vec,0.2.2
dockerfiler,1.0.0
DockerParallel,1.0.4
docket,1.33
docknitr,1.0.1
dockViewR,0.3.0
doclisting,0.1.0
doconv,0.4.0
docopt,0.7.2
docopulae,0.4.0
docorator,0.6.0
docore,1.0
Docovt,0.6
docstring,1.0.0
doctest,0.4.0
document,4.0.1
documenter,0.1.3
documentosbr,0.2.0
docxtractr,0.6.5
dodgr,0.4.3
DoE.base,1.2-5
DoE.MIParray,1.0-2
DoE.wrapper,0.13
doebioresearch,0.1.0
DOEM,0.0.0.1
doFuture,1.2.2
dogesr,0.5.2
Dogoftest,0.3
DOIcreator,0.1.0
doMC,1.3.8
Domean,0.1
dominanceanalysis,2.1.1
domino,0.3.1
DominoDataR,0.3.1
domir,1.3.0
doMPI,0.2.2
donut,1.0.3
DonutMap,0.1.0
donutsk,0.1.1
doofa,1.0
doolkit,1.42.2
door,0.0.3
doParabar,1.0.2
doParallel,1.0.17
DOPE,2.1.0
doRedis,3.0.3
dormancy,0.1.0
doRNG,1.8.6.3
DOS,1.0.0
DOS2,0.5.2
dosearch,1.0.12
dosedesignR,0.3.0
DoseFinding,1.4-1
doseSens,1.0.0
doSNOW,1.0.20
DOSPortfolio,0.1.0
dosr,0.3.4
dosresmeta,2.2.0
dostats,1.3.3
dotCall64,1.2
dotenv,1.0.3
dotgen,0.1.1
dotprofile,0.0.1
dots,0.0.3
dotsViolin,0.0.1
dotty,0.1.0
dotwhisker,0.8.6
doubcens,1.1
double.truncation,1.8
DoubleCone,1.1
DoubleExpSeq,1.1
DoubleML,1.0.2
doubt,0.1.0
douconca,1.2.5
doudpackage,2.1.0
DOvalidation,1.1.0
DOVE,1.11
Dowd,0.12
DownBallotR,0.1.0
downlit,0.4.5
downloader,0.4.1
downloadthis,0.5.0
downscale,5.1.4
downsize,0.2.3
dowser,2.4.1
DOYPAColors,0.0.2
dparser,1.3.1-13
dpasurv,0.1.0
dpcc,1.0.0
DPCD,0.0.1
dpcid,1.1
DPComb,1.0
dPCP,2.0.3
dpcR,0.6
dpdr,0.1.0
dpGMM,1.0.0
DPI,2026.2
Dpit,1.0
dpkg,0.6.2
dplR,1.7.9
dplyr,1.2.1
dplyrAssist,0.1.0
dpm,1.3.0
DPP,0.1.2
DPpack,0.2.2
dppca,0.1.0
dppmix,0.1.2
DPQ,0.6-1
DPQBootstrap,0.1.1
DPQmpfr,0.3-3
dprop,0.1.0
dpseg,0.1.1
DPTM,3.0.2
DQA,0.1.1
DQAgui,0.2.6
DQAstats,0.3.9
dqcheckr,0.2.2
dqcheckrGUI,0.2.0
dqrng,0.4.1
dQTG.seq,1.0.2
dr,3.0.11
DR.SC,3.7
dr4pl,2.0.0
dracor,0.2.6
dragmapr,0.2.0
dragonking,0.1.0
dragracer,0.1.7
dragulaR,0.3.1
drake,7.13.11
drape,0.0.2
drat,0.2.5
drawer,0.2.0.1
DRaWR,1.0.3
drawsample,1.0.2
DrBats,0.1.6
drc,3.0-1
drcarlate,1.2.0
DRclass,0.1.0
drclust,0.1.1
drcSeedGerm,1.0.1
drcte,1.0.65
drda,2.0.5
DrData,0.2.0
DRDID,1.3.0
dream,2.1.4
dreamer,3.2.0
dreamerr,1.5.0
DREGAR,0.1.4.0
drf,1.3.1
drgee,1.1.10-4
drglm,1.1
DRHotNet,2.3
drhur,2.0.0
drhutools,1.1.1
dRiftDM,0.3.2
drifter,0.2.1
DrillR,0.1
drimmR,1.0.3
DrImpute,1.0
DRIP,2.4
DrivePlotR,0.1.0
driveR,0.5.0
drlate,0.3.1
drMAIC,0.1.0
drmeta,0.1.0
drogonR,0.1.8
droll,0.1.0
DRomics,2.6-2
drone,1.0.0
dropout,2.2.0
dropR,1.0.6
droptest,0.1.3
drord,1.0.1
drought,1.2
droughtevents,0.1.0
drpop,0.0.3
DRPT,1.1
DRquality,0.2.1
DRR,0.0.5
drrglm,0.3.2
DRsurvCRT,0.0.1
drtmle,1.1.2
drugDemand,0.1.3
drugdevelopR,1.0.2
DrugExposureDiagnostics,1.1.9
drugsens,0.1.0
DrugSim2DR,0.1.2
DrugUtilisation,1.2.1
drumr,0.1.0
DRviaSPCN,0.1.5
ds,4.0
ds4psy,1.3.0
dsa,1.0.12
DSAIDE,0.9.6
DSAIRM,0.9.6
DSAM,1.0.2
dsample,0.91.3.4
dsb,2.0.1
dsBase,6.3.5
dsBaseClient,6.3.5
DSBayes,2023.1.0
dscore,2.0.0
dscoreMSM,0.1.0
dsem,3.0.0
DSFM,1.0.1
dsge,1.0.0
DSGEr,1.3.1
DSI,1.8.0
dsims,1.0.6
DSIR,0.8.0
DSjobtracker,2.0.0
DSL,0.1-7
dslabs,0.9.1
dslice,1.2.2
DSLite,1.4.1
dsm,2.3.4
dsmmR,1.0.7
DSMolgenisArmadillo,4.0.1
dsmSearch,1.2.4
DSOpal,1.5.0
dsos,0.1.2
dsp,1.5.0
dspline,1.0.4
DSpoty,0.1.0
dsROCrate,0.1.0
dsrTest,1.0.0
DSSAT,0.0.9
dssd,1.0.3
dst,1.8.0
dstabledist,0.1.0
DstarM,0.5.0
dstat,1.0.4
dstat2x2xk,0.2.0
dSTEM,2.0-1
dsTidyverse,1.2.1
dsTidyverseClient,1.1.0
DSWE,1.8.4
DT,0.34.0
DT2,0.1.2
Dtableone,1.1.0
dtangle,2.0.9
DTAplots,1.0.2.5
DTAT,0.3-8
dtaudit,0.1.1
DTAXG,0.1.0
dTBM,3.0
dtComb,1.0.8
DTComPair,1.2.6
DTDA,3.0.1
DTDA.cif,1.0.2
DTDA.ni,1.0.1
DTEAssurance,1.1.0
DTEBOP2,1.0.3
DTFM,0.1.5
dtGAP,0.0.2
dtgiw,1.1.0
dti,1.5.4.3
dtlg,0.1.0
dtlscores,0.1.0
dtmapi,0.1.0
DTMCPack,0.1-3
dtms,0.4.2
dtp,0.1.0
dtpcrm,0.1.1
dtplyr,1.3.3
dtrackr,0.5.0
dtreg,1.1.2
DTRKernSmooth,1.1.0
DTRlearn2,1.1
DTRreg,2.4
dtrSurv,1.5
DTS,0.1.1
DTSEA,0.0.3
DTSg,2.1.0
dtsmartr,0.2.0
DTSR,0.2.2
dtt,0.1-2.1
dttr2,0.5.2
dtts,0.1.4
dtw,1.23-3
DTWBI,1.1
dtwclust,6.0.0
DTwrappers,0.0.2
DTwrappers2,0.0.3
DTWUMI,1.0
dual,0.0.6
dualScale,1.0.0
dualtrees,0.1.5
duawranglr,0.6.7
dub,0.2.0
duckdb,1.5.4.2
duckdbfs,0.1.2
duckduckr,1.0.0
duckh3,0.1.0
duckplyr,1.2.1
duckspatial,1.2.1
duet,0.1.1
dumbbell,0.2
dummy,0.1.3
dundermifflin,0.1.1
dunlin,0.1.12
dunn.test,1.4.1
dupiR,1.2.1
dupNodes,0.3.0
dupree,0.3.0
Durga,2.1.0
DUToolkit,1.0.2
dverse,0.2.0
DVHmetrics,0.4.3
dvir,3.4.2
DWaveNARDL,0.1.0
dwctaxon,2.0.4
DWDLargeR,0.2-0
dwdradar,0.2.13
dwlm,0.1.0
DWLS,0.1.0
dwmmlRidge,0.1.1
dwp,1.2
DWreg,3.0
DyadiCarma,1.0.1
dyadicMarkov,0.1.1
DyadRatios,2.1
dyads,1.2.1
dycdtools,0.4.4
dydea,0.1.0
dygraphs,1.1.1.6
Dykstra,1.0-0
DYM,0.2
DyMEP,0.1.2
dymo,2.0.0
dyn,0.2-9.6
dynafluxr,1.0.1
dynamac,0.1.12
dynamicpv,0.4.2
dynamicSDM,1.3.4
dynamicTreeCut,1.63-1
dynamite,1.6.3
DynareR,0.1.5
dynasim,1.1
dynaSpec,1.0.5
dynatop,0.2.4
dynatopGIS,0.2.5
dynaTree,1.2-17
dynBiplotGUI,1.1.6
DynClust,3.24
dynConfiR,1.1.1
dynCorr,1.1.0
dyndimred,1.0.4
dynemu,1.0.2
dynetNLAResistance,0.1.0
DynForest,1.2.0
dyngen,1.1.1
dynlm,0.3-6
dynmix,2.2
DynNom,5.1
dynpanel,0.1.0
dynparam,1.0.2
dynr,0.1.16-114
dynRB,0.19
dynsbm,0.8
dynsim,1.2.4
dynsurv,0.4-7
dyntaper,1.1
DynTxRegime,4.16
dynutils,1.0.12
dynwrap,1.3.0
dySEM,1.4.1
DysPIA,1.3
DysPIAData,0.1.2
DySS,1.0.1
e1071,1.7-17
E2E,0.1.3
e2tree,1.2.0
eadrm,0.1.4
eaf,2.5.2
Eagle,2.5
eam,1.2.2
eAnalytics,0.4
earlygating,1.1
earlyR,0.0.5
earth,5.3.5
earthdatalogin,0.0.5
earthtide,0.1.8
earthtones,0.2.0
earthUI,0.8.0
Ease,0.1.2
easy.glmnet,1.1
easy.utils,0.1.0
EasyABC,1.6
easyAHP,0.1.1
easyalluvial,0.4.0
easyanova,11.0
easybgm,0.4.0
easybio,1.2.3
easycensus,1.1.4
easyclimate,0.2.2
easyCODA,0.40.2
easyComment,2.1.0
easydb,1.1.0
easyDes,6.0
EasyDescribe,0.1.2
easyEWAS,1.0.1
easylabel,0.3.3
easyLSEA,0.2.1
EasyMx,0.4-2
easyNCDF,0.1.4
easynem,1.0.3
easynls,5.0
easyORtables,0.0.1
easypackages,0.1.0
easypower,1.0.2
easyPSID,0.1.2
easyPubMed,3.1.6
easyr,0.5-11
easyRasch2,1.0.0
easyRaschBayes,0.3.0
easyRef,0.1.0
easyreg,4.0
easyScieloPack,0.1.1
easySdcTable,1.1.2
EasyStat,2.0.0
easystats,0.7.6
easysurv,2.0.2
easySVG,0.1.0
easytable,2.1.1
easyVerification,0.4.5
easyViz,2.1.0
eat,0.1.4
eatATA,1.1.2
eatDB,0.5.0
eatGADS,1.2.0
EATME,0.1.0
eatRep,0.15.3
eatTools,0.7.9
EAVA,1.0.0
eba,1.10-1
ebal,0.2.1
EBASE,1.1.0
EbayesThresh,1.4-12
EBCHS,0.1.1
ebci,1.0.0
EBcoBART,1.1.2
ebdbNet,1.2.8
ebdm,3.0.1
EBEN,5.2
ebGenotyping,2.0.1
ebirdst,3.2023.1
ebm,0.1.0
EBMAforecast,1.0.33
ebmc,1.0.1
ebmstate,0.1.5
ebnm,1.1-42
ebrahim.gof,2.1.0
EBrank,1.0.0
eBsc,4.17
ebTobit,1.0.2
ebvcube,0.5.3
ebx,1.0.0
ec50estimator,1.0.0
ecan,0.2.1
eCAR,0.1.2
ecb,0.4.3
ecce,3.0.3
Ecdat,0.4.7
ecdfHT,0.1.1
ECDFniche,0.5
eCerto,0.8.11
ecespa,1.1-18
Ecfun,0.4.0
ECG,0.5.2
ECGofTestDx,0.5
ECharts2Shiny,0.2.13
echarts4r,0.5.0
echarty,1.7.2
echelon,0.4.0
eChem,1.0.0
echo,0.1.0
echo.find,4.0.1
echogram,0.1.3
echoice2,0.2.5
echor,0.1.9
echos,1.0.4
ecic,0.0.4
ecipex,1.1.1
eclipseplot,0.9.7
eClosure,0.9.5
ecm,7.2.0
ECMLE,0.1.0
ecmwfr,2.0.3
eco,4.0-6
ecocbo,1.0.0
ecochange,2.9.3.3
EcoCleanR,1.0.3
ecocomDP,1.3.2
ecoCopula,1.0.6
ecode,0.1.0
EcoDiet,2.0.1
ecodist,2.1.3
ecodive,2.2.6
EcoEnsemble,1.2.0
Ecohydmod,1.0.0
ECoL,0.4.4
ecolMod,1.2.6.4
ecolottery,1.0.2
ecolRxC,0.1.1-16
ecolTest,0.0.1
EcoMetrics,0.1.1
EconAndProdEfficiency,0.1.0
EconCausal,1.0.2
econdatasets,0.1.0
econdataverse,0.1.2
econet,1.0.0.1
EcoNetGen,0.2.4
EconGeo,2.1
EcoNiche,1.0.3
econid,0.0.3
economiccomplexity,2.1.0
econtools,0.1.1
econullnetr,0.2.2
ecopower,0.2.0
ecoreg,0.2.5
ecoregime,0.3.1
ecorest,2.0.3
ecorisk,0.3.1
ecos,0.1.7
ecosim,1.3-5
ECOSolveR,0.6.1
ecospace,1.4.2
ecospat,4.1.4
ecostate,0.3.0
ecostats,1.2.2
ecostatscale,1.1
ecoteach,0.1.0
ecoTolerance,0.1.0
EcotoneFinder,0.2.3
ecotourism,0.1.0
ecotox,1.4.4
ecotoxicology,1.0.1
ECOTOXr,1.2.4
ecotraj,1.2.2
ecotrends,1.2
EcoTroph,1.6.1
ecoval,1.2.10
ecoXCorr,0.2.2
ecp,3.1.6
ecpdist,0.2.1
ecpromethee,0.1.0
ecr,2.1.1
ectotemp,0.2.0
ECTSVR,0.1.0
ECTTDNN,0.1.0
Ecume,0.9.2
eCV,0.0.2
ed50,0.1.1
ed50simulation,0.1.1
eda4treeR,1.1.0
edar,0.0.7
EDCimport,0.7.0
edcpR,1.0.1
eddington,4.3.0
edeaR,1.0.1
edecob,1.2.2
edf,1.0.0
edfinr,0.1.1
edfReader,1.2.1
edgar,2.0.8
edgarfundamentals,0.1.2
edgarWebR,1.1.0
edgebundle,0.4.2
edgebundleR,0.1.4
edgeCorr,1.0
edgedata,0.2.0
edgemodelr,0.4.1
edibble,1.1.1
ediblecity,0.2.2
edina,0.1.2
EDISON,1.1.2
editbl,1.3.0
editData,0.1.8
eDITH,1.1.0
editrules,2.9.6
EDIutils,2.1.0
edl,1.1
edlibR,1.0.3
eDMA,1.5-4
edmdata,1.3.0
eDNAfuns,0.1.0
eDNAjoint,0.3.3
EDNE.EQ,1.0
EDOIF,0.1.4
EDOtrans,0.3.5
edr4r,0.1.0
edstan,1.1.0
EdSurvey,4.0.7
educabR,1.0.0
educationdata,0.1.5
educationR,0.1.0
educineq,0.1.0
edwards97,0.1.1
EE.Data,0.1.1
EEAaq,1.0.3
EEEA,1.0.1
eefAnalytics,1.1.5
eegkit,1.0-5
eegkitdata,1.1
EEM,1.1.1
eemdARIMA,0.1.0
EEMDelm,0.1.1
EEMDlstm,1.0.1
EEMDSVR,0.1.0
eemdTDNN,0.1.0
EEML,0.1.1
eemR,1.0.2
eeptools,1.3.0
ef,1.2.0
EFA.dimensions,0.1.8.6
EFA.MRFA,1.1.2
EFAfactors,1.2.4
EFAtools,0.7.1
EFAutilities,2.1.3
eFCM,1.0
efdm,0.2.3
EFDR,1.3
eff2,1.0.2
effClust,0.8.0
effectcheck,0.2.3
EffectLiteR,0.5-1
effectplots,0.2.2
effects,4.2-5
effectsize,1.0.2
effectsizescr,0.1.0
EffectStars,1.9-1
EffectStars2,0.1-3
EffectTreat,1.1
EfficientMaxEigenpair,0.1.4
effsize,0.8.1
EFM,1.3.0
eFRED,0.1.0
EFSATools,1.0.0
ega,2.0.0
EGAnet,2.4.1
egfr,1.1.1
egg,0.4.5
eggCounts,2.5-1
eglhmm,0.1-3
EGM,0.2.0
egnyte,0.1.2
EgoCor,1.3.4
egor,1.25.10
EGRET,3.0.11
EGRETci,2.0.5
EGRNi,0.1.6
eGST,1.0.0
eha,2.12.0
ehaGoF,0.1.1
eHDPrep,1.4.0
ehelp,1.2.1
EHR,0.4-11
EHRmuse,0.0.2.2
EHRtemporalVariability,1.2.2
ehymet,0.1.1
ei,1.3-3
ei.Datasets,0.0.1-3
eia,0.4.2
EIAapi,0.2.0
eiCircles,0.0.1-14
eicm,1.0.3
EIEntropy,0.0.1.4
eiExpand,1.0.5
eigenmodel,1.12
eiIT,0.0.1-1
eikosograms,1.0.0
eimpute,0.2.4
einops,0.2.1
einsum,0.1.2
eiopaR,0.1.1
eiopt2,0.1.1-6
eiPack,0.2-2
eirm,0.5
eive,3.1.3
EIX,1.2.1
eixport,0.6.2
EKMCMC,1.1.2
eks,1.1.3
EL,1.4
EL2Surv,1.1
elaborator,1.3.5
ELAplus,1.0.2
elasdics,1.1.3
elasso,1.1
elastes,0.1.7
elastic,1.2.2
elasticnet,1.3
elcf4R,0.4.2
EleChemr,1.2.0
elect,1.2
ElectDecomp,0.0.1-8
elections,1.0.1
electionsBR,0.5.0
electivity,1.0.2
electoral,0.1.4
elevatr,0.99.1
elexr,1.0
elfDistr,1.0.1
elfgen,2.3.5
elgbd,0.9.0
elhmc,1.2.1
ELIC,0.1.0
ElicitationWizard,0.1.0
ELISAtools,0.1.8
elisr,0.1.1
eList,0.2.0
elitism,1.1.1
elixir,0.1.1
Elja,1.0.0
elliplot,1.3.0
ellipse,0.5.0
ellipsis,0.3.3
ElliptCopulas,0.1.4.1
elliptic,1.5-1
ellipticalsymmetry,0.1.2
ellmer,0.4.1
ELmethodVar,0.1
elmNNRcpp,1.0.5
eLNNpairedCov,0.3.2
elo,3.0.2
EloChoice,0.29.4
EloOptimized,0.3.2
EloRating,0.46.18
EloSteepness,0.5.0
elrm,1.2.6
elsa,1.1-28
ELT,1.7
eltr,0.1.0
ELYP,0.7-6
emailjsr,0.0.2
emailvalidation,0.1.0
EMAR,1.0.0
EMAS,0.2.4
EMAtools,0.1.6
emaxnls,0.1.1
emayili,0.9.3
emBALVI,0.1.0
emBayes,0.1.6
EMbC,2.0.4
embed,1.2.2
EmbedSOM,2.2.1
embryogrowth,2025.12.22
emburden,0.6.2
EMC2,3.4.1
emcAdr,1.3
EMCluster,0.2-17
EMD,1.5.9
EMDANNhybrid,0.2.0
emdbook,1.3.14
emdi,2.2.3
emdist,0.3-3
EMDSVRhybrid,0.2.0
ememax,0.1.0
emery,0.7.1
emf,0.2.0
emg,1.0.9
EMgaussian,0.2.2
EMGCR,0.2.0
emhawkes,0.9.8
EmiR,1.0.6
emIRT,0.0.15
EmissV,0.666.0.0
EMJMCMC,1.5.0
EML,2.0.7
emld,0.5.3
EMLI,0.3.0
emln,1.2.0
EMMAgeo,0.9.9
emmeans,2.0.3
EMMIXgene,0.1.4
EMMIXmfa,2.0.14
EMMIXSSL,1.1.1
EMMLi,0.0.3
EMMREML,3.1
emoa,0.5-3
emodnet.wfs,2.1.2
emoji,16.0.0
emojifont,0.6.0
emon,1.3.2
EMOTIONS,1.3
emov,0.1.1
EMP,2.0.6
EMpeaksR,0.3.1
emphatic,0.1.8
empichar,1.0.1
EmpiricalCalibration,3.1.4
EmpiricalDynamics,0.1.5
emplik,1.3-3
emplik2,1.33
emplikAUC,0.5
emplikCS,0.4
emreliability,1.0.0
ems,1.3.11
EMSaov,2.3
EMSC,0.9.4
EMSNM,1.0
EMSS,1.1.1
emstreeR,3.1.3
EMT,1.3.2
emulator,1.2-24
emuR,2.6.0
enaho,0.2.5
eNchange,1.1
encharter,0.9.1
encode,0.3.7
EncompassTest,0.22
encryptedRmd,0.2.1
encryptr,0.1.4
enderecobr,0.5.0
endogeneity,2.1.5
endorse,1.6.2
endtoend,2.29
energy,1.7-12
energyGOF,0.1
energymethod,1.1
EnergyOnlineCPM,1.0
energyr,0.4
enerscape,1.2.0
enetLTS,1.1.0
english,1.2-6
EngrEcon,1.0.0
engression,0.1.6
EngrExpt,0.1-8
enhancer,1.1.1
ENMeval,2.0.5.2
enmpa,0.2.5
enmSdmX,1.2.12
ENMTools,1.1.5
enpls,6.1.1
EnrichIntersect,1.0
enrichit,0.2.0
enrichR,3.4
enrichwith,0.5.0
EnsCat,1.1
ensembleBMA,5.1.8
ensembleML,0.2.5
ensembleMOS,0.8.2
ensemblepp,1.0-0
ensembleTax,1.1.1
enshuman,1.0.0
ensModelVis,0.2.0
ensr,0.1.0
EnTraineR,1.0.0
entropart,1.6-16
EntropicStatistics,0.1.3
entropy,1.3.2
EntropyEstimation,1.2.1
entrymodels,0.2.1
envalysis,0.7.0
EnvCpt,1.1.5
envDocument,2.4.2
enveomics.R,1.10.0
envi,1.0.1
enviGCMS,0.8.0
enviPat,2.8
envir,0.3.0
envirem,3.1
EnviroPRA2,1.0.1
envnames,0.4.1
EnvNicheR,1.5
EnvNJ,0.1.3
envoutliers,1.1.0
envsetup,0.3.0
envstat,0.0.3
EnvStats,3.1.0
envvar,0.1.2
eoa3,1.0.0.2
eodhdR2,0.5.2
eoffice,0.2.3
eoR,0.4.0
epade,0.5.1
epandist,1.1.1
epanet2toolkit,1.0.9
epanetReader,1.0.0
epca,1.1.0
ePCR,0.11.0
epe4md,0.1.4
eph,1.0.2
Epi,2.65
epibasix,1.5
epicasting,0.1.0
epichains,0.1.1
epicmodel,0.2.1
epiCo,1.0.1
epicontacts,1.1.4
EpiContactTrace,0.18.0
epicR,1.0.1
EpiCurve,2.4-2
epidata,0.4.0
epidatr,1.2.4
epiDeaths,1.1.8
epidict,0.3.0
EpidigiR,0.1.2
epiDisplay,3.7.0.0
epidm,1.0.6
EpiDynamics,0.3.1
EpiEstim,2.2-5
epifitter,1.0.0
epiflows,0.2.2
EpiForsk,0.2.2
epigraphdb,0.2.3
epigrowthfit,0.15.4
EpiILM,1.5.3
EpiInvert,0.3.1
epikit,0.2.0
epilogi,1.2
EpiLPS,1.3.0
epimdr,0.6-5
epimdr2,1.1-1
EpiModel,2.6.1
epinet,2.1.11
epinetr,0.96
EpiNova,0.1.0
EpiNow2,1.9.0
epiomics,1.2.0
epiparameter,0.4.1
epiparameterDB,0.1.0
epiphy,0.5.0
EpiPvr,0.0.1
epiR,2.0.94
EpiReport,1.0.4
EpiSemble,0.1.1
episensr,2.1.0
EpiSignalDetection,0.1.3
EpiSimR,1.1
episomer,3.0.35
EpiStandard,0.2.0
EpiStats,1.6-2
EpistemicGameTheory,0.1.2
epitab,0.2.2
epitabulate,0.1.0
EpiTest,1.0.0
epitools,0.5-10.1
epitraxr,0.5.0
epitrix,0.4.1
epiviz,0.1.2
epiworldR,0.14.0.0
epiworldRcalibrate,0.1.4
epiworldRShiny,0.2.3
epizootic,2.0.0
EPLSIM,0.1.1
eplusr,0.17.0
eply,0.1.2
epm,1.1.6
epmfd,1.1.1
epmrob,0.1
epo,0.1.0
epocakir,1.0.0
Epoch,1.0.7
eponge,0.1.0
epos,1.2
eppoFindeR,2.0.0
epr,3.0
epsiwal,0.2.0
EPT,0.7.6
epts,1.2.2
epubr,0.6.5
EPX,1.0.4
epxToR,0.4-1
eq5d,0.16.3
eq5dsuite,2.0.0
EQL,1.0-1
EQRN,0.1.2
eqtesting,0.1.1
EQUALCompareImages,0.1.0
equalCovs,1.0
Equalden.HD,1.2.1
EQUALencrypt,0.1.0
EQUALPrognosis,0.1.3
EQUALrepeat,0.4.5
EQUALSTATS,0.5.1
equatags,0.2.2
equate,2.0.9
equateIRT,2.5.2
equateMultiple,1.1.3
equatiomatic,0.4.8
equiBSPD,0.1.0
equil2,1.1.0
EquiSurv,0.1.0
EquiTrends,1.0.0
equivalence,0.8.2
equivalenceTest,0.0.1.1
EQUIVNONINF,1.0.2
equivUMP,0.1.1
ER,1.1.2
era,0.5.0
EraBrewer,0.2.0
erah,2.2.0
eratosthenes,0.0.9
erboost,1.5
ercv,1.0.1
ERDbuilder,1.0.0
erer,4.0
ergm,4.12.0
ergm.count,4.1.3
ergm.ego,1.1.4
ergm.multi,0.3.0
ergm.rank,4.1.2
ergm.sign,0.1.2
ergMargins,1.6.2
ergmclust,1.0.1
ergmgp,0.1-2
ergmharris,1.0
ergmito,0.3-2
erify,0.6.0
ErlangC,0.1.0
eRm,1.0-10
ern,2.1.2
ernest,1.2.5
ernm,1.0.5
ERP,2.2
ERPeq,0.1.0
ERPM,0.2.0
errorist,0.1.3
errorlocate,1.1.2
errors,0.4.4
errum,0.0.4
ERSA,0.1.4
eRTG3D,0.7.0
ervissexplore,0.1.0
ES,1.1
es.dif,1.0.2
esaddle,0.0.7
esaps,0.2.2
esback,0.3.1
esc,0.5.1
escalation,0.2.3
esci,1.0.10
esDesign,1.0.3
eSDM,0.4.4
eseis,0.8.1
eselect,1.1
esem,2.0.0
esemifar,2.0.1
ESG,1.3
eshrink,0.2.0
eSIR,0.4.2
esmisc,0.0.3
esmprep,0.2.0
esmtools,1.0.1
espadon,1.11.5
esquisse,2.1.0
esreg,0.6.2
ess,1.1.2.1
essentialstools,0.1.7
essHist,1.2.2
essurvey,1.0.8
estadistica,1.2.2
estar,2.0-0
estatapi,0.4.0
estats,1.1
EstCRM,1.6
EstemPMM,0.4.0
EstHTSeed,0.1.0
estimability,2.0.0
EstimateBreed,1.0.2
EstimateGroupNetwork,0.3.1
estimateW,0.2.0
EstimationTools,4.3.1
estimators,0.8.5
estimatr,1.0.6
EstimDiagnostics,0.0.3
estimraw,1.0.0
estmeansd,1.0.1
estprod,1.2
esviz,0.0.3
et.nwfva,0.2.0
etable,1.3.1
ETAS,0.7.2
ETASbootstrap,0.2.1
etasFLP,2.3.0
ETC,1.5
ETDQualitizer,1.1.0
ethiodate,0.3.1
ethnobotanyR,0.2.0
EthSEQ,3.0.2
etl,0.4.3
ETLUtils,1.6
etm,1.1.2
etrader,0.1.5
etree,0.1.0
ETRep,1.2.1
etrm,1.0.1
etrunct,0.1
etsi,1.0
etwfe,0.6.2
EuclideanSD,0.1.0
Euclimatch,1.0.2
eudract,1.1.1
eufmdis.adapt,0.1.0
EUfootball,0.0.1
eulerr,8.1.0
eunis.habitats,0.1.0
Eunomia,2.1.0
eurodata,1.8.0
euroleaguer,0.2.0
europepmc,0.4.3
europop,0.3.1
eurostat,4.0.0
eva,0.2.7
eva3dm,1.20
evabic,0.1.4
Evacluster,0.1.0
evacpath,0.1.0
evalHTE,0.1.1
evalITR,1.0.0
evalR,0.0.1
EvalTest,1.0.6
evaluate,1.0.5
EvaluateCore,0.1.5
EvaluationMeasures,1.1.0
EValue,4.1.4
evapoRe,1.0.1
Evapotranspiration,1.16
evbsreg,1.0.0
eVCGsampler,1.1.0
EVchargcost,0.1.0
evclass,2.0.2
EvCombR,0.1-4
evd,2.3-7.1
evdbayes,1.1-3
eve,1.1
evenBreak,1.0
eventdataR,0.3.1
eventglm,1.4.5
eventInterval,1.3
eventPred,0.3.0
EventPredInCure,1.0
eventreport,0.1.2
eventstream,0.1.1
eventstudyr,1.2.0
eventTrack,1.0.4
EventWinRatios,1.0.0
evesim,1.0.0
evgam,1.0.1
EVI,0.2.0-0
evidenceFactors,1.8
evidenceratio,0.1.0
EvidenceSynthesis,1.1.0
evident,1.0.4
EviewsR,0.1.7
evilDice,1.0
evinf,0.8.10
evir,1.7-4
evitaicossa,0.0-1
evmissing,1.0.2
evmix,2.12
evmr,0.2.0
evoFE,0.1.0
evola,1.0.7
evolMap,1.3.14
evolqg,0.3-6
evolution,0.1.1
EvolutionaryGames,0.1.2
evolvability,2.0.1
evolved,1.0.0
Evomorph,0.9
evoper,0.7.0
EvoPhylo,0.3.5
evoTS,1.0.3
evprof,1.2.0
evsim,1.7.1
evt0,1.1.5
evtree,1.0-8
ewens,0.1.0
EWGoF,2.2.2
EWOC.Comb,1.0
ewp,0.1.2
EwR,1.4
EWS,0.2.0
EWSmethods,1.3.3
Exact,3.3
exact.n,1.1.1
exact2x2,1.7.0
exactamente,0.1.1
exactci,1.4-5
ExactCIdiff,2.1
ExactCIone,1.0.5
ExactCox,0.1.0
exactextractr,0.10.1
exactLTRE,0.1.2
ExactMed,0.3.0
ExactMultinom,0.1.3
exactRankTests,0.8-37
ExactVaRTest,0.1.3
exametrika,1.14.0
examly,0.3
ExamPAData,0.5.0
exampletestr,1.7.3
exams,2.4-3
exams.forge,1.0.13
exams.forge.data,0.1.3
exams.mylearn,1.4
exams2forms,0.2-1
exams2ilias,0.0.1
exams2learnr,0.1-0
exams2sakai,0.4
ExceedanceTools,1.3.6
excel.link,0.9.15
excel2eprime,0.4.0
exceldata,0.1.1.3
ExcelFunctionsR,0.1.4
excelR,0.4.0
excerptr,2.1.0
ExcessMass,1.0.1
excessmort,0.8.2
excluder,0.5.2
ExclusionTable,1.2.0
exCon,0.2.5
excursions,2.5.11
exdex,1.2.4
exdqlm,1.0.0
executablePackeR,0.0.2
exeval,0.0.1
ExGaussEstim,0.1.2
exhaustiveRasch,0.3.7
ExhaustiveSearch,1.0.2
exif,0.1.1
exifr,0.3.2
exiftoolr,0.2.8
ExNRuleEnsemble,0.1.1
ExpAnalysis3d,0.1.3
ExPanDaR,0.5.3
EXPAR,0.1.0
EXPARMA,0.1.0
ExpBites,0.1.3
expDB,0.3.0
ExpDE,0.2.0
ExpDes,1.2.2
expectreg,0.54
experDesign,0.4.0
experiences,0.1.1
experiment,1.2.1
experimentr,0.1.0
ExpertChoice,0.2.0
expertsurv,1.4.1
ExpGenetic,0.1.0
expint,0.2-1
expirest,0.1.7
explainer,1.0.2
ExplodeLayout,0.1.3
explodemap,0.2.0
explor,0.3.11
exploratory,0.3.31
explore,1.4.0
exploreR,0.1
ExploreTheData,0.1.0
expm,1.0-0
export,0.3.3
ExPosition,2.11.0
ExposR,1.2
expowo,3.0
expperm,1.6
ExpRep,1.0
ExpressionCellNet,0.1.2
expSBM,1.3.6
expsmooth,2.3
expss,0.11.7
expstudy,2.0.0
exreport,0.4.1
EXRQ,1.0
extBatchMarking,1.1.0
ExtDist,0.7-4
ExtendedABSurvTDC,0.1.0
extendedFamily,0.2.4
ExtendedLaplace,0.1.6
exteriorMatch,1.0.0
extlasso,0.3
ExtMallows,0.1.0
extr,1.1.1
extractFAERS,0.1.4
ExtractTrainData,9.1.6
extraDistr,1.10.0.4
extrafont,0.20
extrafontdb,1.1
extrafrail,1.14
extraoperators,0.4.0
extras,0.8.0
extrasteps,0.3.0
extraSuperpower,1.6.2
extraterrestrial,0.1.0
extRC,1.2
ExtremalDep,1.0.0
ExtremeBounds,0.1.7
ExtremeCI,0.2.1
ExtremeConformal,0.2.2
extremefit,1.1.0
extremeIndex,0.0.3
extrememix,0.0.1
ExtremeRisks,0.0.6
extRemes,2.2-1
extremeStat,1.5.12
extremevalues,2.4.1
extremis,1.2.1
extremogram,1.0.2
ExtrPatt,0.1-4
exuber,1.1.0
exvatools,1.0.0
eye,1.3.0
eyedata,0.1.0
eyelinker,0.2.2
eyelinkReader,1.0.3
eyeris,3.2.0
eyetools,0.9.2
eyetrackingR,0.2.2
eyeTrackR,1.0.1
ez,4.5-0
ez.combat,1.0.0
EZbakR,0.1.0
ezcox,1.0.4
ezCutoffs,1.0.2
ezec,1.0.2
ezECM,1.0.0
EZFragility,2.1.1
EzGP,0.1.0
ezknitr,0.6.3
ezplot,0.8.2
ezr,0.1.5
ezTrack,0.1.1
EZtune,3.1.1
f1dataR,2.0.1
f1pits,1.3.1
FaaSr,2.0.0
fabCI,0.3
FABInference,0.1
fabisearch,0.0.4.5
fable,0.5.0
fable.ata,0.0.6
fable.bayesRecon,0.1.0
fable.intermittent,0.1.1
fable.prophet,0.1.0
fableCount,0.1.0
fabletools,0.8.0
fabMix,5.1
fabPrediction,1.0.4
fabR,2.1.1
fabricatr,1.0.2
fabricerin,0.1.2
fabricQueryR,0.2.1
face,0.1-8
facebookadsR,0.1.0
facebookleadsR,0.1.0
facebookorganicR,0.1.0
facerec,0.1.0
facilityepimath,0.2.1
facmodCS,1.0
facmodTS,1.0
FactChar,1.0
FactEff,1.0
factiv,0.1.0
FACTMLE,1.1
FactoClass,1.2.9
factoextra,2.1.0
FactoInvestigate,1.9.1
FactoMineR,2.16
factoptd,1.0.3
factor.switching,1.4
factor256,0.1.0
factorana,1.7.1
FactorAssumptions,2.0.1
FactorCopula,0.9.3
FactorCopulaModel,0.1.1
factorEx,1.1.0
factorH,0.6.0
FactorHet,1.0.0
factormodel,1.0
factorplot,1.3
factorselect,0.1.3
factorstochvol,1.1.2
factory,0.1.0
Factoshiny,2.7
factree,0.1.0
factReg,1.0.0
factset.protobuf.stach.v2,1.0.6
fad,0.9-3
FADA,1.3.5
FAdist,2.4
FADPclust,1.1.1
faersquarterlydata,1.3.0
FAfA,1.1
fahb,1.0.0
Fahrmeir,2016.5.31
fail,1.3
fairadapt,1.0.0
fairGATE,0.1.1
fairGNN,0.1.0
FAIRmaterials,0.4.2.1
fairmetrics,1.0.8
fairml,0.9.1
fairmodels,1.2.2
fairness,1.2.3
fairsubset,1.0
fake,1.5.0
FakeDataR,0.2.2
fakemake,1.11.1
fakir,1.0.0
fakmct,0.1.0
falcon,0.2
falconx,0.2
fam.recrisk,0.1
FAMetA,0.1.7
FamEvent,3.3
familial,1.0.7
familiar,2.0.2
Familias,2.6.4
Families,2.0.2
famish,0.2.1
FAmle,1.3.7
FAMoS,0.3.1
famSKATRC,1.1.0
fanc,2.3.13
fANCOVA,0.6-1
fancycut,0.1.3
fangs,0.2.22
fanplot,4.0.1
fansi,1.0.7
fanyi,0.1.1
FAO56,1.0
FAOSTAT,2.4.2
faoutlier,0.7.7
FAPA,0.1.1
faq,0.1.1
far,0.6-7
faraway,1.0.9
FARDEEP,1.0.1
farff,1.1.1
farr,1.0.1
farrell,0.2.1
FARS,0.8.0
farver,2.1.2
FAS,1.0.0
fasano.franceschini.test,2.2.2
fase,1.0.1
fAssets,4023.85
fasster,0.2.0
fasstr,0.5.3
FAST.R,0.2.1
fasta,0.1.0
fastadi,0.1.2
fastAFT,1.4
fastai,2.2.2
fastbackward,1.0.1
FastBandChol,0.1.1
fastbeta,0.5.1
fastbioclim,0.4.2
fastcluster,1.3.0
fastcox,1.1.4
fastcpd,1.0.0
FastCUB,0.0.4
fastdid,1.0.6
fastDummies,1.7.6
fastei,0.0.19
fasterize,1.1.0
fasterRaster,8.4.1.2
fastFGEE,0.1.0
fastFMM,1.0.1
fastfocal,0.1.3
FastGaSP,0.6.4
fastgeojson,0.1.3
fastGHQuad,1.0.1
fastGLCM,1.0.3
fastglm,0.1.1
fastglmpca,0.1-108
FastGP,1.3
fastGraph,2.1
FastHamming,1.2
fastICA,1.2-7
FastImputation,2.2.1
FastJM,1.6.0
fastJT,1.0.8
FastKM,1.2
fastkmedoids,1.6
FastKNN,0.0.1
fastkqr,1.0.1
FastKRR,0.1.2
fastLink,0.6.1
fastLISA,1.0.0
fastliu,1.0
fastLogisticRegressionWrap,1.2.0
fastlogitME,0.1.0
fastlpr,1.0.1
fastM,0.0-5
fastmap,1.2.0
fastmatch,1.1-8
fastMatMR,1.2.8
fastmatrix,0.6-6
fastmit,0.1.1
fastml,0.7.8
fastNaiveBayes,2.2.1
fastnet,1.0.0
fastOnlineCpt,1.0
FastPCS,0.1.4
fastPLS,0.2
fastplyr,0.9.92
fastpng,0.1.8
fastpolicytree,1.0
fastpos,0.6.0
fastqcr,0.1.3
fastqq,0.1.5
fastQR,1.1.4
fastqrs,1.0.0
fastR2,1.2.5
fastrc,0.0.2
FastRCS,0.0.9
fastreg,0.14.1
fastrep,0.7
fastrerandomize,0.3
FastRet,1.3.0
fastRG,0.4.0
fastRhockey,0.4.0
fastrmodels,2.1.0
FastRWeb,1.2-3
FastSegmentation,0.0.1
FastStepGraph,0.1.1
FastSurvival,0.1.0
fastText,1.0.8
fastTextR,2.1.1
fasttime,1.1-0
fastTopics,0.7-38
fasttreeid,1.0.1
fastTS,1.0.3
FastUtils,0.2.1
fastverse,0.3.4
fastVoteR,0.0.3
fastWavelets,1.0.1
fastymd,0.1.5
fat2Lpoly,1.2.6
FateID,0.2.2
FatTailsR,2.0.1
FaultTree,1.0.1
faunabr,1.1.0
faux,1.2.4
fauxnaif,0.7.1
fauxpas,0.6.0
FAVA,1.0.9
FAVAR,0.1.3
favawesome,0.1.1
faviconPlease,0.2.0
favnums,1.0.0
favr,1.0.0
FAwR,1.2.0
fb4package,2.1.0
fbardl,1.0.2
fBasics,4052.98
fbati,1.0-11
FBFsearch,1.3
fbglm,1.5.0
FBMS,1.3
FBN,1.5.2
fbnet,1.0.4
fBonds,3042.78
fbRads,17.0.0
fbrglm,0.0.1
fbroc,0.4.1
fbst,2.2
fca,0.1.0
fcall,0.1.6
fcaR,1.5.0
fcci,1.0.2
fcfdr,1.0.0
fChange,2.1.0
fcirt,0.2.1
fcl,0.1.4
fclust,2.1.3
fcm,0.1.3
fcmfd,0.1.2
FCO,2.0.2
fCopulae,4052.86
fcp,0.1.0
FCPS,1.3.6
fcros,1.6-6
fctutils,0.0.7
fcuk,0.2.0
FCUSUM,1.0.0
FCVAR,0.1.4
FD,1.0-12.5
fda,6.3.0
fda.usc,2.2.0
fda.vi,1.0.0
fdaACF,1.0.0
fdacluster,0.4.2
fdaconcur,0.1.3
fdadensity,0.1.4
fdaMixed,0.6.1
fdaMocca,0.1-2
fdANOVA,0.1.2
fdaoutlier,0.2.1
fdapace,0.6.0
fdapaceShiny,1.0.5
fdaPDE,1.1-24
fdaPOIFD,2.0.1
fdarep,0.1.1
fdaSP,1.1.2
fdasrvf,2.4.4
fdatest,2.1.1
FDboost,1.1-4
fdclassify,0.1.0
fddm,1.0-2
fdesigns,1.2
fdicdata,0.1.2
fdid,1.0.2
fdm2id,0.9.9
fDMA,2.2.9
FDOTT,0.1.0
fdp,1.0.0
fdq,0.12
fdrci,2.4
fdrDiscreteNull,1.4
FDRestimation,1.0.1
FDRsamplesize2,0.2.0
FDRsampsize,1.0
fdrtool,1.2.18
fds,1.9
fdth,1.5-0
fdWasserstein,1.0
FDX,2.0.2
FEA,0.0.2
FeaLect,1.20
feasts,0.5.0
featdelta,0.1.0
featForge,0.1.2
feather,0.4.0
feature,1.2.16
featureCorMatrix,0.4.0
FeatureExtraction,3.14.0
featurefinder,1.2
featureflag,0.2.0
FeatureImpCluster,0.1.5
features,2025.1
FeatureTerminatoR,1.0.0
featurizer,0.2
fec16,0.1.6
fechner,1.0-4
fect,2.4.5
FedData,4.3.0
federalregister,0.2.0
FedIRT,1.1.0
fedmatch,2.1.0
fedstatAPIr,1.0.3
fedz1,0.1.0
fee,1.0.0
fEGarch,1.0.6
feisr,1.3.1
fejiv,0.1.1
felp,0.6.0
feltr,0.1.0
fence,1.0
FENmlm,2.4.4
FEprovideR,1.1
FER,0.94
fermicatsR,1.4
ferrn,0.3.0
fertilmodel,1.5
FertNet,0.1.2
FESta,1.0.0
fetch,0.1.5
fetchGoogleAnalyticsR,0.1.0
fetchSalesforceR,0.1.0
fetwfe,1.10.0
fExtremes,4032.84
ff,4.5.2
ffaframework,0.1.2
FFD,1.0-9
FFdownload,1.2.0
ffiec,0.2.0
ffm,0.1.2
ffmanova,1.1.2
ffp,0.2.2
ffscrapr,1.4.8
fftab,0.1.0
FFTrees,2.1.0
fftw,1.0-9
fftwtools,0.9-11
FGalgorithm,1.0
fGarch,4052.93
fgdiR,0.1.0
fgeo,1.1.4
fgeo.analyze,1.1.15
fgeo.plot,1.1.11
fgeo.tool,1.2.10
fgeo.x,1.1.4
fgitR,0.2.0
FGLMtrunc,0.2.0
fglsnet,1.1
Fgmutils,0.9.5
FGRepo,1.3.2.0
fgui,1.0-8
FHDI,1.4.1
fhircrackr,2.4.0
fHMM,1.4.3
FHtest,1.5.1
FI,1.1
fiber,0.2.0
fiberLD,0.1-8
fibos,2.0.1
fibr,0.1.1
fic,1.0.1
fICA,1.1-3
fidelius,0.0.2
fido,1.1.2
FielDHub,1.5.0
fields,17.3
FieldSimR,1.4.0
fiery,1.5.0
FIESTA,3.7.1
FIESTAutils,1.3.2
fig,1.0.0
figir,0.1.7.0
figma,0.2.0
figpatch,0.3.0
file2meco,0.9.1
fileaccess,0.1.1
filearray,0.2.2
filebin,0.0.6
filecacher,0.2.9
filehash,2.4-6
filehashSQLite,0.2-7
filelock,1.0.3
filematrix,1.3
filenamer,0.3
files,0.0.1
filesstrings,3.4.0
FILEST,1.1.2
filibustr,0.5.2
filling,0.2.4
fillpattern,1.0.3
fillr,1.0.0
FilmsGmooG,0.1.0
filterNHP,0.1.2
filters,0.3.1
filtro,0.2.0
fImport,4052.89
finalfit,1.1.0
finalsize,0.2.1
FinAna,0.1.2
FinanceGraphs,0.9.0
FinancialMath,0.1.1
finbif,0.10.0
FinCal,0.6.3
finch,0.4.0
FinCovRegularization,1.1.0
FIND,0.1.1
findGSEP,1.2.0
findInFiles,0.5.0
findInGit,0.1.1
FindIt,1.3.0
findn,0.2.0
findPackage,0.2.0
findpython,1.0.9
findR,0.2.1
findSVI,0.2.0
findviews,0.1.3
FinePop,1.5.2
FinePop2,0.6
finetune,1.3.0
fingerprint,3.5.10
fingerPro,2.1
finiteruinprob,0.6
finity,0.1.5
finlabR,1.0.0
FinNet,0.2.1
finnishgrid,0.2.0
finnsurveytext,2.1.1
finnts,0.6.0
finto,0.1.1
FinTS,0.4-9
fio,1.1.0
fiodata,0.2.0
fioRa,0.3.7
fipio,1.1.2
FiRE,1.0.1
firebase,1.0.2
firebase.auth.rest,1.0.1
fireexposuR,1.2.0
fireproof,0.1.0
firesafety,0.1.0
firesale,0.1.1
firestorm,0.1.0
FIRM,0.1.2
firmmatchr,0.1.3
first,2.1
Fiscal,1.0.2
FiSh,1.1
fishbc,0.2.1
fishdata,1.0.1
FishDiveR,1.1.0
FisherEM,1.6
fisheye,0.2.0
fishgrowth,1.0.4
fishkirkko2015,1.0.0
fishmechr,1.0.3
fishmethods,1.13-1
fishMod,0.29.2
FishPhyloMaker,0.2.0
FishProxCompAnalyzer,0.1.0
fishRman,1.2.3
fishstat,2026.1.0.0
fishtree,0.3.4
fishualize,0.2.3
FisPro,1.1.4
fit.models,0.64
fitbitr,0.3.0
fitbitScraper,0.1.8
fitbitViz,1.0.8
fitConic,1.2.1
fitdistcp,0.2.3
fitdistrplus,1.2-6
FitDynMix,1.0.2
fitHeavyTail,0.2.0
fitlandr,0.1.1
fitmix,0.1.1
fitnmr,1.0
fitODBOD,1.5.5
fitODBODRshiny,1.0.2
fitplc,1.2-3.1
fitPlotR,0.1.0
fitPoly,4.0.0
fitPS,1.0.6
fitscape,0.1.0
FITSio,2.1-6
fitteR,0.2.0
FitUltD,3.1.0
fitur,0.6.2
fitVARMxID,1.0.3
fitzRoy,1.7.0
fivethirtyeight,0.6.2
fixedCV,0.1.0
FixedPoint,0.6.3
fixedTimeEvents,1.0.1
fixerapi,0.1.6
fixes,0.12.0
fixest,0.14.2
fixr,0.2.0
FixSeqMTP,0.1.2
fizzbuzzR,0.1.1
fjohansen,0.1.0
fjoin,0.1.1
FjordLight,1.0.1
fkbma,0.2.0
fkcentroids,0.0.3
FKF,0.2.6
FKmL,0.1.1
FKSUM,1.0.1
FLAG,0.1
flagr,0.3.2
flam,3.2
FLAME,2.1.1
flametree,0.1.3
flan,1.0
flankr,1.2.0
flap,0.2.0
flare,1.8
flashCard,0.1.0
flashClust,1.1-4
flashier,1.0.7
flashlight,1.0.0
FLASHMM,1.3.0
flashr,0.3.0
flassomsm,0.1.0
flatr,0.1.1
flattabler,2.1.2
flatxml,0.1.1
fledge,0.1.4
flevr,0.0.5
flex,0.1.0
flexBART,2.0.3
flexBCF,1.0.2
flexCausal,0.1.0
flexclust,1.5.0
flexCountReg,0.1.1
flexCWM,1.92
flexdashboard,0.6.3
FlexDir,1.0
flexFitR,1.2.3
FlexGAM,0.7.2
flexhaz,0.5.2
flexiblas,3.4.0
flexIC,0.1.4
flexlsx,1.0.0
flexmet,1.1
flexmix,2.3-20
flexmsm,0.1.2
flexoki,0.0.2
flexord,1.0.0
FlexParamCurve,1.5-7
flexpolyline,0.3.0
FlexReg,1.4.2
FlexRL,0.1.1
flexrsurv,2.0.18
FlexScan,0.2.2
flexsiteboard,0.0.7
flexsurv,2.3.2
flexsurvcure,1.3.3
flextable,0.9.12
flexurba,0.2.3
FlexVarJM,0.1.0
FlickrAPI,0.1.0.1
FLightR,0.5.6
flightsbr,1.1.1
flimo,0.1.5
flint,0.1.4
flintyR,0.1.0
flip,2.5.1
flipbookr,0.1.0
flipdownr,0.1.1
flipdownWidgets,0.1.0
flippant,1.5.7
flipr,0.3.3
flipscores,1.3.2
flir,0.6.0
float,0.3-3
flock,0.7
flocker,1.0-2
flood,0.1.1
FloodFreqPlot,0.1.0
FLOPART,2024.6.19
flora,0.3.4
florabr,1.3.1
FLORAL,0.7.0
flourishcharts,1.0.0.3
flow,0.2.0
flowchart,1.0.1
flowcluster,0.2.1
FlowerMate,1.1
flowmapblue,0.0.2
flowmapper,0.1.4
flownet,0.3.0
FlowRegEnvCost,0.1.1
FlowScreen,2.1
flowTraceR,0.1.1
flps,1.1.0
FLR,1.0
flsa,1.5.5
FLSSS,9.2.8
fluffy,1.0.0
Fluidigm,0.2
fluidsynth,1.0.3
fluorojip,0.1.1
fluoSurv,1.0.0
fluspect,1.0.0
fluxfinder,1.2.2
fluxfixer,1.1.0
fluxible,1.3.6
FluxPoint,0.1.2
FluxSeparator,2.0.0
fluxtools,0.7.1
fluxweb,2.0.1
flying,0.1.3
FlyingR,0.2.3
fma,2.5
FMAdist,0.1.2
FMAT,2026.1
FMC,1.0.1
FMCensSkewReg,0.1.1
fmcmc,0.5-2
fmds,0.1.5
fmdu,0.2.1
FME,1.3.6.4
fmeffects,0.1.4
fmesher,0.8.0
fmi,0.1.7
FMM,0.4.1
FMP,1.4
fmpapi,1.0.1
fmpcloudr,0.1.7
FMradio,1.1.2
fmri,1.9.12.1
fmriAR,0.3.2
fmrihrf,0.3.0
fmriqa,0.5.0
fMRIscrub,0.15.0
fMRItools,0.7.2
fmsb,0.7.6
FMsmsnReg,1.0
FMStable,0.1-4
fmt,2.0
fmtr,1.7.3
fMultivar,4031.84
fmx,0.1.3
fnets,0.1.6
FNN,1.1.4.1
fNonlinear,4052.83
FnR,1.1.0
fntl,0.1.2
FOCI,0.1.3
FoCo2,0.1.4
focus,0.1.8
focusedMDS,1.3.3
foghorn,1.6.1
folda,0.2.0
foldedt,1.0
folders,0.1.0
folio,1.5.1
fomantic.plus,0.1.0
fonctionr,0.5.1
fontawesome,0.5.3
fontBitstreamVera,0.1.1
fontcm,1.2
fontLiberation,0.1.0
fontquiver,0.2.1
foodquotient,0.1.1
foodwebr,1.0.0
foodwebWrapper,1.2.0
footballpenaltiesBL,1.0.0
footBayes,2.0.0
footprint,0.2
foqat,2.0.8.2
ForagingOrg,0.1.0
forams,2.0-6
forcats,1.0.1
ForCausality,0.1.0
forceplate,1.1-5
forceR,1.0.20
forcis,1.0.1
FORD,0.1.2
FoRDM,1.0.3
foreach,1.5.2
ForeCA,0.2.7
forecast,9.0.2
forecastADAPT,0.1.0
ForecastCombinations,1.1
forecasteR,3.0.2
forecastHybrid,5.1.21
ForecastingEnsembles,0.5.1
forecastLSW,1.1.1
FoReco,1.3.0
FoRecoML,1.1.0
ForeComp,1.0.0
forecTheta,3.0.3
foreign,0.8-91
forensicolors,1.0.0
forensicpopdata,1.0.4
forensim,4.3.3
forestat,1.1.0
forestBalance,0.1.0
forestControl,0.2.2
ForestDisc,0.1.0
forestecology,0.2.1
forested,0.2.0
ForestElementsR,3.0.0
forestError,1.1.0
ForestFit,2.4.3
ForestGapR,0.1.7
forestGYM,1.0.0
forestHES,2.0.1
forestinventory,1.0.0
forestly,0.1.5
forestmangr,0.9.9
forestmodel,0.6.2
forestplot,3.2.0
forestploter,1.1.4
forestr,2.0.2
forestry,0.1.1
forestSAS,2.0.5
forestsearch,0.1.0
ForestTools,1.0.3
foretell,0.2.0
forge,0.2.1
forgts,0.0.1
ForIT,2.5.2
ForLion,0.4.0
formatBibtex,0.1.1
formatdown,0.2.0
formatR,1.14
formattable,0.2.1
formatters,0.5.12
formods,0.2.2
formr,1.1.0
FormShare,1.0.1
Formula,1.2-5
formula.tools,1.7.1
formulaic,0.0.8
formulaiv,0.1.0
formulops,0.5.1
FormulR,1.0.0
forplo,0.2.5
forrel,1.9.0
forrest,0.3.0
forstringr,1.0.0
fortniteR,0.1.0
fortunes,1.5-5
forward,1.0.7
forwards,0.1.3
fossil,0.4.0
fossilbrush,1.0.6
FossilSim,2.4.4
FossilSimShiny,1.1.2
foto,1.1
foundry,0.13.0
FourgameteP,0.1.0
fourierin,1.0.0
fourinarow,0.1.1
FourScores,1.5.1
FourWayHMM,1.0.0
fozziejoin,0.0.13
fpa,1.0
fPASS,1.0.0
fpc,2.2-14
FPCA3D,1.0
FPCdpca,0.4.0
fpCompare,0.2.6
FPDclustering,2.3.5
fpeek,0.2.1
fpest,0.1.1
FPLdata,0.1.0
fplot,1.2.0
fplyr,1.3.0
fpod,1.0.1
fpop,2019.08.26
fpopw,1.1
fPortfolio,4023.84
fpow,0.0-3
fpp2,2.5.1
fpp3,1.0.3
fpROC,0.1.0
fpsim,0.2.0
fptdApprox,2.5
fqacalc,1.1.1
fqadata,1.1.1
fqar,0.5.6
fqardl,1.0.2
fr,0.5.2
frab,0.0-6
fracARMA,0.1.0
fracdiff,1.5-4
fracdist,0.1.1
FracFixR,1.1.0
FracKrigingR,1.0.0
fracprolif,1.0.7
fractaldim,0.8-5
fractalforest,1.0.1
FractalParameterEstimation,1.1.2
fractD,0.1.0
FRACTION,1.1.1
fractional,0.1.3
fracture,0.2.2
FragiliTidy,0.1.0
fragility,1.6.1
Fragman,1.1.0
FrailtyCompRisk,0.1.1
frailtyEM,1.0.1
frailtyHL,2.3
frailtyMMpen,1.2.1
frailtypack,3.8.0
frailtyROC,1.0.0
frailtySurv,1.3.8
frair,0.5.203
framecleaner,0.2.1
Frames2,0.2.1
framework,1.0.2
franc,1.1.4
FRAPO,0.4-2
FRApp,1.0.0
frapplot,0.1.3
FRB,2.0-1
frbinom,1.0.0
frbs,3.2-0
FRCC,1.1.0
FRCI,0.1.0
frechet,0.3.0
fred,0.2.0
fredr,2.1.0
free,1.0.2
free1way.docreg,1.0-2
freealg,1.1-8
freebird,1.0
freebsdcontribs,0.1.0
freecurrencyapi,0.1.0
freedom,1.0.1
freegroup,1.2-0
freestiler,0.2.0
freesurfer,1.8.1
freesurferformats,1.0.0
FREEtree,0.1.0
freewall,1.0.0
fRegression,4021.83
frenchCurve,0.2.0
frenchdata,0.2.0
FREQ,1.0
freqdist,0.1
freqdistributionNogives,0.1.1
freqdom,2.0.5
freqparcoord,1.0.1
freqpcr,0.4.0
FreqProf,0.0.1
freqtables,0.1.1
frequency,0.4.1
frequencyConnectedness,0.2.4
frequentdirections,0.1.0
frequentistSSD,0.1.1
frequentistSSDBinary,0.1.0
FRESA.CAD,3.4.8
fresh,0.2.2
freshr,1.0.2
FrF2,2.3-5
FrF2.catlg128,1.2-4
frheritage,0.1.1
FRI,1.0
frictionless,1.2.1
friendlynumber,1.0.0
friends,0.1.0
fritools,4.6.0
fritools2,4.1.0
FRK,2.3.2
fRLR,1.3.0
froggeR,1.0.1
fromhere,0.1.0
fromo,0.2.4
frontier,1.1-8
frontiles,1.3.1
frontmatter,0.3.0
frostr,0.2.0
froth,1.1.0
frscore,0.5.2
fru,0.0.7
fruclimadapt,0.4.5
fs,2.1.0
FSA,0.10.1
FSAdata,0.4.1
fsbrain,0.5.6
fscache,1.0.5
fscontext,0.2.0
FSDAM,2024.7-30
fsdaR,0.9-1
FSelector,0.34
FSelectorRcpp,0.3.13
fsemipar,1.1.1
fsia,1.1.1
FSinR,2.0.10
FSK2R,0.2.0
fslr,2.27.0
FSM,1.0.0
fsn,0.4
fso,2.1-4
fspe,0.1.2
fsr,2.0.1
fSRM,0.6.5
FSSF,0.1.2
fssg,1.0.0
fst,0.9.8
fst4pg,1.0.0
Fstability,0.1.2
fstcore,0.10.0
fsthet,1.0.1
FSTpackage,0.1
ftaproxim,0.0.1
ftDK,1.0
ftExtra,0.6.4
fTrading,3042.79
ftrCOOL,2.0.0
ftsa,6.7
FTSgof,1.0.0
fucom,0.0.4
fude,0.4.1
fuel,1.2.0
FuelDeep3D,0.1.1
fueleconomy,1.0.0
fugue,0.1.7
fuj,0.2.2
fullfact,1.6
fullRankMatrix,0.1.0
fullROC,0.1.0
fun,0.4
funbootband,0.2.0
func2vis,1.0-3
FuncDiv,1.0.0
funcharts,1.8.1
funchir,0.3.0-1
FunChisq,2.5.4
funcMapper,1.0.2
funcml,0.7.1
FunctanSNP,0.1.0
functional,0.7
FunctionalCalibration,1.0.0
functionals,0.5.0
functiondepends,0.2.3
funData,1.3-9
fundiversity,1.1.1
funFEM,1.2
fungible,2.4.7
funGp,1.0.0
funHDDC,2.3.1.1
funIHC,0.1.0
funique,0.0.1
fUnitRoots,4052.82
funkycells,1.1.1
funkyheatmap,0.5.2
funmediation,1.0.2
funModeling,1.9.6
funMoDisco,1.1.5
funneljoin,0.2.0
FunnelPlotR,0.6.0
funnelR,0.1.0
funpca,9.0
funprog,0.3.0
funr,0.3.2
funrar,1.5.0
funreg,1.2.2
funspace,0.2.2
funspotr,0.0.5
funStatTest,1.0.3
FunSurv,1.0.0
FUNTA,0.1.1
funtimes,10.0
funviewR,0.1.1
FunWithNumbers,1.2
furniture,1.11.0
furrr,0.4.0
fusedMGM,0.1.2
fusedTree,1.1.0
fuseMLR,0.0.4
fusen,0.7.2
fuser,1.0.1
fusionchartsR,1.2.0
fusionclust,1.0.0
FusionLearn,0.2.1
fussclust,0.1.0
futile.logger,1.4.9
futile.options,1.0.1
futility,0.5
future,1.70.0
future.apply,1.20.2
future.batchtools,0.22.0
future.callr,1.0.0
future.mirai,1.0.0
future.tests,0.9.0
futureverse,0.3.0
futurize,1.0.0
fuzzr,0.2.2
FuzzyAHP,0.9.5
FuzzyClass,0.1.7
fuzzyforest,1.0.8
FuzzyImputationTest,0.5.5
fuzzyjoin,0.1.8
fuzzylink,0.4.1
FuzzyM,0.1.0
FuzzyNumbers,0.4-7
FuzzyNumbers.Ext.2,3.2
FuzzyPovertyR,3.0.2
FuzzyQ,0.1.0
FuzzyR,2.3.2
fuzzyRankTests,0.5
FuzzyResampling,0.6.4
fuzzySim,4.54
FuzzySimRes,0.4.8
FuzzySpec,1.0.0
FuzzyStatTra,1.0
fuzzystring,0.0.5
FuzzySTs,0.4
fuzzywuzzyR,1.0.6
FVDDPpkg,0.1.2
fwb,0.6.0
FWDselect,2.1.1
fwlplot,0.3.0
FWRGB,0.1.0
fwtraits,1.0.0
fxl,1.7.3
fxregime,1.0-4
fxTWAPLS,0.1.3
fy,0.4.2
fz,1.1
g.data,2.4.1
g.ridge,1.0
G2Sd,2.2
g6R,0.6.0
GA,3.2.5
gaawr2,0.0.8
GABB,0.3.10
GACE,1.0.0
GACFF,1.0
GAD,2.0
GADAG,0.99.0
gadget3,0.15-1
gadjid,0.1.0
GAGAs,0.6.2
GAGBLUP,1.0
gageRR,0.1.0
GAIPE,1.1
galah,2.2.0
GALAHAD,2.0.0
galamm,0.4.0
galaxias,0.1.2
GalaxyR,0.1.2
galisats,2.2.0
gallery,1.0.0
GALLO,2.0
galts,1.3.2
gam,1.22-7
gam.hp,0.0-5
gamair,1.0-2
gambin,2.5.0
gamboostLSS,2.2-0
gamclass,0.62.7
gamCopula,0.0-8
GAMens,1.2.1
gameR,0.0.7
gamesGA,1.1.3.7
GameTheory,2.7.1
gamlr,1.13-9
gamlss,5.5-0
gamlss.add,5.1-14
gamlss.cens,5.0-7
gamlss.data,6.0-7
gamlss.dist,6.1-1
gamlss.inf,1.0-2
gamlss.lasso,1.0-1
gamlss.mx,6.0-1
gamlss.tr,5.1-9
gamlssbssn,0.1.0
gamlssx,1.0.2
gamm4,0.2-7
gamma,1.1.0
GammaFrailty,0.1.0
gammaFuncModel,6.0
Gammareg,3.0.1
gammi,0.2
gammSlice,2.0-2
gamRR,0.7.0
gamsel,1.8-5
gamselBayes,2.0-3
gamstransfer,3.0.8
gamutil,0.8.1
ganDataModel,2.0.1
gander,0.2.0
ganGenerativeData,2.1.6
GANPA,1.2
GANPAdata,1.0
ganttify,0.2.7
gap,1.15.2
gap.datasets,0.0.6
GapAnalysis,2.0.2
GAparsimony,0.9.5
gapclosing,1.0.3
gapmap,1.0.0
gapminder,1.0.1
GAPR,0.1.5
gaQSAR,1.2.3
GARCH.X,2.0
GARCHIto,0.1.0
GARCHSK,0.1.0
garchx,1.7
GARCOM,1.2.2
GAReg,0.1.2
gargle,1.6.1
gargoyle,0.0.1
garma,1.0.1
garray,1.1.2
gasanalyzer,0.4.3
gaselect,1.0.25
gasfluxes,0.7
gasmodel,0.6.2
GaSP,1.0.6
gasper,1.1.6
gastempt,0.7.0
gaston,1.6
gatepoints,0.1.5
gateR,0.1.16
gatoRs,2.0.0
GauPro,0.2.17
gauseR,1.3
gausscov,1.1.8
gaussDiff,1.1.1
gaussfacts,0.0.2
GaussianHMM1d,1.1.2
gaussplotR,0.2.5
gaussquad,1.0-3
gaussratiovegind,3.0.0
GaussSuppression,1.3.0
gawdis,0.1.5
gazepath,1.4
GB2,2.1.2
GB2group,0.3.0
GB5mcPred,0.1.0
GBASS,2.0.1
gbeta,0.1.0
gbfs,1.3.10
gbifdb,1.0.0
GBJ,0.5.4
gbm,2.2.3
gbm.auto,2024.10.01
gbm2sas,4.0
gbm3,3.0.1
gbmt,0.1.4
GBOP2,0.1.4
gbRd,0.4.12
gbts,1.2.0
gbutils,0.5.1
GCalignR,1.0.7
gCat,0.2
gcbd,0.2.7
GCCfactor,1.1.6
GCD,4.0.7
gcdnet,1.0.6
gcerisk,19.05.24
GCEstim,1.1.0
gchartsmap,1.0.1
gcite,0.11.0
gcKrig,1.1.8
gclink,1.1
gclm,0.0.1
gclus,1.3.3
gcmr,1.0.4
gcomputation,0.34
gconsensus,0.3.2
gcookbook,2.0.1
gcor,0.1.0
GCPBayes,4.3.0
gcpca,0.0.1
gcplyr,1.12.0
GCPM,1.2.2
GCSM,0.2.0
gcTensor,1.0.0
gctsc,0.2.4
GCubeR,0.1.3
gcxgclab,1.1.0
GD,10.9
GDAdata,0.93
gdalcubes,0.7.4
gdalraster,2.6.1
gdalUtilities,1.2.5
gdata,3.0.1
GDAtools,2.3
gde,0.2.1
gdi,1.10.0
gdiff,0.2-5
GDILM.ME,1.2.1
GDILM.SIR,1.2.1
gdim,0.1.1
GDINA,2.9.12
gdistance,1.6.5
gdldata,0.3
gdm,1.6.0-7
gdpc,1.1.4
GDPuc,1.6.1
gds,0.1.1
GDSARM,0.1.1
gdtools,0.5.1
gdverse,1.6
gdxdt,0.1.0
gdxtools,1.1.1
GE,0.5.4
gear,0.3.4
geboes.score,1.0.0
GEC,0.1.0
GECal,0.1.7
gecko,1.0.3
gedi2,2.3.4
GeDS,0.3.3
gee,4.13-29
GEEaSPU,1.0.2
geeasy,0.1.3
geeCRT,1.1.5
geecure,1.0-6
geeLite,1.0.6
geeM,0.10.1
GEEmediate,1.1.4
geepack,1.3.13
geer,0.1.0
geesmv,1.3
geess,1.0.1
geessbin,1.0.2
geeVerse,0.3.1
geex,1.1.1
geigen,2.3
geiger,2.0.11
GEInfo,1.0
GEint,1.1
GEInter,0.3.2
gek,1.2.0
gellipsoid,0.7.3
gelnet,1.2.1
GEmetrics,1.0.0
gemini.R,0.17.2
gemma2,0.1.3
gemR,1.2.2
gems,1.1.1
GEMSS,0.1.1
gemtc,1.1-1
gen2stage,1.0
gen3sis,1.6.0
gen5helper,1.0.1
gena,1.0.1
GenAI,0.2.0
genalg,0.2.1
GenAlgo,2.2.1
genBaRcode,1.2.8
GenBinomApps,1.2.1
GencoDymo2,1.0.4
gencor,1.0.2
genCountR,1.0.0
gendata,1.2.0
gender,0.6.0
genderapi,1.0.3
genderBR,1.3.0
gendercoder,0.1.1
GenderInfer,0.1.0
genderstat,0.1.5
gendertext,0.1.0
gendist,2.0
GENEAclassify,1.5.5
GENEAcore,1.2.0
GENEAread,2.0.10
GeneCycle,1.1.6
geneExpressionFromGEO,1.3
GeneF,1.0.1
genefindr,1.0.0
geneHummus,1.0.11
genekitr,1.2.8
genemodel,1.1.0
GeneNet,1.2.17
GeneNMF,0.9.2
geneNR,3.0.0
genepi,1.0.3
genepop,1.2.14
GenePopStats,0.1.0
generalCorr,1.2.6
generalhoslem,1.3.4
GeneralizedHyperbolic,0.8-7
GeneralizedUmatrix,1.3.1
GeneralizedUmatrixGPU,0.1.14
GeneralizedWendland,0.6.1
GeneralOaxaca,1.0
generalRSS,0.1.3
GenerateIndexPedigree,1.0.0
generator,0.1.0
GenericML,0.2.3
generics,0.1.4
GeneScape,1.0
GeneScoreR,0.2.0
geneset,0.2.7
GenEst,1.4.9
genesysr,2.2.0
genetic.algo.optimizeR,0.3.3
geneticae,1.0.1
genetics,1.3.8.1.3
GeneticSubsetter,0.8
GeNetIt,0.1-7
geneviewer,0.1.11
genfrn,0.1.4
GenHMM1d,0.2.6
genie,1.0.7
genieBPC,2.2.0
genieclust,1.3.0
genio,1.1.2
geniusr,1.2.1
genlasso,1.6.1
GENLIB,1.1.10
genlogis,1.0.2
GenMarkov,0.2.1
genMCMCDiag,0.2.3
GENMETA,0.2.0
geno2proteo,0.0.6
genodds,1.1.2
GenomeAdmixR,2.1.13.2
genomic.autocorr,1.0-1
genomicper,1.8
GenomicSig,0.1.0
GenomicTools.fileHandler,0.1.5.9
genoPlotR,0.8.11
GenoPop,1.0.0
GenOrd,2.1.0
GenoTriplo,1.1.3
GenOU,0.2.1
genpathmox,1.1
genproc,0.2.0
genridge,0.8.0
GenSA,1.1.15
genscore,1.0.2.2
genSEIR,0.1.1
genset,0.1.1
gensphere,1.3
genstab,1.0.0
genSurv,1.0.6
gensvm,0.1.7
GenTag,1.0
gentransmuted,1.0
genTS,0.1.4
GenTwoArmsTrialSize,0.0.5
GenWin,1.0
GeoAdjust,2.0.1
geoAr,1.2.2
geoarrow,0.4.3
geoarrowWidget,0.1.0
geoBayes,0.7.7
geobounds,0.1.2
geobr,2.0.1
geocacheR,0.1.0
geocausal,0.4.2
geocmeans,0.3.4
geocodebr,0.6.3
geocomplexity,0.3.0
geodaData,0.1.0
geodata,0.6-9
geoDeltaAudit,0.1.0
GeoDensityR,0.1.2
geodetector,1.0-5
geodimension,2.0.0
geodist,0.1.1
geodiv,1.1.0
geodrawr,2.0.0
GeodRegr,0.2.0
geoelectrics,0.2.2
geofacet,0.2.4
geofi,1.2.1
GeoFIS,1.1.1
geoflow,1.3.0
geoGAM,0.1-4
geogenr,2.0.1
geographiclib,0.4.2
geogrid,0.1.3
geohabnet,2.3
geohashTools,0.3.3
geoheatmap,0.1.0
geojson,0.3.5
geojsonio,0.11.3
geojsonR,1.1.2
geojsonsf,2.0.5
geokmeans,0.1.0
geomander,2.5.2
GEOmap,2.5-11
geomapdata,2.0-2
GeomArchetypal,1.0.3
geomaroc,0.1.1
geomerge,0.3.4
geometa,0.10.1
GeometricMorphometricsMix,0.6.1.1
geometries,0.2.5
geometry,0.5.2
geommc,1.3.2
geomod,0.1.0
GeoModels,2.2.5
GeoMongo,1.0.3
geomorph,4.1.1
geomtextpath,0.2.0
geomultistar,1.2.2
geonames,0.999
geonapi,0.8-1
geonetwork,0.6.0
geonode4R,0.1-2
geonuts,1.0.1
geoperu,0.0.1
geoprofiler,0.0.3
geopsych,0.1.0
geoR,1.9-6
GeoRange,0.1.0
georefdatar,0.6.5
georob,0.3-23
geos,0.2.5
geoSAE,0.1.0
geosapi,0.8
geoscale,2.0.1
geosimilarity,3.9
geospark,0.3.1
geospatialsuite,0.2.0
geosphere,1.6-8
geospt,1.0-6
geosptdb,1.0-3
geostan,0.8.2
geostats,1.6
geostatsp,2.0.11
geotargets,0.3.1
GeoThinneR,2.1.1
geotools,0.1
geotoolsR,1.2.1
geotopbricks,1.5.9.1
GeoTox,1.0.0
geoTS,0.1.10
GeoVersa,0.3.0
geovizr,1.0.0
geovol,1.1
GeoWeightedModel,1.0.3
geozoo,0.5.1
gepaf,0.2.0
GephiForR,0.1.1
geppe,1.1
gerbil,0.1.9
gerda,0.6.0
gerefer,0.1.3
GerminaR,2.1.6
germinationmetrics,0.1.10
GeRnika,1.2.0
gert,2.3.1
gesca,1.0.5
GESE,2.0.1
gesisdata,0.1.2
geslaR,1.0-3
gestalt,0.2.0
gestate,1.6.0
GET,1.0-8
getable,1.0.3
GetBCBData,0.9.1
getCRUCLdata,2.0.0
GETdesigns,1.2.0
GetDFPData2,0.6.5
getDTeval,0.0.2
GetFREData,1.0.1
getip,0.1-4
getLattes,1.0.0
GetLattesData,1.5
getmstatistic,0.2.2
getopt,1.21.1
GetoptLong,1.1.1
getPass,0.2-4
getProxy,1.13
GetQuandlData,1.0.0
getRad,0.3.0
gets,0.38
getspanel,0.2.1
getspres,0.2.0
GetTDData,1.6.0
gettz,0.0.5
getwiki,0.9.0
GEVACO,1.0.1
GEVcdn,1.1.6-2
gexp,1.0-21
geysertimes,0.1.9
GFA,1.0.5
gfboost,0.1.1
GFD,0.3.3
GFDmcv,0.1.0
GFDrmst,0.1.1
GFDrmtl,0.1.0
GFDsurv,0.1.2
GFE,0.1.2
gfer,0.1.12
GFFStrandLoc,0.1.0
GFGM.copula,1.0.4
GFisher,0.2.0
gfiUltra,1.0.0
GFM,1.2.2
gfonts,0.2.0
gfoRmula,1.1.1
gfoRmulaICE,1.1.1
gFormulaMI,1.0.3
gfunctions,1.1
gg.gap,1.3
gg1d,0.1.0
ggalign,1.2.0
ggaligner,0.1
ggalignment,1.0.2
ggallin,0.1.2
ggalluvial,0.12.6
GGally,2.4.0
ggalttext,0.3.0
ggamma,1.0.2
gganimate,1.0.11
ggarchery,0.4.4
ggarrow,0.1.1
ggauto,0.0.2
ggautomap,0.4.0
ggbeeswarm,0.7.3
ggbiplot,0.6.2
ggblanket,20.0.0
ggblend,0.1.2
ggbond,0.0.5
ggborderline,0.3.0
ggbrace,0.1.2
ggbrain,0.9.1
ggbreak,0.1.7
ggbrick,0.3.2
ggBubbles,0.1.4
ggbuildr,0.1.0
ggchangepoint,0.3.0
ggcharts,0.2.1
ggChernoff,0.3.0
ggChinaFlag,0.2.0
ggchord,0.2.0
ggcircular,0.1.0
GGClassification,0.1
ggcleveland,0.1.0
ggcompare,0.0.6
ggcorrheatmap,0.3.0
ggcorrplot,0.1.4.1
ggcube,0.1.0
ggdag,0.2.13
ggdaynight,0.1.3
ggdemetra,0.2.9
ggdendro,0.2.0
ggdensity,1.0.1
ggdiagram,0.2.0
ggdibbler,0.6.5
ggdiceplot,1.2.0
ggdist,3.3.3
ggdmc,0.2.6.2
ggdmcHeaders,0.2.9.1
ggdmcLikelihood,0.2.9.0
ggdmcModel,0.2.9.0
ggdmcPrior,0.2.9.0
ggDNAvis,1.0.1
ggDoE,0.8
ggDoubleHeat,0.1.3
gge,1.10
ggeasy,0.1.6
GGEBiplots,0.1.3
ggEDA,0.2.0
ggeffects,2.3.2
ggenealogy,1.0.3
GGenemy,0.1.0
ggerror,1.0.0
ggetho,0.3.7
ggExametrika,1.1.1
ggExtra,0.11.0
ggfacto,0.3.2
ggfields,0.0.7
ggfigdone,0.1.2
ggFishPlots,0.4.0
ggfittext,0.10.4
ggfixest,0.4.0
ggflowchart,1.0.0
ggfocus,1.0.1
ggfootball,0.3.0
ggforce,0.5.0
ggforestplotR,0.2.2
ggformula,1.0.1
ggfortify,0.4.19
ggfoundry,0.3.1
ggfun,0.2.1
ggfx,1.0.3
gggap,1.0.1
gggda,0.1.1
gggenes,0.7.0
gggenomes,1.1.3
ggghost,0.2.3
gggibbous,0.1.1
gggrid,0.2-0
ggguides,1.1.10
ggh4x,0.3.1
gghalfnorm,1.1.2
gghdx,0.1.4
gghexsize,0.1.0
gghighlight,0.5.0
gghinton,0.1.0
gghist,0.1.0
ggHoriPlot,1.0.1
gghourglass,0.0.3
ggimage,0.3.5
ggimg,0.1.2
ggincerta,0.2.0
gginference,0.1.3
gginnards,0.2.0-2
ggInterval,0.2.5
ggip,0.3.2
GGIR,3.3-6
ggiraph,0.9.6
ggiraphExtra,0.3.0
GGIRread,1.0.8
ggisotonic,0.1.2
ggkodom,1.0.3
gglasso,1.6
gglgbtq,0.2.0
gglinedensity,0.2.0
gglm,1.0.5
gglogger,0.1.8
gglorenz,0.0.2
gglycan,0.0.3
gglyph,0.2.0
ggm,2.5.2
ggmap,4.0.2
ggmapcn,0.3.0
ggmapinset,0.5.0
ggmatplot,0.1.3
ggmcmc,1.5.1.2
ggmemo,0.1.0
ggmice,0.1.1
ggmix,0.0.2
ggmlR,0.7.8
GGMncv,2.1.2
ggmr,0.1.1
GGMridge,1.5
ggmRSCU,0.1.0
ggmugs,0.6.0
ggmuller,0.7.0
ggmulti,1.0.9
ggnetwork,0.5.14
ggnewscale,0.5.2
ggnormalviolin,0.3.0
ggOceanMaps,3.0.0
ggokabeito,0.1.0
ggordiplots,0.4.3
GGoutlieR,1.0.2
ggpackets,0.2.2
ggpage,0.2.3
ggparty,1.0.0.1
ggpath,1.1.1
ggpattern,1.3.1
ggpca,0.1.3
ggpcp,0.2.0
ggpedigree,1.2.0
ggperiodic,1.0.4
ggpicrust2,2.5.17
ggplate,0.3.1
ggplayfair,0.1.1
ggplot.multistats,1.0.1
ggplot2,4.0.3
ggplot2.utils,0.3.3
ggplot2movies,0.0.1
ggplotAssist,0.1.3
ggplotgui,1.0.0
ggplotify,0.1.3
ggplotplus,0.5.5
ggpmisc,1.0.0
ggPMX,1.3.2
ggpointdensity,0.2.1
ggpointless,0.3.0
ggpolar,0.2.2
ggpolypath,0.4.0
ggpop,1.7.1
ggpp,0.6.1
ggprism,1.0.7
ggpubr,1.0.0
ggpval,0.2.5
ggQQunif,0.1.5
ggquickeda,0.3.3
ggquiver,0.4.0
ggragged,0.2.0
ggrain,0.1.2
ggRandomForests,3.4.0
ggraph,2.2.2
ggraptR,1.3
ggrastr,1.0.2
ggrcs,0.4.3
ggrecipes,0.1.0
ggredist,0.0.4
ggrefine,0.4.0
ggrepel,0.9.8
ggreveal,0.2.0
GGRidge,1.1.0
ggridges,0.5.7
ggrisk,1.3
ggrounded,0.2.0
ggroups,2.1.2
ggRtsy,1.2.1
ggsankeyfier,0.1.8
ggScatRidges,1.1.0
ggsced,0.1.6
ggsci,5.1.0
ggscidca,0.2.8
ggscribe,0.1.1
ggseg,2.2.1
ggseg.formats,0.0.4
ggseg.meshes,0.0.1
ggseg3d,2.1.2
ggsegmentedtotalbar,0.1.0
ggsem,1.0.0.1
ggseqlogo,0.2.2
ggseqplot,0.8.9
ggshadow,0.0.5
ggside,0.4.1
ggsignif,0.6.4
ggskewboxplots,1.0.0
ggsky,0.1.0
ggsmc,0.2.0
ggsoccer,0.2.0
ggsolvencyii,0.1.2
ggsom,0.4.0
ggspark,0.0.2
ggspatial,1.1.10
ggspec,0.1.0
ggspectra,0.4.0
ggsql,0.3.3
ggstackplot,0.4.1
ggstance,0.3.7
ggstar,1.0.6
ggstats,0.13.0
ggstatsplot,1.0.0
ggstudent,0.1.2
ggsurveillance,0.5.2
ggsurvey,1.0.0
ggsurvfit,1.2.0
ggswissmaps,0.1.2
ggtaichi,0.1.0
ggtangle,0.1.2
ggtea,0.1.1
ggtern,4.0.0
ggtext,0.1.2
ggThemeAssist,0.1.5
ggthemes,5.2.0
ggthemeUL,0.1.3
ggtibble,1.0.4
ggtikz,0.1.5
ggtime,0.2.0
ggtrace,0.2.0
ggtranslate,0.1.2
ggtreebar,0.1.0
ggtrendline,1.0.3
ggtricks,0.1.0
GGUM,0.5
ggupset,0.4.1
ggvariant,0.1.0
ggvegan,0.2.1
ggvenn,0.1.19
ggVennDiagram,1.5.7
ggversa,0.1.1
ggvfields,1.0.1
ggview,0.2.2
ggvis,0.4.10
ggvolc,0.1.0
ggvolcano,0.1.4
ggWebGL,0.8.0
ggwidth,0.1.2
ggwordcloud,0.6.2
ggx,0.1.1
gh,1.6.0
ghapps,1.1.1
Ghat,0.2.0
ghclass,0.4.0
ghcm,3.0.1
GHCNr,1.4.7
ghibli,0.3.4
Ghost,0.1.0
ghql,0.1.2
GHRexplore,0.2.2
GHRmodel,0.1.1
ghyp,1.6.5
ghypernet,1.1.2
GiANT,1.3.4
gibasa,1.1.3
gibble,0.4.0
GIC,1.0.0
gicf,1.0.1
gie,0.1.3
gif,0.1.1
Gifi,1.0-0
gifski,1.32.0-2
GIFT,1.3.3
gifti,0.9.0
gigg,0.2.1
GIGrvg,0.8
GillespieSSA,0.6.2
GillespieSSA2,0.3.0
gilmour,0.1.1
gim,0.33.1
gimap,1.1.2
gimme,10.0
GIMMEgVAR,0.1.0
GimmeMyPlot,0.1.0
GimmeMyStats,1.0.0
gimms,1.2.5
GINAX,0.1.0
Gini,0.1.0
giniCI,0.1.3
GiniDecompLY,1.0.1
GiniDistance,0.1.1
giniVarCI,0.0.1-3
ginormal,0.0.2
GInSARCorW,1.15.8
gIPFrm,3.1
GIplot,0.1.0
gips,1.2.3
gipsDA,0.1.2
GiRaF,1.0.2
giscoR,1.1.1
GISINTEGRATION,1.0
GISSB,1.1
GISTools,1.0-2
gistr,0.9.0
git2r,0.36.2
git2rdata,0.5.2
git4r,0.1.2
GitAI,0.1.3
gitcreds,0.1.2
gitdown,0.1.6
gitear,1.0.0
githubr,0.9.1
gitignore,0.1.8
gitlabr,2.1.0
gitr,0.1.0
GitStats,2.5.2
gittargets,0.0.7
givitiR,1.3
gjam,2.7
gJLS2,0.2.0
GJRM,0.2-6.9
GJRM.data,0.1-1
gk,0.6.0
GK2011,0.1.3
gkgraphR,1.0.3
gkmSVM,0.83.0
gKRLS,1.0.4
gkrreg,0.4.0
gkwdist,1.1.4
gkwreg,2.1.14
glam,1.0.2
glarma,1.7-1
Glarmadillo,1.1.1
GlarmaVarSel,1.0
glassdoor,0.9.0
glasso,1.11
glassoFast,1.0.1
glasstabs,0.3.3
glba,0.2.1
GLBFP,0.5.2
glca,1.4.2
glcm,1.6.6
GLCMTextures,0.6.3
gld,2.6.8
GLDEX,2.0.0.9.4
GLDreg,1.1.2
gldrm,1.6
gleam,0.8.0
gleifr,0.1.0
glinternet,1.0.12
glinvci,1.2.4
glioblastomaEHRsData,1.1.0
gllm,0.38
gllvm,2.0.11
glm.deploy,1.0.4
glm.predict,4.3-2
glm2,1.2.1
glm4,0.1.0
GLMBasedRaschEstimation,0.2.0
glmbayes,0.9.6
glmbb,0.5-1
glmc,0.4-1
GLMcat,1.0.0
glme,0.1.0
glmertree,0.2-6
glmfitmiss,2.1.0
glmlep,0.2
glmm,1.4.5
glmm.hp,1.0-0
GLMMadaptive,0.9-7
GLMMcosinor,0.2.1
glmmEP,1.0-3.1
glmmFEL,1.0.5
glmmfields,0.1.8
glmMisrep,0.1.1
glmmLasso,1.6.4
glmmML,1.1.7
glmmPen,1.5.4.8
glmmrBase,1.4.1
glmmrOptim,0.5.1
GLMMRR,0.6.0
glmmsel,1.0.3
GLMMselect,1.2.0
glmmSeq,0.5.7
glmmTMB,1.1.14
glmnet,5.0
glmnetcr,1.0.7
glmnetr,0.6-3
glmnetSE,0.0.1
glmnetUtils,1.1.9
GLmom,2.0.0
GLMpack,0.1.0
glmpath,0.98
glmpathcr,1.0.10
glmpca,0.2.0
glmpermu,0.0.1
GLMsData,1.4
GlmSimulatoR,1.0.0
glmSTARMA,1.0.0
glmtlp,2.0.2
glmtoolbox,0.1.12
glmtrans,2.1.0
glmulti,1.0.8
glmvsd,1.5
glmx,0.2-2
glmxdiag,1.0.0
globalKinhom,0.1.10
GlobalOptions,0.1.4
globalOptTests,1.1
globals,0.19.1
globaltrends,0.0.14
globe,1.2-0
glober,1.0
gloBFPr,0.1.3
globpso,1.3.1
glogis,1.0-3
glorenz,0.1.1
glossa,1.2.4
glossary,1.0.0
glossr,0.8.0
glow,0.13.0
gLRTH,0.2.0
glscalibrator,0.1.0
glsm,0.0.0.6
GLSME,1.0.5
GLSUP,1.0.1
glue,1.8.1
glueDo,0.1.0
gluedown,1.0.9
gluvarpro,7.0
glvmfit,0.1.0
glyparse,0.7.0
glyph,0.1.0
glyrepr,0.13.0
gm,2.0.0
GMAC,3.2
gmailr,3.0.0
gmapsdistance,4.0.5
GMC,0.1.2
GMCM,1.4
gMCP,0.8-17
gMCPLite,0.1.7
gmDatabase,0.5.1
GMDH,1.6
GMDH2,1.8
GMDHreg,0.2.3
Gmedian,1.2.7
gmfamm,0.1.1
gmfd,1.0.1
gmGeostats,0.11.4
gmgm,1.1.3
Gmisc,3.4.0
GMLTM,0.1.0
gmm,1.9-1
GMMAT,1.5.0
GMMBoost,1.1.5
GMMinit,1.0.0
gmmsslm,1.1.6
gmnl,1.1-3.2
gmodels,2.19.1
gMOIP,1.5.6
GmooG,0.7
gmoTree,1.4.1
gmp,0.7-5.1
gmpoly,1.1.0
GMPro,0.1.0
GmptzCurve,0.1.0
gmresls,0.2.3
gms,0.31.2
GMSE,1.0.0.2
GMSimpute,0.0.1.0
gmsp,0.4.6
gmt,2.0.3
gmtFD,0.1.0
gmvarkit,2.2.1
gmvjoint,0.4.5
gmwmx,1.0.3
gmwmx2,0.0.5
gMWT,1.4
GMX,0.9-2
GNAR,1.1.4
GNE,0.99-6
gnFit,0.2.0
gnlm,1.1.2
gnm,1.1-5
gnn,0.0-5
gnomonicM,1.0.1
gnonadd,1.0.3
gnorm,1.0.0
gnrprod,1.1.2
GNRS,0.3.4
GNSSseg,6.0
gnumeric,0.7-10
go2bigq,2.0.1
goalp,0.3.1
goat,1.1.5
GOCompare,1.0.2.2
godley,0.2.2
goeveg,0.7.10
gofar,0.1
gofcat,0.1.2
GofCens,1.5
GOFclustering,1.0.4
gofCopula,0.4-3
gofedf,1.1.0
goffda,0.1.2
gofgamma,1.0
gofIG,1.0
gofigR,1.1.3
GoFKernel,2.1-3
gofreg,1.0.0
GOFShiny,0.1.0
goft,1.3.6
goftest,1.2-3
gogarch,0.7-6
goldfish,1.6.12
goldilocks,0.5.0
golem,1.0.0
golfastr,0.2.0
golfr,0.1.0
GoMiner,1.3
GomoGomonoMi,0.1.0
gomp,1.1
gompertztrunc,0.1.2
gontr,1.1.0
GoodFibes,1.0.0
GoodFitSBM,0.0.1
GoodmanKruskal,0.0.3
goodpractice,1.1.0
googleadsR,1.0.0
googleAnalyticsR,1.2.0
googleAuthR,2.0.2.1
googleCloudStorageR,0.7.0
googleCloudVisionR,0.2.0
googledrive,2.1.2
googleErrorReportingR,0.0.4
GoogleKnowledgeGraphR,0.1.0
googleLanguageR,0.3.1.1
googlenlp,0.2.0
googlePolylines,0.8.7
googlePublicData,0.16.1
googlePubsubR,0.0.4
googler,0.0.1
googlesheets4,1.1.2
googleTagManageR,0.2.0
googletraffic,0.1.8
googleVis,0.7.3
googleway,2.7.8
gooseR,0.1.2
GOplot,1.0.2
gor,2.0
GORCure,2.0
goric,1.1-3
gorica,0.1.5
gosset,1.5.1
gotop,0.1.4
govdown,0.10.1
governor,0.1.3
govinfoR,0.0.3
govStatJPN,0.1
gower,1.0.2
goweragreement,1.0-1
GowerSom,0.1.0
goxygen,1.4.5
gp,1.1
gp3tools,1.0.2
GPAbin,1.1.1
gpairs,1.4.0
GPareto,1.1.9
GPArotateDF,2026.6-1
GPArotation,2026.6-1
GPBayes,0.1.0-6
gpbiometrics,0.1.0
gpboost,1.6.8
gpbStat,0.4.4
GPCMlasso,0.1-9
gpcp,0.1.0
GPCsign,0.1.1
GPEMR,0.1.0
GPFDA,3.1.3
GPfit,1.0-9
GPflexViz,1.0.0
GPGame,1.2.1
GpGp,1.0.0
gpindex,0.6.3
gpk,1.0
gpkg,0.0.14
GPL2025,1.0.1
gplite,0.13.0
gplm,0.7-4
gplots,3.3.0
gplsim,1.0.0
GPLTR,1.5
gpmap,0.1.3
GPoM,1.4
GPP,0.1
GPpenalty,1.0.1
GPRMortality,0.1.0
gProfileR,0.7.0
gprofiler2,0.2.4
gps,1.2
gps.track,1.0.0
GPSCDF,0.1.1
GPSeqClus,1.5.0
gpss,1.0.3
GPTCM,2.0.0
gptoolsStan,1.0.0
gptr,0.7.0
GPTreeO,1.0.1
gptstudio,0.4.0
gptzeror,0.0.2
GPUmatrix,1.0.3
GPvam,3.2-0
GPvecchia,0.1.8
gpyramid,0.0.1
gqlr,0.1.0
gquad,2.1-2
GRAB,0.2.5
grabsampling,1.0.0
GrabSVG,0.0.2
Grace,0.5.3
grade,0.2-1
gradeR,2.0.1
graDiEnt,1.0.1
gradLasso,0.1.1
grafify,5.1.0
grafzahl,0.0.12
gRain,1.4.6
grainscape,0.5.0
gramEvol,2.1-4
GramQuad,0.1.1
GRANDpriv,0.1.3
grandR,0.2.7
grangers,0.1.0
grangersearch,0.1.0
granova,2.3
granovaGG,1.4.1
grantham,0.1.4
grapes,1.0.0
grapesAgri1,1.1.0
graph3d,0.2.0
graph4lg,1.8.0
graphclust,1.3
GrapheR,1.9-86-5
grapherator,1.0.0
graphicalEvidence,1.1
graphicalExtremes,0.3.5
graphicalMCP,0.2.9
graphicalVAR,0.3.4
graphlayouts,1.2.4
graphon,0.3.6
graphonmix,0.1.1
graphPAF,2.0.1
graphpcor,0.1.25
graphql,1.5.3
GraphRankTest,0.1
graphsim,1.0.4
graposas,1.0.0
grasps,0.1.1
grateful,0.3.0
grates,1.8.0
gratia,0.11.2
graticule,0.4.0
gratis,1.0.8
grattan,2026.1.1
grattanInflators,0.5.7
gRaven,1.1.10
gravitas,0.1.3
gravity,1.1
gravityGE,1.0.0
gravmagsubs,1.0.1
gRbase,2.0.3
gRc,0.5.1
GRCdesigns,1.0.0
GRCFE,0.1.0
GRCRegression,1.0
greatR,2.1.0
grec,1.6.4
greed,0.6.2
GreedyEPL,1.3
GreedyExperimentalDesign,1.6.1
GreedyExperimentalDesignJARs,1.0
greekLetters,1.0.4
greeks,1.5.3
greenbook,0.1.0
greenclust,1.1.1
greencrab.toolkit,0.2
GREENeR,1.0.2
greenfeedr,1.3.1
greenR,0.0.1.7
GREENREG,0.1.0
greenSD,0.2.0
Greg,2.0.3
GregoryQuadrature,1.0.0
gregRy,0.1.0
GRelevance,1.0
gremlin,1.1.0
GREMLINS,0.2.1
greport,0.7-4
grepreaper,0.1.1
gretel,0.0.1
gretlR,0.1.4
grex,1.9.1
greybox,2.0.8
GreyModel,0.1.0
Greymodels,2.0.1
grf,2.6.1
GrFA,0.2.2
gridBase,0.4-7
gridBezier,1.1-1
gridDebug,0.5-1
griddy,0.1.0
gridExtra,2.3.1
gridGeometry,0.4-0
gridGraphics,0.5-1
gridGraphviz,0.3-2
gridify,0.8.1
gridmicrotex,0.0.4
GridOnClusters,0.3.2
gridOT,1.0.2
gridpattern,1.4.2
gridsampler,0.6
gridstackeR,0.1.0
gridSVG,1.7-7
gridtext,0.1.6
gRim,0.3.4
grImport,0.9-7
grImport2,0.3-3
GRIN2,2.0.0
grizbayr,1.3.5
grmsem,1.1.0
grmtree,0.2.0
grnn,0.1.0
GRNNs,0.1.0
GROAN,1.3.1
grobblR,0.2.2
groc,1.0.10
groqR,0.0.3
groundhog,3.4.0
GroupBN,1.2.0
groupcompare,1.0.1
GroupComparisons,0.1.0
groupdata2,2.0.5
groupedHyperframe,0.4.3
groupedHyperframe.random,0.3.2
groupedSurv,1.0.5.1
grouper,0.5.0
groupr,0.1.2
grouprar,0.1.0
GroupSeq,1.4.3
GroupTest,1.0.1
groupwalk,0.1.2
groupWQS,0.0.3
grove,1.1.1
growR,1.3.0
growth,1.1.2
growthcleanr,2.2.3
GrowthCurveME,0.1.11
growthcurver,0.3.1
growthDecomp,0.1.0
growthmodels,1.3.1
growthPheno,3.1.18
growthrate,1.3
growthrates,0.8.5
growthTrendR,0.2.2
grpCox,1.0.2
grplasso,0.4-7
grpnet,1.2
grpreg,3.6.0
grpsel,1.3.2
grpseq,1.0
grpSLOPE,0.3.4
GrpString,0.5.1
GRShiny,1.0.1
GRSxE,1.0.1
grt,0.2.1
grumpy,0.1.1
grwat,0.1
GSA,1.03.3
GSA.UN,1.0.0
gsalib,2.2.1
gsaot,1.1.1
gsarima,0.1-5
gsbDesign,1.0-3
GSbench,0.1.0
gsbm,0.2.2
gscaLCA,0.0.5
gsClusterDetect,1.0.0
gscounts,0.1-4
gscramble,1.0.2
GSD,1.0.0
GSDA,1.0
gsDesign,3.10.0
gsDesign2,1.1.9
gsDesignNB,0.3.2
gsDesignTune,0.1.0
GSE,4.2-4
gsearly,1.0.0
gsEasy,1.5
GSED,2.6
gSeg,1.0
GSelection,0.1.0
GSEMA,0.99.4
gseries,3.0.2
gsheet,0.4.6
gsignal,0.3-7
gsisdecoder,0.0.1
gsl,2.1-9
gslnls,1.4.2
gsloid,0.2.0
GSM,1.3.2
gsMAMS,0.7.2
gsMeanFreq,0.1.0
GSMX,1.3
GSODR,5.0.1
gson,0.2.0
GSparO,1.0
gspcr,0.9.5
gsrs,0.1.1
gsrsb,1.2.1
gss,2.2-10
GSSE,0.1
GSSTDA,1.0.0
gstar,0.1.0
gstat,2.1-6
gStream,0.2.0
gstsm,1.0.0
gsubfn,0.7
gsw,1.2-0
GsymPoint,1.1.2
gsynth,1.4.0
gt,1.3.0
gt4ireval,2.0
gtable,0.3.6
gtakeout,0.1.0
GTAPViz,1.1.3
GTbasedIM,1.0.0
gtDesign,0.1.0
GTDL,1.0.0
gte,1.2-4
GTEs,1.0.0
gTests,0.2
gTestsMulti,0.1.1
gTestsPair,0.1
gtexr,0.2.1
gtExtras,0.6.2
gtexture,1.0.1
gtfs2emis,0.1.2
gtfs2gps,2.1-4
gtfsio,1.2.1
gtfsrealtime,0.2.1
gtfsrouter,0.1.4
gtfstools,1.4.0
GTFSwizard,1.2.0
gtheoryr,0.1.0
gto,0.1.2
gtools,3.9.5
gtranslate,0.0.1
gtreg,0.4.2
gtregression,1.0.0
gtrendshealth,1.0.0
gtrendsR,1.5.2
GTRT,0.1.0
gtsummary,2.5.1
gtWAS,1.1.1
guaguas,0.3.0
guardianapi,0.1.1
GUD,1.0.2
Guerry,1.8.3
guescini,0.1.0
guess,0.3.0
GUEST,0.2.0
guidedPLS,1.2.1
guideR,0.9.0
guildai,0.0.1
GUILDS,1.4.7
guiplot,0.5.0
guix.install,1.0.0
GulFM,0.5.0
gumbel,1.10-5
gumboot,1.0.2
GUniFrac,1.9
gunit,1.0.2
gunsales,0.1.3
gustave,1.0.0
gutenbergr,0.5.2
GUTS,1.2.6
GVARX,1.4
gvc,6.4.0
gvcAnalyzer,0.1.1
gvcR,0.4.0
gvlma,1.0.0.3
GVS,0.0.2
GWalkR,0.2.1
gwaRs,0.3.0
gwas2crispr,0.1.5
GWASbyCluster,0.1.7
GWASExactHW,1.2
gwasforest,1.0.0
GWASinlps,2.4
GWASinspector,1.7.4
gwasrapidd,0.99.18
gwbr,1.0.5
GWEX,1.1.3
GWI,1.0.2
gwid,0.3.0
gWidgets2,1.0-10
gWidgets2tcltk,1.0-9
GWlasso,1.0.2
GWLelast,1.2.2
GWmodel,2.4-1
GWnnegPCA,0.0.6
GWnorm,1.0.1
GWpcor,0.1.8
gwpcormapper,0.1.3
GWPR.light,1.0.0
gWQS,3.0.5
GWRLASSO,0.1.0
GWRM,2.1.0.4
gwrpvr,1.0
gwrr,0.2-2
GWSDAT,3.3.0
GWsignif,1.2.1
gwzinbr,0.1.0
GxEprs,1.3
GxEScanR,3.0.0
gym,0.1.0
h0,1.0.1
h2o,3.44.0.3
h2o4gpu,0.3.3
h2otools,0.4
H2x2Factorial,2.0.0
h3jsr,1.3.1
h3lib,0.1.4
h3o,0.3.0
h3r,0.1.2
h3sdm,0.1.7
h5lite,2.1.1.1
haarfisz,4.5.4
hablar,0.3.2
habtools,1.1.1
HAC,1.1-2
hackeRnews,0.2.2
HACSim,1.0.7-1
HadamardR,1.0.0
HaDeX,1.2.3
HaDeX2,1.0.0
HadIBDs,1.0.1
hagis,4.0.0
hahmmr,1.0.0
hakaiApi,1.0.5
hal9001,0.4.6
haldensify,0.2.8
halfmoon,0.2.0
ham,1.2.0
hamlet,0.9.8
HAMMER,1.1
handcodeR,0.1.2
handlr,0.3.1
HandTill2001,1.0.3
handwriter,3.2.4
handwriterApp,2.0.0
handwriterRF,1.1.1
handyplots,1.1.3
hann,1.2
hans,0.1
HanStat,0.90.0
hanyupinyin,0.1.3
hapassoc,1.2-9
Hapi,0.0.3
Haplin,7.3.2
haplo.stats,1.9.8.7
HaploCatcher,2.0.1
HaploDiploidEquilibrium,0.1.0
HaploSim,1.8.4.2
haplotyper,0.1
haplotypes,1.1.3.2
HaploVar,0.1.1
happign,0.3.8
harbinger,2.0.757
hardhat,1.4.3
HardyWeinberg,1.7.9
harmonicmeanp,3.0.1
harmonizer,0.3.2
harmony,2.0.5
harmonydata,0.3.2
harness,0.1.0
HARplus,1.2.0
HARr,1.1.0
harrietr,0.2.3
harrypotter,2.1.1
Harvest.Tree,1.1
hash,2.2.6.4
hashids,0.9.0
hashmapR,1.0.1
hashr,0.1.4
Hassani.SACF,2.0
Hassani.Silva,1.0
hassediagrams,2.0
hatchR,1.0.1
hatemicoint,1.0.1
hatsurvey,1.1.1
HausdorffGoF,0.3.0
havel,0.1.2
haven,2.5.5
hawkes,0.0-4
hawkesbow,1.0.3
HazardDiff,0.1.0
hazer,1.1.1
hbal,1.2.15
hbamr,2.4.7
hbbr,1.1.2
hbim,1.1.2
hbmem,0.3-4
hbsae,1.2
hbsaems,1.1.0
HBSTM,1.0.2
HBV.IANIGLA,0.2.6
hcandersenr,0.2.0
hcci,1.2.0
HCD,1.0
hce,0.9.4
hchinamap,0.1.0
hcidata,0.1.0
hcinfer,0.1.0
hclust1d,0.1.1
hclusteasy,0.1.0
hclustTeach,0.1.0
HCmodelSets,1.1.3
HCPclust,0.1.1
HCR,0.1.1
hcruR,1.0.0
HCTDesign,0.7.4
hctrial,0.1.0
HCUPtools,1.0.1
hda,0.2-14
HDANOVA,0.8.5
hdar,1.0.7
hdbayes,0.2.0
hdbcp,1.0.0
hdbinseg,1.0.3
hdbma,1.0
HDBRR,1.1.4
hdcate,0.1.0
HDCD,1.1
HDclassif,2.2.2
HDclust,1.0.4
HDcpDetect,0.1.0
hdcuremodels,0.0.8
HDCurves,0.1.2
hdd,0.1.1
hdf5lib,2.1.1.1
hdf5r,1.3.12
hdf5r.Extra,0.1.0
hdflex,0.3.2
hdfqlr,0.6-2
hdftsa,1.1
HDGLM,0.1
hdi,0.1-10
hdImpute,0.2.1
HDInterval,0.2.4
hdiVAR,1.0.2
HDLSSkST,2.1.0
hdm,0.3.2
HDMAADMM,0.0.1
hdme,0.6.0
HDMFA,0.1.1
HDMT,1.0.5
hdMTD,0.1.4
hdnom,6.2.0
HDNRA,2.1.0
HDOMDesign,1.0-2
HDoutliers,1.0.4
hdpca,1.1.5
hdpGLM,1.0.5
hdqr,1.0.2
hdrcde,3.5.0
HDRFA,0.1.5
hds,0.8.1
HDShOP,0.1.7
HDSinRdata,0.3.0
HDSpatialScan,1.0.5
HDStIM,0.1.0
hdsvm,1.0.2
hdtg,0.3.4
hdthreshold,1.0.0
HDTSA,1.0.6-1
HDtweedie,1.2
HDXBoxeR,0.0.2
headliner,0.0.3
healthatlas,0.2.2
healthbR,0.2.0
HealthCal,0.1.1
healthcare.antitrust,0.1.5
healthdb,0.5.1
healthequal,1.0.1
healthfinance,0.1.0
healthiar,0.2.4
HealthMarkers,0.1.4
healthmotionR,0.2.0
healthyAddress,0.5.1
healthyR,0.2.2
healthyR.ai,0.1.1
healthyR.data,1.2.0
healthyR.ts,0.3.2
heaping,0.1.0
heapsofpapers,0.1.0
heartbeatr,1.0.0
heatex,1.0
heatindex,0.0.2
heatmap3,1.1.9
heatmapFit,2.0.4
heatmapFlex,0.1.2
heatmaply,1.6.0
HeatmapR,1.1.0
heattree,0.3.1
heatwaveR,0.5.5
heavytails,0.2.0
heck,0.1.5
HeckmanEM,0.2-2
heckmanGE,1.0.0
HeckmanStan,1.0.0
HEDA,0.1.5
heddlr,0.6.0
hedgehog,0.2
heemod,1.1.0
heimdall,1.2.727
heims,0.4.0
heiscore,0.1.4
heiscore.data,0.0.1
helixvis,1.0.1
HellCor,1.3
hellno,0.0.1
hellodatascience,0.1.1
HelloFrog,0.1.1
helloJavaWorld,0.0-9
hellokitty,0.1
hellorust,1.2.3
HelpersMG,2026.3.31
helsinki,1.0.6
hemat,1.1.3
hemispheR,1.1.8
henna,0.7.5
heplots,1.8.1
hera,0.1.1
here,1.0.2
hereR,1.1.0
heritability,1.5
heritable,0.1.0
hermite,1.1.2
hermiter,2.3.1
hero,0.6
hesim,0.5.8
hespdiv,1.2.10
HEssRNA,1.0.1
hetcorFS,1.0.1
HeterFunctionalData,0.1.0
heterocop,1.0.1
heterogen,1.2.33
heterometa,0.5
heteromixgm,2.0.2
hetGP,1.1.9
HEtools,1.0.0
HetSeq,0.1.1
hetsurr,1.0
hetsurrSurv,1.0
hett,0.3-3
hettest,1.0
hettx,1.0.1
hetu,1.1.0
heumilkr,0.3.0
heuristica,1.0.3
hexbin,1.28.5
hexDensity,1.4.10
hexfont,1.0.0
hexify,0.6.5
hexsession,0.1.0
hexSticker,0.5.1
HextractoR,1.4
hextri,0.9.17
hexView,0.3-4
hfhub,0.1.2
hflights,0.1
hfr,0.7.1
HGDMr,1.0.1
hglm,2.2-1
hglm.data,1.0-2
hgm,1.23
HGMND,0.1.0
hgnc,0.3.0
HGNChelper,0.8.15
HGraph,0.1.0
HGSL,1.0.0
hgutils,0.2.19
hgwrr,0.6-2
HH,3.1-53
HHBayes,0.1.1
hhdynamics,1.3.3
hhh4contacts,0.13.4
hhmR,0.0.1.1
HhP,1.0.0
hhsmm,0.4.2
hht,2.1.6
hibayes,3.1.0
HiClimR,2.2.1
HiCocietyExample,1.0.0
hicp,1.1.0
hicream,0.0.4
hiddenf,2.0
HiddenMarkov,1.8-14
hidecan,1.1.0
HiDimDA,0.2-7
hidradenitis,1.0.1
hierarchicalSets,1.0.4
hierBipartite,0.0.2
hierfstat,0.5-11
hierNest,1.0.2
hierNet,1.9
HierPortfolios,1.0.2
hierSDR,0.1
HiGarrote,2.0.0
highcharter,0.9.5
highd2means,1.0
highdir,0.5.0
highDmean,0.1.0
HighestMedianRules,1.0
HighFive,3.3.0
highfrequency,1.0.3
highlight,0.5.2
highlighter,0.1
highlightHTML,0.2.5
highlightr,2.0.1
highMLR,1.0.1
highOrderPortfolios,0.1.1
highr,0.12
highriskzone,1.4.9
highs,1.14.0-2
hightR,0.3.0
highTtest,1.4
higrad,0.1.0
hilbertSimilarity,0.4.4
hildareadR,0.2.0
hillR,0.5.2
hillshader,0.1.2
HIMA,2.3.3
himach,1.0.1
hindexcalculator,1.0.0
hint,0.1-3
hipecR,2.0.0
hiphop,0.0.1
hippie,0.1.0
hipread,0.2.6
HiResTEC,0.63.1
hirisplexr,0.1.0
hisse,2.1.11
HistDat,0.2.0
HistData,1.0.0
HistDAWass,1.0.8
histmdl,0.7-1
histogram,0.0-25
HistogramTools,0.4.1
historicalborrow,1.1.1
historicalborrowlong,0.1.0
historydata,0.1
histoslider,0.1.1
hitandrun,0.5-6
hivdata,0.1.0
hive,0.2-2
HiveR,0.4.0
HIViz,0.1.2
HK80,0.0.2
hkdatasets,1.0.0
hkevp,1.1.6
HKRbook,0.1.3
hlaR,1.0.0
HLAtools,1.6.3
hlidacr,0.2.0
HLMdiag,0.5.1
hlmLab,0.1.0
hlrhotrix,0.1.0
HLSM,0.9.2
hlt,1.3.1
HMC,1.2
hmcdm,2.1.3
hmclearn,0.0.5
HMDA,0.3.0
hmde,1.4.0
HMDHFDplus,2.0.8
hmer,1.6.2
hmetad,0.1.2
Hmisc,5.2-6
hmix,1.0.3
HMM,1.0.2
hmm.discnp,3.0-9
HMMcopula,1.1.0
HMMextra0s,1.1.0
HMMHSMM,0.1.0
hmmm,1.0-5
HMMpa,1.0.2
HMMRel,0.1.1
hmmTensor,0.1.0
hmmTMB,1.1.2
HMR,1.0.5
hmrc,0.4.0
hms,1.1.4
Hmsc,3.3-7
hmsidwR,1.1.2
hmsr,1.0.1
hmstimer,0.3.0
HMTL,0.1.0
hNMF,1.0
hnp,1.2-7
HNPclassifier,0.2.0
hoardr,0.5.5
HOasso,1.0.1
hoboR,1.1.0
hockeystick,0.9.0
HodgesTools,1.0.0
HOIF,0.2.0
HOIFCar,1.1.1
holi,0.1.1
holideh,0.1.0
holiglm,1.0.1
holland,0.1.2-4
hollr,1.0.0
holobiont,0.1.3
holodeck,0.2.2
Holomics,1.2.1
homals,1.0-11
HOME,0.1.1
HomeRangeR,0.1.0
Homeric,0.1-3
hommel,1.8
homnormal,0.1
homologene,1.4.68.19.3.27
homomorpheR,0.3
HomomorphicEncryption,0.9.0
HonestDiD,0.2.8
hoopR,3.0.0
hopbyhop,3.41
hopit,0.11.6
hopkins,1.1
HoRM,0.1.4
hornpa,1.1.1
Horsekicks,1.0.2
horsey,1.0.1
hosm,0.1.0
HospitalNetwork,0.9.4
hospitals,0.1.0
hot.deck,1.2
Hotelling,1.0-8
HotellingEllipse,1.2.0
hotpatchR,0.1.0
hotspot,1.0
hotspots,1.0.5
houba,0.1.2
hours2lessons,0.1.4
housingData,0.3.0
hover,0.1.1
howler,0.3.0
howManyImputations,0.2.5
howzatR,1.0.2
hpa,1.3.4
hpackedbubble,0.1.0
hpcwld,0.6-5
hpfilter,1.0.2
hpiR,0.3.2
HPZoneAPI,1.3.0
HQM,2.1
hqmisc,0.2-1
hqreg,1.4-1
hR,0.3.0
hrbrthemes,0.9.3
hrcomprisk,0.1.1
hrf,0.1.3
hrqglas,1.1.2
hrt,1.0.2
hrtlFMC,0.1.0
HRTnomaly,25.11.22
HRW,1.0-6
HSAR,0.6.0
HSAUR,1.3-11
HSAUR2,1.1-21
HSAUR3,1.0-15
hscovar,0.4.2
hSDM,1.4.4
hse,0.0-28
hsem,1.0
hset,0.1.1
HSEtest,0.1.0
hsphase,3.0.1
hspm,1.1
HSPOR,1.1.9
hsrecombi,1.1.1
hsstan,0.8.2
hstats,1.2.2
htaBIM,0.1.0
HTDV,0.2.0
htestClust,0.2.2
htetree,0.1.23
HTGM,1.2
HTGM2D,1.1.1
HTGM3D,1.0.3
HTGM4D,1.0
HTLR,1.0
htm2txt,2.2.2
html2pdfR,0.1.0
html2R,0.1.0
html5,1.0.2
htmlreportR,1.0.0
htmlTable,2.5.0
htmltools,0.5.9
HTMLUtils,0.1.9
htmlwidgets,1.6.4
htmxr,0.2.0
htna,0.1.0
htrSPRanalysis,0.1.3
HTRX,1.2.4
hts,6.0.3
HTSCluster,2.0.11
htsDegenerateR,0.1.0
HTSeed,0.1.0
HTSeedGLM,0.1.0
htsr,2.1.7
HTT,0.1.2
httk,2.7.4
httkexamples,0.0.1
httpcache,1.2.0
httpcode,0.3.0
httpgd,2.1.4
httping,0.3.0
httpproblems,1.0.1
httptest,4.2.3
httptest2,1.2.2
httpuv,1.6.17
httr,1.4.8
httr2,1.2.3
hubeau,0.5.2
hubEnsembles,1.0.0
hubEvals,0.3.0
hubUtils,1.2.0
hudr,1.2.0
hues,0.2.0
huge,1.6
huggingfaceR,2.1.0
huito,0.2.6
HUM,2.0
humanFormat,1.2
humaniformat,0.6.0
humanleague,2.3.2
humidity,0.1.6
hunspell,3.0.6
HuraultMisc,1.2.1
HurreconR,1.2
hurricaneexposure,0.1.1
hutils,2.0.0
hutilscpp,0.10.10
huxtable,5.8.0
HVS,1.0.0
HVT,26.1.3
hwde,0.67-3
HWEintrinsic,1.2.3
hwep,2.0.3
hwig,0.0.2
hwordcloud,0.1.0
hwriter,1.3.2.1
hwsdr,1.2
hwwntest,1.3.2
HybridDesign,1.0
hybridEHR,0.2.0
HybridMicrobiomes,0.1.1
hybridModels,0.3.8
hybridogram,0.3.2
hybridts,0.1.0
hyd1d,0.5.4
hydflood,0.5.10
hydra,0.1.0
hydraulics,0.7.2
hydReng,1.0.0
HYDROCAL,1.0.0
hydrocan,0.0.1
hydrochem,0.1.0
HydroCode,1.0.3
hydroDCindex,1.0.0
hydrodownloadR,0.1.3
hydroeval,0.1.0
hydroEvents,0.13.0
hydroGOF,0.7-0
hydroloom,1.2.0
HydroMe,2.1.2
hydroMOPSO,0.1-14
hydropeak,0.1.3
HydroPonicsK,1.0.3
HydroPortailStats,1.1.0
hydroroute,0.1.2
hydroState,0.2.0.0
hydrostats,0.2.9
hydrotoolbox,1.1.2
hydroToolkit,0.1.0
hydroTSM,0.8-6
hyfo,1.4.6
HyMETT,1.1.3
hyper.fit,1.2.2
hyper.gam,0.3.2
hyper2,3.2-3
hyperbolicDEA,1.0.2
HyperbolicDist,0.6-5
hypercube,0.2.1
HyperG,1.0.0
hypergate,0.8.5
hypergeo,1.2-14
hypergeo2,0.2.0
hypergraph.sizing,1.0.1
hyperoverlap,1.1.4
hyperSpec,0.100.3
hypertext,1.4.0
hypervolume,3.1.6
HYPEtools,1.6.7
hypoRF,1.0.1
hypothesis,1.1.0
hypothesisr,0.1.1
hypothesize,1.0.0
hypr,0.2.8
hyreg2,1.1.2
HyRiM,2.0.2
hySAINT,1.2.1
hySpc.testthat,0.2.2
hystar,1.0.0
hysteresis,2.7.2
hystReet,0.0.3
hytest,0.1.1
HZIP,0.1.2
i18n,0.2.0
i3pack,0.1.0
IAcsSPCR,1.2.1
iAdapt,2.0.1
iadf,0.1.3
IADT,1.2.1
iai,1.10.2
ialiquor,0.1.0
IALS,0.1.3
iapws,1.2
IAPWS95,1.2.5
iAR,1.3.4
iarm,0.4.3
IASD,1.1.1
IATanalytics,0.2.0
IATScore,0.2.0
IATscores,0.2.8
ib,0.2.1
ibawds,1.2.1
ibb,0.0.2
IBCF.MTME,1.6-0
IBclust,1.3
ibd,1.6
ibdfindr,0.3.1
IBDInfer,0.1.0
ibdsegments,1.0.1
ibdsim2,2.3.2
ibelief,1.3.1
IBFS,1.0.0
ibger,0.1.0
IBGS,1.0.0
ibkrcp,0.1.2
IBLM,1.0.2
ibm,0.3.0
ibmAcousticR,0.2.1
ibmcraftr,1.0.0
ibmdbR,1.51.0
IBMPopSim,1.1.0
ibmsunburst,0.1.4
ibr,2.4-2
iBreakDown,2.1.2
IBrokers,0.10-2
IBRtools,0.1.3
ibs,1.4
iBST,1.2
ic.infer,1.1-7
iC10,2.0.2
iC10TrainingData,2.0.1
ica,1.0-3
ical,0.1.6
iCAMP,1.5.12
ICAOD,1.0.2
icardaFIGSr,1.0.2
icarm,0.1.0
icarus,0.3.3
ICBioMark,0.1.4
ICC,2.4.0
ICC.Sample.Size,1.1
ICcalib,1.0.8
iccbeta,1.2.1
ICCbin,1.2.0
iccCompare,1.1.0
iccCounts,1.1.4
iccde,0.3.9
ICCDesign,0.1.1
ICcforest,0.5.1
iccmult,1.0.1
iccTraj,1.1.0
icd.data,1.0
ICD10gm,1.2.5
icdcomorbid,1.0.0
icdGLM,1.0.0
icdhelper,0.1.2
icdpicr,1.0.1
icdpicr2,2.1.0
ICEbox,1.2
icecdr,1.2.0
icecream,0.2.2
ICED,0.0.1
ICEHmeasures,1.1.0
iCellR,1.7.0
icenReg,2.0.16
icensBKL,1.5
icensmis,1.5.0
icertool,0.0.3
icesAdvice,2.1.1
IceSat2R,1.1.0
icesConnect,1.1.4
icesDatras,1.4.1
icesDatsu,1.2.1
icesDatsuQC,1.2.0
icesSAG,1.6.2
icesSD,2.1.0
icesTAF,4.3.0
icesVocab,1.3.2
ICGE,0.4.3
ICglm,0.1.0
ICGOR,2.0
ichimoku,1.5.7
iClick,1.6.1
iclogcondist,1.0.1
iClusterVB,0.1.4
icmm,1.2
icmstate,0.2.0
ICODS,1.2
icomb,0.2.0
ICompELM,0.1.0
icosa,0.12.0
icpack,0.1.0
icpsrdata,0.6.1
icr,0.6.6
ICS,1.4-2
ICSClust,0.1.1
ICSKAT,0.3.0
ICSNP,1.1-3
ICSOutlier,0.4-1
ICSS,1.1
ICSShiny,0.6
ICSsmoothing,1.2.10
ICsurv,1.0.1
ICtest,0.3-7
ictools,0.1.0
ICV,1.0
ICvectorfields,0.1.2
idar,1.7
idarps,0.0.6
idbr,1.2
IDCard,0.3.0
idcnrba,1.1.0
IDE,0.3.1
IDEAFilter,0.2.1
idealstan,1.0
ideamdb,0.0.9
ideanet,1.1.1
IDEATools,3.5.2
idefix,1.1.0
idendr0,1.5.4
ider,0.1.1
IDetect,0.1.1
IDF,2.1.3
idiffomix,1.0.0
iDIFr,1.0.1
iDINGO,1.0.4
idiogramFISH,2.0.13
idiolect,1.2.0
idionomics,0.1.0
IDLFM,1.0.0
idm,1.8.3
idmact,1.0.1
idmc,0.4.1
IDmeasurer,1.0.0
IDmining,1.0.7
IDMIR,0.1.1
idopNetwork,0.1.2
iDOS,1.0.1
iDOVE,1.5
IDPmisc,1.1.21
IDPSurvival,1.2.2
idr,1.3
ids,1.0.1
IDSL.CSA,1.2
IDSL.FSA,1.2
IDSL.IPA,2.9
IDSL.MXP,2.0
IDSL.NPA,1.2
IDSL.SUFA,1.3
IDSL.UFA,2.0
IDSL.UFAx,1.9.1
IDSpatialStats,0.4.0
idx2r,1.0.0
ie2misc,0.9.2
ie2miscdata,1.0.4
ieeeround,0.2-2
ieegio,0.1.0
iemisctext,1.0.1
ierd,0.1.1
IETD,1.0.0
ieTest,2.1
ieugwasr,1.1.0
ifaTools,0.23
IFC,0.2.1
ifCNVR,0.1.0
ifctools,0.3.6
ife,0.2.5
ifit,1.0.0
IFMCDM,0.1.17
ifo,0.2.4
iForecast,1.1.2
ifpd,0.1.0
ifs,0.1.10
IFTPredictor,0.1.0
ig.degree.betweenness,0.2.1
ig.vancouver.2014.topcolour,0.1.2.0
IgAScores,0.1.2
iGasso,1.6.1
IGC.CSM,0.3.1
igcop,1.0.2
igfetchr,0.1.0
iglm,1.2.4
iglu,4.2.2
igoR,1.0.3
IgorR,0.9.0
igr,1.0.1
igraph,2.3.3
igraphdata,1.0.1
igraphinshiny,0.1
iGraphMatch,2.0.5
igraphtosonia,1.0
igraphwalshdata,0.1.0
igrf,2.0
iGSEA,1.2
IGST,0.1.0
ihclust,0.1.0
iheatmapr,0.7.1
iheiddown,0.9.9
ihpdr,1.2.1
IHSEP,0.3.1
ihsMW,0.2.1
iimi,1.2.2
iIneq,1.0.2
IIProductionUnknown,0.0.3
IIS,1.1
IIVpredictor,0.1.0
IJSE,0.1.2
ijtiff,3.2.0
il.cbs.muni,0.1.0
ilabelled,1.0.1
ILORA,0.1.2
ILRCM,0.2.0
ILS,0.3
ILSAmerge,1.4.2
ILSAstats,0.4.5
ILSM,1.1.0.1
imabc,1.0.0
image.binarization,0.1.3
image.CannyEdges,0.1.1
image.ContourDetector,0.1.2
image.CornerDetectionF9,0.1.1
image.CornerDetectionHarris,0.1.2
image.libfacedetection,0.1.1
image.LineSegmentDetector,0.1.1
image.Otsu,0.1.1
image2data,1.0.1
imageData,0.1.64
imagefluency,1.0.0
imagefx,0.4.1
imager,1.0.8
imagerExtra,1.3.2
imageRy,0.4.0
imageseg,0.5.0
imageviewer,0.1.0
imaginarycss,0.1.0
imaginator,1.0.0
imagine,2.1.4
IMak,2.1.2
imanr,2.0.0
imbalanceDatRel,0.1.6
imbibe,0.1.1
imcExperiment,0.99.0
ImCluster,0.1.0
IMD,1.2.2
imdbapi,0.1.0
imdR,0.1.1
iMediate,0.5.5
imf.data,0.2.0
imfapi,0.1.2
ImFoR,0.1.0
imfweo,0.1.0
imgpalr,0.4.0
imgrec,0.1.4
IMIFA,2.2.0
IMIX,1.1.5
iml,0.11.4
IMmailgun,0.1.2
immer,1.5-13
Immigrate,0.2.1
ImML,0.1.5
immunarch,0.10.3
immunaut,1.0.2
immundata,0.0.7
ImmuneSigR,0.1.0
immunogenetr,1.4.0
Immutables,1.0.1
Imneuron,0.1.0
ImNN,0.1.0
IMP,1.1
imp4p,1.3
IMPACT,0.1.1
ImpactEffectsize,0.8
impactflu,0.1.0
impactr,0.4.2
impala,0.1.0
impARI,0.0.3
impectR,2.5.6
impermanentlosscalc,0.1.0
impimp,0.3.1
implicitExpansion,0.1.0
implied,0.5
implyr,0.5.0
import,1.3.4
ImportanceIndice,0.0.2
important,0.2.1
ImportExport,1.3.1
importinegi,1.2.1
impower133,1.0.0
imprecise101,0.2.2.4
impressionist.colors,1.0
ImprintCapASM,0.1.1
imprinting,0.1.1
ImpShrinkage,1.0.0
imputeFin,0.1.2
imputeGeneric,0.1.0
imputeLCMD,2.1
ImputeLongiCovs,0.1.0
imputeMissings,0.0.4
imputeMulti,0.8.4
imputeR,2.2
imputeREE,0.0.5
ImputeRobust,1.3-1
imputeTestbench,3.0.3
imputeTS,3.4
iMRMC,2.1.0
imsig,1.1.3
imt,1.0.0
IMTest,1.0.0
imuf,0.6.0
imuGAP,0.1.0
imv,0.3
ImVol,0.1.0
inaparc,1.2.1
inatpick,0.2.2
inbreedR,0.3.3
inca,0.1.0
incase,0.4.0
IncDTW,1.1.4.6
incgraph,1.0.3
incidence,1.7.6
incidence2,2.6.4
IncidencePrevalence,1.2.1
incidental,0.1
incidentally,1.0.4
IncomPair,0.1.0
incR,2.1.1
inctools,1.0.15
incubate,1.4.1
INCVCommunityDetection,0.1.0
inDAGO,1.0.3
indelmiss,1.0.10
independenceWeights,0.0.1
IndepTest,0.2.0
index0,0.0.1
IndexConstruction,0.1-3
IndexNumber,1.3.2
IndexNumberTools,1.1
IndexNumR,0.6.0
indexr,0.2.2
indexthis,2.2.0
IndexWizard,0.2.1.0
IndGenErrors,0.1.6
india,0.1-4
IndiAPIs,0.1.0
Indicator,0.1.3
indicspecies,1.8.0
indiedown,0.1.1
indirect,0.2.1
indonesiaFootballScoutR,0.1.3
IndonesiAPIs,0.1.1
IndTestPP,3.0
industRial,0.1.0
ineapir,0.2.5
inecolr,0.1.0
ineptr2,0.3.1
ineq,0.2-13
ineq.2d,0.1.0
ineqJD,1.0
inequality,0.1.0
inequantiles,0.1.0
inet,0.1.0
INetTool,0.1.2
iNEXT,3.0.2
iNEXT.3D,1.0.12
iNEXT.4steps,1.0.1
iNEXT.beta3D,1.0.2
infectiousR,0.1.1
infer,1.1.0
inferCSN,1.2.0
InferenceSMR,1.0.2
inferference,1.0.3
inferMM,0.0.3
inferr,0.3.2
infiltrodiscR,0.0.5
InfiniumPurify,1.3.1
infix,0.1.0
infixit,0.3.1
inflateR,0.1.3
Inflation,0.1.0
inflationkit,0.1.0
inflection,1.3.7
InflectSSP,1.6
Inflongitudinal,0.1.0
influence.ME,0.9-10
influence.SEM,2.4
influenceAUC,0.1.2
InfluenceBorrowing,0.1.0
influenceR,0.1.5
influential,2.3.1
influxdbr,0.14.2
infocausality,1.1
infoelectoral,1.0.3
Information,0.0.9
InformativeCensoring,0.3.6
informativeSCI,1.0.4
INFOSET,4.1.1
infotest,0.1.0
infotheo,1.2.0.1
infoxtr,0.2
Infusion,2.3.12
ingredients,2.3.0
ini,0.3.1
injectoR,0.2.4
InjurySeverityScore,0.0.0.2
injurytools,2.0.1
inkaR,0.6.6
INLABMA,0.1-12
inlabru,2.14.1
INLAjoint,26.6.2
inlamemi,1.1.0
INLAspacetime,0.1.14
INLAtools,0.1.4
INLAvaan,0.2.5
inlcolor,1.0.6
inline,0.3.21
inlinedocs,2023.9.4
inlpubs,1.4.0
innsight,0.3.2
ino,1.2.1
inops,0.0.1
inough,0.1.0
inpdfr,0.1.12
inphr,0.0.1
inplace,0.1.2
InPosition,1.0.0
INQC,2.0.5
Inquilab,0.1.0
insane,1.0.3
insect,1.4.4
InsectLabelR,1.0.4
insee,1.1.7
insetplot,1.4.0
inshiny,0.1.4
insight,1.5.2
InSilicoVA,1.4.2
InspectChangepoint,1.2
InspectionPlanner,1.2
inspector,1.0.3
instagramadsR,0.1.0
install.load,1.2.5
installr,0.23.4
instantiate,0.2.3
instaR,0.2.4
insulin.secretion,0.0.2
insuranceData,1.0
insurancerating,0.8.0
InsuSensCalc,0.1.0
int3ract,1.0.7
intamap,1.5-11
intamapInteractive,1.2-7
IntCal,0.3.1
intccr,3.0.4
integIRTy,1.0.8
integr,1.0.0
IntegratedJM,1.6
integrity,1.0.1
inteli,0.2.0
intendo,0.1.1
intensegRid,0.1.2
intensitynet,1.4.0
inteq,1.1
InteractionPoweR,0.2.4
interactionR,0.1.7
interactionRCS,0.1.2
interactions,1.2.0
interactionTest,1.2
Interatrix,1.1.5
interca,0.1.2
interep,0.4.1
interface,0.1.2
InterfaceqPCR,1.0.1
interfacer,0.4.0
interflex,1.4.0
intergraph,2.0-4
interim,0.8.0
interimApp,0.0.1
interleave,0.1.2
interlineaR,1.0
InterNL,0.1.0
interp,1.1-6
interplot,1.2.0
InterpolateR,1.4-3
interpolators,1.0.1
interpret,0.1.35
interpretCI,0.1.1
InterpretMSSpectrum,1.5.3
interpretR,0.2.5
interprocess,1.3.0
inters,0.2.0
InterSIM,2.3.0
InterVA4,1.7.6
InterVA5,1.1.3
interval,1.1-1.0
intervalaverage,0.8.0
intervalpsych,0.1.0
IntervalQuestionStat,0.2.0
intervals,0.15.5
IntervalSurgeon,1.3
intervcomp,0.1.2
inTextSummaryTable,3.4.0
inti,0.7.1
intkrige,1.0.2
intmap,1.0.0
intmed,0.1.2
IntNMF,1.3.0
intradayModel,0.0.1
intRegGOF,0.85-5
INTRIGUE,0.1.0
intRinsic,1.1.2
intrinsicDimension,1.2.0
intrinsicFRP,2.1.0
intrinsicKappa,0.1
intrval,1.0-0
intRvals,1.0.1
intSDM,2.1.2
intsurv,0.3.0
intsvy,2.9
inum,1.0-5
invacost,1.1-7
InvariantCausalPrediction,0.8
InvasionCorrection,0.1
invctr,0.2.0
inventorize,1.1.2
inverseRegex,0.2.0
invertiforms,0.1.2
investr,1.4.2
invgamma,1.2
invgamstochvol,1.0.0
invGauss,1.2
invitroTKdata,0.0.2
invitroTKstats,0.0.14
invivoPKfit,2.0.2
InvStablePrior,0.1.1
iNZightMR,2.3.0
iNZightPlots,2.16.0
iNZightRegression,1.3.5
iNZightTools,2.0.3
iNZightTS,2.0.4
io,0.3.2
ioanalysis,0.3.4
IOBR,2.2.3
IOLS,0.1.4
ioncopy,2.2.2
ionet,0.2.2
iotables,0.9.4
iotarelr,0.1.9
iotools,0.4-0
ip2location,8.1.3
ip2location.io,0.0.0-2
ip2locationio,1.1.0
ip2proxy,1.2.0
ip2whois,1.0.0
ipa,0.1.0
ipaddress,1.0.3
ipADMIXTURE,0.1.2
IPAG,0.1.0
ipanema,1.2.0
ipbase,0.1.1
ipc,0.1.4
IPCWK,1.0
ipd,0.4.1
IPDfromKM,0.1.10
ipdw,2.0-0
ipeadatar,0.2.0
ipeaplot,0.5.3
IPEC,1.1.2
IPEDS,0.1.0
IPEDSuploadables,3.0.1
iperform,0.0.3
ipeval,0.1.0
ipflasso,1.1
ipfp,1.0.2
ipfr,1.0.2
ipft,0.7.3
ipgeolocation,0.1.0
ipkg,1.1.3
IPLGP,2.0.5
iplookupapi,0.1.0
iplots,1.1-8
IPMbook,0.1.5
ipmr,0.0.7
IPMRF,1.3
ipolygrowth,1.0.0
IPPP,1.1
ipr,0.1.0
ipred,0.9-15
iprior,0.7.4
iPRISM,0.1.1
iPRSue,1.0.0
ips,0.0.13
ipsecr,1.4.4
ipsfs,1.0.0
ipsRdbs,1.0.0
ipumsr,0.10.0
IPV,1.0.0
ipw,1.3.0
IPWboxplot,0.1.2
ipwCoxCSV,1.0
ipwErrorY,2.1
iq,2.0.1
IQCC,0.7
ir,0.4.2
irace,4.4.3
iraceplot,2.1.0
irboost,0.2-1.1
ircor,1.0
IRdisplay,1.1
iRegression,1.2.1
iRepro,1.2
IRexamples,0.0.4
iRfcb,0.9.0
irg,0.1.6
IrishDirectorates,1.5
IRISMustangMetrics,2.4.8
IRISSeismic,1.9.0
IRkernel,1.3.2
irlba,2.3.7
irls,1.0
iRoCoDe,1.0.1
IRon,0.1.5
ironseed,0.3.0
irpfR,0.1.1
irr,0.85
IRR2FPR,0.1.1
irrCAC,1.4
IrregLong,0.4.1
irrICC,1.0
irrNA,0.2.3
irt,0.2.9
irtawsi,0.4.1
irtbem2pl,1.0.0
IRTBEMM,1.0.8
irtDemo,0.1.5
IRTest,2.2.0
irtGUI,0.2
IRTM,0.0.1.2
irtoys,0.2.2
irtpwr,1.0.3
irtQ,1.1.0
irtrees,1.0.0
irtreliability,0.1-1
IRTShiny,1.2
irtsim,0.2.0
isa2,0.3.6
ISAR,1.0.5
isard,0.2.0
isatabr,1.0.1
ISCA,0.1.0
ISCAM,1.2.0
ISCO08ConveRsions,0.2.0
Iscores,1.2.0
isdals,3.0.1
isdparser,0.4.0
ISEtools,3.2.1
iSFun,1.1.0
IsingFit,0.4
Isinglandr,0.1.1
isingLenzMC,0.3.1
IsingSampler,0.2.4
island,0.2.11
islandcodes,0.2.0
islasso,1.6.2
ISLR,1.4
ISLR2,1.3-2
ISM,0.1.0
ismev,1.43
ismtchile,2.1.5
ISMtools,0.1.0
isni,1.3
isnullptr,1.0.2
Iso,0.0-21
ISO11784Tools,1.2.0
ISO6976.2016,0.1-0
iso8601,0.1.2
isoband,0.3.0
isoboost,1.0.2
isobxr,2.0.0
isocalcR,0.1.1
isocat,0.3.0
isocir,2.1
ISOcodes,2026.03.28
IsoCor,0.2.8
isocountry,0.6.1
isocubes,1.0.0
isodistrreg,0.1.0
isogeochem,1.1.1
isokernel,0.1.0
IsoMemo,23.10.1
isoniche,0.1.1
isoorbi,1.5.2
isopam,3.6
isopleuros,1.4.0
IsoplotR,6.8
IsoplotRgui,6.8
IsoriX,0.9.4
IsoSpecR,2.3.3
isoSurv,0.3.0
isotone,1.1-2
isotonic.pen,1.0
isotree,0.6.1-5
isoWater,1.2.2
ISOweek,0.6-2
ispd,0.2
ispdata,1.1.2
ISPYARDSWinProbabilityGSDesign,0.1.0
ISR,2025.5.16
ISRaD,2.5.5
ISS,1.0.0
IssueTrackeR,1.4.0
istacr,0.3.0
istat,1.1.2
istatR,0.1.0
iSTATS,1.7
iSTAY,1.1.0
iSubGen,1.0.5
isva,1.10
ISwR,2.0-12
italy,0.1.0
itan,3.1.1
itcSegment,1.0
itdr,2.0.1
itemanalysis,1.1
ItemRest,0.2.5
iTensor,1.0.6
IterativeHardThresholding,1.0.3
iteratoR,0.1.1
iterators,1.0.14
iterLap,1.1-4
iterors,1.0.1
iterpc,0.4.2
itertools,0.1-3
itertools2,0.1.1
itmsa,0.1.0
ITNr,0.7.0
itol.toolkit,1.1.12
iTOP,1.0.2
iTOS,1.0.3
itp,1.2.2
itraxR,1.13.2
itrimhoch,1.0.0
its.analysis,1.6.0
itsadug,2.5
itscalledsoccer,0.3.2
itsmr,1.11
iucnr,0.0.0.1
iv.sensemakr,0.1.0
ivaBSS,1.0.0
ivcheck,0.1.2
IVCor,0.1.0
ivd,1.0.0
ivdesc,1.1.2
ivDiag,1.0.6
IVDML,1.0.1
ivdoctr,1.0.1
ivgets,0.1.2
ivgls,0.1.0
ivmodel,1.9.1
ivmte,1.4.0
ivo.table,0.7.1
ivolcano,0.0.6
IVPP,1.1.2
ivreg,0.6-7
ivs,0.2.0
ivtools,2.3.0
ivx,1.1.1
IVYplot,0.1.0
iwaqr,1.8.4
iWeigReg,1.1
ixplorer,0.2.2
IxPopDyMod,0.4.0
ixsurface,0.1.0
iZID,0.0.1
izmir,0.1.0
jaatha,3.2.5
jab.adverse.reactions,1.0.3
jaccard,0.1.2
jackalope,1.1.6
jackknifeR,2.0.0
jackstrap,0.1.0
jackstraw,1.3.21
jacobi,3.1.1
jacpop,0.6
Jacquard,1.0.2
JADE,2.0-4
jadeLizardOptions,1.0.1
jage,0.1.0
jaggR,0.1.1
jagshelper,0.4.2
jagstargets,1.2.2
jagsUI,1.6.3
jalcal,0.3.0
jamba,1.0.4
JamendoR,0.1.1
JANE,2.1.0
janeaustenr,1.0.0
janitor,2.2.1
janus,1.0.0
janusplot,0.1.1
JapanAPIs,0.1.1
japanstat,0.1.0
jarbes,2.5.0
JATSdecoder,1.3.1
JavaGD,0.6-6
javateak,1.0
Jaya,1.0.3
JBrowseR,0.10.2
jcalendaR,0.1.0
jcext,0.1.1
jcolors,0.0.5
jcp,1.2
JCRImpactFactor,1.0.0
Jcvrisk,0.1.3
JDCruncheR,0.4.0
jdenticon,0.1.1
Jdmbs,1.4
jds.rmd,0.3.4
jellyfisher,1.1.1
jenga,1.3.0
jentre,0.1.0
jetpack,0.5.5
jetty,0.2.2
jewel,2.0.3
jfa,0.7.4
JFE,2.5.11
JFM,1.0.1
jgd,0.1.1
JGR,1.9-2
jgsbook,1.0.8
JICO,0.1
jinjar,0.3.2
jipApprox,0.1.5
jirar,0.1.0
jjb,0.1.1
jlmerclusterperm,1.1.4
JLPM,1.0.4
jlview,0.1.0
JM,1.5-2
JM4QTN,1.0.0
jmastats,0.3.0
jmatrix,1.5.2
JMbayes,0.9-0
JMbayes2,0.6-0
JMbdirect,0.1.1
jmBIG,0.1.3
jmcm,0.2.5
jmdem,1.0.1
JMdesign,1.6
jmetrik,1.1
JMH,1.0.4
JMI,0.1.0
Jmisc,0.3.1.1
jmotif,1.3.0
jmSurface,0.1.0
jmuOutlier,2.2
jmv,2.8.0
jmvconnect,2.5.7
jmvcore,2.7.35
jmvReadWrite,0.4.13
JNplots,0.1.2
job,0.3.1
jobqueue,1.7.0
JoF,0.1.0
joineR,1.2.9
joineRML,0.4.8
joinet,1.0.0
joinless,0.0.1
joinpointR,1.0.0
joinspy,0.8.3
joint.Cox,3.16
JointAI,1.1.0
jointCalib,0.1.0
jointCompRisk,0.1.1
jointDiag,0.4
jointest,1.0
JointFPM,1.3.0
jointMeanCov,0.1.0
jointNmix,1.0
jointPm,2.3.2
jointseg,1.0.3
jointVIP,1.0.1
joinXL,1.0.1
joker,0.14.2
jollofR,0.6.5
jomo,2.7-6
JOPS,0.2.0
jordan,1.0-6
JoSAE,0.3.0
josaplay,0.1.3
jose,2.0.0
jot,0.0.5
journalabbr,0.4.3
journalR,0.6.0
joyn,0.3.0
jpcity,0.3.0
jpeg,0.1-11
JPEN,1.0
jpgrid,0.4.0
jpinfect,2024.2026.18
jpmap,0.1.3
jpmesh,2.1.0
jpstat,0.4.0
JPSurv,3.0.20
jqbr,1.0.4
jqr,1.4.0
jquerylib,0.1.4
jrc,0.6.0
jrich,0.60-35
jrSiCKLSNMF,1.2.4
jrt,1.2.0
jrvFinance,1.4.3
js,1.2.1
JSconsole,0.1.0
jScore,0.1.0
jSDM,0.2.7
JSDNE,4.6
jsdtools,0.1.0
jshintr,0.1.0
jskm,0.6.3
JSM,1.0.2
JSmediation,0.2.3
jsmodule,2.0.1
json2aRgs,0.3.0
json64,0.1.3
jsonify,1.2.3
jsonld,2.2.1
jsonlite,2.0.0
jsonNormalize,1.0.0
jsonstat,0.0.2
jsonvalidate,1.5.0
JSparO,1.5.0
jstable,1.3.25
jstager,0.0.6
jsTree,1.2
jsTreeR,2.6.0
JSUparameters,1.0.0
jsutils,0.3.0
jtdm,0.1-3
jti,1.0.0
jtools,2.3.1
jubilee,0.3.3
juicedown,0.1.2
juicr,0.2
juicyjuice,0.1.0
Julia,1.3.5
JuliaCall,0.17.6
JuliaConnectoR,1.1.5
JuliaFormulae,0.1.0
jumble,0.1.2
JUMP,1.0.2
JumpDiffSim,0.1.0
jumps,1.0
junco,0.1.6
junctions,2.1.4
just.install,1.0.2
justifier,0.2.8
JustifyAlpha,0.1.2
jvcoords,1.0.3
JWileymisc,1.4.5
K4PrestasiSiswa,0.1.0
K4ProsesSiswa,0.1.0
K4Sekolah,0.1.0
k5,0.2.1
kableExtra,1.4.0
kader,0.0.8
kaigiroku,0.5
kairos,2.3.0
kalmanfilter,2.2.0
kamila,0.1.2
kangar00,1.4.2
kanjistat,0.14.2
kanova,0.3-20
kaos,0.1.2
kaphom,0.3
kappaGold,0.4.0
KappaGUI,2.0.2
kappalab,0.4-12
kappaSize,1.2
karaoke,3.0
kardl,2.0.2
Karen,1.0
karlen,0.0.2
KarsTS,2.4.1
karyotapR,1.0.2
katex,1.5.0
kayadata,1.4.0
kazaam,0.1-0
kbal,0.1.4
KbMvtSkew,1.1.0
kcmeans,0.1.0
Kcop,1.0.0
kcpRS,1.1.1
KCSKNNShiny,0.1.0
KCSNBShiny,0.1.0
kde1d,1.1.1
kdecopula,0.9.3
KDEmcmc,0.0.2
kdensity,1.2.0
kdevine,0.4.6
kDGLM,1.2.14
kdist,0.2
kdml,1.1.1
kdps,1.0.0
kdry,0.0.3
kedd,1.0.4
keep,1.0
kehra,0.1
kelvin,2.0-3
Kendall,2.2.2
kendallknight,1.0.1
kendallRandomWalks,0.9.4
Keng,2026.3.19
KEPTED,0.2.0
kequate,1.6.4
keras,2.16.1
keras3,1.5.1
kerasnip,0.1.2
kerDAA,0.1.1
kerdiest,1.3-1
kergp,0.5.8
kernda,1.0
kerndwd,2.0.3
kernelboot,0.1.10
kernelFactory,0.3.0
Kernelheaping,2.3.0
KernelKnn,1.1.6
kernelPhil,0.2
kernelshap,0.9.1
kernhaz,0.1.0
kernlab,0.9-33
kernopt,1.0.0
kernreg,1.0
kernscr,1.0.7
KernSmooth,2.23-26
KernSmoothIRT,6.4
kernstadapt,0.4.0
kerntools,1.2.1
kerSeg,1.1
kerTests,0.1.4
kesernetwork,0.1.0
keyATM,0.5.5
Keyboard,0.1.3
KeyboardSimulator,2.6.2
keyclust,1.2.5
keyed,0.2.0
keyholder,0.1.8
keylist,1.0.0
keyperm,0.1.1
keyplayer,1.0.4
keypress,1.3.2
keyring,1.4.1
keyringr,0.4.0
keys,0.1.1
kfa,0.2.2
KFAS,1.6.0
kfda,1.0.0
kfigr,1.2.1
kfino,1.0.0
KFPCA,2.0
KFPLS,1.0
kfre,0.0.2
kgc,1.0.0.2
kgen,1.1.1
KGode,1.0.5
kgp,1.1.1
kgrams,0.2.1
kgraph,1.2.0
kgschart,1.3.5
khaos,2.1.1
KHQ,0.2.0
khroma,1.17.0
kidney.epi,1.4.0
kidsides,0.5.0
Kifidi,0.1.0
kim,0.6.4
kimfilter,2.0.0
kimisc,1.0.1
kin.cohort,0.7
kindisperse,0.10.2
kindling,0.3.1
kinematics,1.0.0
kinesis,0.5.0
KinformR,0.1.2
KingCountyHouses,0.1.0
KinMixLite,2.2.1
kinship2,1.9.6.2
KINSIMU,0.1.3-2
Kira,1.0.8
kirby21.base,1.7.3
kirby21.fmri,1.8.0
kirby21.t1,1.8.0
kisopenapi,0.0.2
kissmig,2.0-1
kit,0.0.21
kitagawa,3.1.3
kitesquare,0.0.2
kiwisR,0.2.4
kkmeans,0.1.3
kknn,1.4.1
kko,1.0.1
klaR,1.7-4
klassR,1.0.6
klausuR,0.12-14
kldest,1.0.0
kldtools,1.2
KLexp,1.0.0
klineR,0.1.1
KLINK,1.2.0
klovan,0.1.0
klsh,0.1.0
klustR,0.1.0
km.ci,0.5-6
kmBlock,0.1.4
kmc,0.4-2
KMD,0.1.0
KMEANS.KNN,0.1.0
kmed,0.4.2
Kmedians,2.2.0
kmer,1.1.3
kmeRtone,1.0
kmi,0.5.5
KMLtoSHAPE,0.1.0
kmodR,0.2.0
KMsurv,0.1-6
KMunicate,0.2.5
KnapsackSampling,0.1.1
KneeArrower,1.0.0
knfi,1.0.2
knitcitations,1.0.12
knitr,1.51
knitrBootstrap,1.0.4
knitrdata,0.6.2
knitrProgressBar,1.1.1
knitxl,0.1.0
knn.covertree,1.1
knnmi,1.0
knnp,2.0.0
KNNShiny,0.1.0
kNNvs,0.1.0
knnwtsim,1.0.0
knobi,1.0.0
knockoff,0.3.6
KnockoffHybrid,1.0.1
KnockoffTrio,1.1.0
knotR,1.0-4
KnowBR,2.2
kntnr,0.4.4
KoboconnectR,2.0.0
KODAMA,3.3
kofdata,0.2.1
KOFM,1.1.1
kofn,0.4.0
kofnGA,1.3
KOGMWU,1.2
kohonen,3.0.13
kokudosuuchi,1.0.0
KOLaide,0.0.1
kollaR,1.1.4
komaletter,0.5.0
konfound,1.0.3
KONPsurv,1.0.4
KOR.addrlink,1.0.1
koRpus,0.13-9
koRpus.lang.en,0.1-4
kosel,0.0.1
kosis,0.0.1
Kpart,1.2.2
KPC,0.1.3
kpcaIG,1.0.1
kpeaks,1.1.0
kpiwidget,0.1.1
KQM,1.1.1
KrakenR,1.0.0
KraljicMatrix,0.2.1
kriens,0.1
krige,0.6.2
kriging,1.2
KrigInv,1.4.2
krippendorffsalpha,2.0
KRIS,1.1.6
KRLS,1.7-1
krm,2022.10-17
KRMM,1.0
kronos,1.0.0
KRONX,0.1.0
kronxNBC,0.1.1
ks,1.15.2
KSA,0.1.0
kSamples,1.2-12
KScorrect,1.4.0
KSEAapp,2.0
kselection,0.2.1
ksformat,0.8.2
KSgeneral,2.0.2
ksharp,0.1.0.1
KSIC,1.0.2
ksm,1.1
ksNN,0.1.2
KSPM,0.2.1
ksrlive,1.0
kssa,0.0.5
kst,0.5-5
kStatistics,2.1.1
kstIO,0.5-1
kstMatrix,2.3-3
ktaucenters,1.0.0
KTensorGraphs,1.1
ktsolve,1.4
ktweedie,1.0.3
kuenm2,0.1.3
kuiper.2samp,1.0
kumquat,1.1.0
Kurt,1.1
kutils,1.73
kuzco,0.1.0
kuzuR,0.2.3
kvh,1.4.2
kvkapiR,0.1.2
kvr2,0.2.0
KWCChangepoint,0.2.3
KWELA,1.0.0
kyotil,2024.11-01
kza,4.1.0.1
kzs,1.4.1
l0ara,0.1.7
L0cpt,0.2.0
L0ggm,0.1.1
L0Learn,2.1.0
L0TFinv,0.1.0
L1centrality,0.5.1
l1kdeconv,1.2.0
L1pack,0.62-4
l1rotation,1.0.1
l1spectral,0.99.6
l2boost,1.0.3
L2DensityGoFtest,0.6.0
L2E,2.0
L2hdchange,1.0
LA,2.3
lab2clean,2.0.0
LabApplStat,1.4.4
labdsv,2.3-1
label.switching,1.8
labeleR,0.4.0
labeling,0.4.3
labelled,2.16.0
labelmachine,1.0.0
labelr,0.1.9
labelVector,0.1.2
lablaster,1.0.1
labNorm,1.0.1
LabourMarketAreas,3.4
LabRS,0.2.1
labsimplex,0.1.2
labstatR,1.0.14
labstats,1.0.1
LABTNSCPSS,1.0.2
lacm,0.1.2
lacrmr,1.0.5
lactater,0.2.0
LactCurveModels,0.1.5
lacunarity,0.1.0
lacunaritycovariance,1.1-9
lacunr,1.0.2
LAD,0.1.0
ladder,0.0.3
LadderFuelsR,0.0.7
laeken,0.5.3
LaF,0.8.6
lagged,0.3.2
LAGOSNE,2.0.5
laGP,1.5-9
lagsarlmtree,1.0-2
LagSequential,0.1.1
Lahman,14.0-0
LAIr,0.3.0
lakefetch,0.1.3
LakeMetabolizer,1.5.6
lakemorpho,1.3.2
lakhesis,1.1.2
LAM,0.7-22
LaMa,2.1.1
lambda.r,1.2.4
lambdaTS,1.1
lambdr,1.2.5
LambertW,0.6.9-2
laminr,1.3.0
lamle,0.3.1
lamW,2.2.7
lancor,0.1.3
LandComp,0.0.5
landest,1.2
landform,0.2
landgraph,0.0.1
landmaRk,0.1.3
Landmarking,1.0.2
landmix,1.0
landmulti,0.5.0
landpred,2.0
landsat,1.1.2
landscapemetrics,2.2.1
landscapeR,1.3.1
landsepi,1.5.3
lang,0.1.2
Langevin,1.3.3
LangevinFlow,0.1.0
langevitour,0.8.1
languagelayeR,1.2.4
languageR,1.6
languageserver,0.3.18
languageserversetup,0.1.2
lans2r,1.2.0
laOpenData,0.1.0
LaplacesDemon,16.1.8
lapop,2.1.5
lares,5.4.0
lareshiny,0.0.3
Largevars,1.0.3
LARisk,1.0.0
lars,1.3
LassoBacktracking,1.1
LassoHiDFastGibbs,0.1.5
LassoNet,0.8.3
lassopv,0.2.0
LassoSIR,1.0
Latamverse,0.1.0
latbias,1.0.0
latcontrol,0.1.1
latdiag,0.3
latenetwork,1.0.1
latent2likert,1.2.1
LatentBMA,0.1.3
latentcor,2.0.2
latentFactoR,0.0.7
latentnet,2.12.0
later,1.4.8
Laterality,0.9.5
LATERmodel,0.2.0
latex2exp,0.9.8
latexdiffr,0.2.0
latexpdf,0.1.8
latexSymb,1.0.0
latrend,1.6.3
LatSquare,0.4.1
latte,0.2.2
lattice,0.22-9
latticeDensity,1.2.7
LatticeDesign,4.0-1
latticeExtra,0.6-31
LatticeKrig,9.4.1
lava,1.9.2
lavaan,0.6-21
lavaan.mi,0.1-0
lavaan.printer,0.1.0
lavaan.shiny,1.2
lavaanExtra,0.2.2
lavaangui,0.4.0
lavaanPlot,0.8.1
lavacreg,0.2-2
lavaSearch2,2.0.3
lavinteract,0.5.1
LAWBL,1.5.0
lawstat,3.6
lax,1.2.4
lay,0.1.3
layer,0.0.4
lazyData,1.1.0
lazyeval,0.2.3
lazysf,0.3.0
lazysql,0.1.3
lazytrade,0.5.4
lba,2.4.52
lbaModel,0.2.9.2
LBBNN,0.1.6
LBDiscover,0.1.0
lbfgs,1.2.1.2
lbfgsb3c,2024-3.5
LBI,0.2.5
lbm,0.9.0.2
lboxcox,1.2
LBPG,0.1.2
lbreg,1.3
LBSPR,0.1.6
LCAextend,1.3
lcars,0.4.1
lcc,3.2.2
LCCkNN,0.1.0
LCCR,2.0.1
lcda,0.3.3
LCFdata,2.0
lchemix,0.1.0
LCMCR,0.4.14
lcmm,2.2.2
LCMSQA,1.0.2
lconnect,0.1.2
lcopula,1.0.7
LCPA,1.0.2
lcpm,0.1.1
lcra,1.1.5
lcsm,0.3.2
lcyanalysis,1.0.4
lda,1.5.2
LDAandLDAS,1.1.3
LDAcoop,0.1.2
ldamatch,1.0.3
ldaPrototype,0.3.2
LDAShiny,1.0.0
LDATree,0.2.0
LDATS,0.3.0
LDAvis,0.3.2
ldbod,0.1.2
ldbounds,2.0.2
LDcorSV,1.3.4
lddmm,0.4.2
ldhmm,0.6.1
LDlinkR,1.4.0
LDM,6.0.1
ldmppr,1.1.3
LDNN,1.10
LDRTools,0.2-2
ldsep,2.1.6
ldt,0.5.3
leadeR,0.1.0
leaderCluster,1.5
LeadSense,0.0.2.0
leaf,0.1.0
LeafArea,0.1.8
leafareaR,0.0.1
leafdown,1.2.0
leafem,0.2.5
leafgl,0.2.4
leaflegend,1.2.8
leaflet,2.2.3
leaflet.extras,2.0.2
leaflet.extras2,1.3.2
leaflet.minicharts,0.6.3
leaflet.providers,3.0.0
leafpm,0.1.0
leafpop,0.1.0
leafSTAR,1.0
leafsync,0.1.0
leaftime,0.2.0
leafwax,0.2.7
leakr,0.1.0
leakyIV,0.0.1
leapgp,1.0.0
leapp,1.3
leaps,3.2
LeArEst,1.0.0
LearnBayes,2.15.2
LearnClust,1.1
learner,1.0.0
LearnGeom,1.5
learningr,0.29.1
LearningRlab,2.4
LearningStats,0.1.0
learningtower,1.1.1
LearnNonparam,1.3.0
LearnPCA,0.3.4
learnPopGen,1.0.4
learnr,0.11.6
learnrbook,2.0.1
LearnSL,1.0.0
LearnVizLMM,1.0.0
leastcostpath,2.0.13
LEAVcore,0.1.0
LeaveOutKSS,0.1.0
LEdecomp,1.0.14
ledger,2.1.1
leem,0.2.0
lefko3,6.7.3
legendry,0.3.0
legion,0.2.1
legislatoR,1.1.0
LEGIT,1.4.1
legocolors,0.4.0
lehdr,1.1.4
lehuynh,0.1.1
leiden,0.4.3.1
leidenAlg,1.1.8
leidenbase,0.1.37
leiv,2.0-7
LeMaRns,0.1.2
lemna,1.0.2
lemon,0.5.2
lenght,0.1.0
lenses,0.0.3
leontief,0.5
LePage,1.0
lepidochroma,0.1.0
leprechaun,1.0.0
leptokurticMixture,1.1
lero.lero,0.2
less,0.1.0
lessR,4.5.5
lessSEM,1.5.7
lest,1.1.0
lestat,1.9
letsHerp,0.1.0
letsR,6.0
letsRept,1.1.2
lettervalue,0.2.1
leunbachR,0.1.0
levelSets,0.8.2
levitate,0.2.2
LexFindR,1.1.0
lexicon,1.2.1
lexiconPT,0.1.0
LexisNexisTools,1.0.0
LexisPlotR,0.4.0
lexRankr,0.5.2
lfactors,1.0.4
LFApp,1.4.2
lfc,0.2.3
lfda,1.1.3
LFDR.MLE,1.0.1
LFDR.MME,1.0
LFDREmpiricalBayes,1.0
lfe,3.1.1
lfebd3,0.2.0
lfl,2.4.0
LFM,0.3.4
lfmm,1.1
lfproQC,1.4.3
lfstat,0.9.13
lg,0.4.1
lgarch,0.7
lgcp,2.0-1
LGCU,0.1.5
LGDtoolkit,0.2.0
LGEWIS,1.1
lglasso,0.1.0
lgpr,1.2.5
lgr,0.5.2
lgrdata,0.1.1
lgrExtra,0.2.2
LGRF,1.0
lgspline,1.1.0
lgtdl,1.1.5
LHD,1.4.1
lhmixr,0.1.0
lhs,1.3.0
libbib,1.6.4
libcoin,1.0-13
libdeflate,1.25-0
libgeos,3.11.1-3
libimath,3.2.2-1
libipldr,0.1.1
LiblineaR,2.10-24
libopenexr,3.4.12-4
libr,1.4.1
Libra,1.7
librarian,1.8.1
librarysnapshot,0.1.2
libstable4u,1.0.5
LIC,0.0.2
licoread,0.3.0
lievens,0.0.1
lifecontingencies,1.4.4
lifecourse,2.0
lifecycle,1.0.5
LifeHist,1.0-1
LifeInsuranceContracts,0.0.6
LifeInsureR,1.0.1
LifemapR,1.1.6
lifepack,0.1.0
lifeR,1.0.3
Lifertable,1.0.1
LifeTableBuilder,0.1.3
LifeTableFertility,0.1.1
liftLRD,1.0-9
liftr,0.9.2
LiftTest,0.2.0
lifx,0.2.0
lightAUC,0.1.3
LightFitR,1.0.0
lightgbm,4.6.0
LightLogR,0.10.3
lightparser,0.1.0
lightr,2.1.0
lightsf,0.1.0
lightsout,0.3.2
likelihood,1.9
likelihood.contr,0.1.1
likelihood.model,1.0.1
likelihoodAsy,0.51
likelihoodExplore,0.1.0
likelihoodR,1.1.5
likelihoodTools,1.0.0
likert,1.3.5.1
LikertEZ,0.1.0
LikertMakeR,2.3.0
lilikoi,2.1.1
lillies,0.2.12
LilRhino,1.2.2
lime,0.5.4
limexhub,0.1.5
LimnoPalettes,0.1.0
limonaid,25.5.5
limorhyde,1.0.3
limorhyde2,0.1.1
limSolve,2.0.3
lin.eval,0.1.2
linbin,0.1.3
LinCal,1.0.1
lincom,1.2
Linda,1.3
LindenmayeR,0.1.13
lindia,0.10
LindleyPowerSeries,1.0.1
lineagefreq,0.2.0
linearModel,1.0.2
LinearRegressionMDE,1.0
lineartestr,1.0.0
linelist,2.0.1
linelistBayes,1.0
linemap,0.3.0
linERR,1.0
lineup,0.44
lineup2,0.6
lineupjs,4.6.0
linevis,1.0.0
lingdist,1.0
lingglosses,0.0.11
lingmatch,1.0.7
lingtypology,1.1.25
linguisticsdown,1.2.0
link,2024.4.0
link2GI,0.7-2
Linkage,0.9
LinkedGASP,1.0
linkedInadsR,0.1.0
LinkedMatrix,1.4.0
linkeR,0.1.3
linkprediction,1.0-0
linkspotter,1.3.0
linktree,0.1.0
linl,0.0.5
linne,0.0.2
linpk,1.1.2
linprog,0.9-6
linreg,0.1.0
LinRegInteractive,0.3-4
LINselect,1.1.6
lintools,0.1.7
lintr,3.3.0-1
lionfish,1.0.27
lipidmapsR,1.0.4
LipidMS,3.1.3
lipidomeR,0.1.2
LipidomicsR,0.3.6
LipinskiFilters,1.0.1
liqueueR,0.0.5
lisa,0.1.2
lisat,0.1.2
lisp,0.2
lisrelToR,0.3
list,9.2.6
listArray,0.1.1
listarrays,0.4.0
listcomp,0.4.1
listcompr,0.4.0
listenv,1.0.0
LISTO,0.7.3
listr,0.1.0
listviewer,4.0.0
listWithDefaults,1.2.0
lit,1.0.1
lite,1.1.1
litedown,0.9
liteq,1.1.0
literanger,0.2.0
LitFetchR,1.0.0
litRiddle,1.0.0
litteR,1.0.2
litterfitter,0.1.4
littler,0.3.23
liureg,1.1.2
live,1.5.13
liver,1.29
LJexm,1.0.5
LJmp3converter,1.0.7
ljr,1.4-0
LKT,1.7.0
llama,0.10.1
llamaR,0.2.5
LLM,1.1.0
llm.api,0.1.8
LLMAgentR,0.3.2
llmclean,0.1.1
llmcoder,1.2.0
llmflow,3.0.2
llmhelper,1.0.0
llmimpute,0.1.0
LLMing,1.2.1
llmjoin,0.3.0
llmjson,0.1.0
LLMR,0.8.6
llmshieldr,0.1.0
LLMTranslate,0.4.0
llogistic,1.0.3
llrem,0.1.1
LLSR,0.0.4
lm.beta,1.7-3
lm.br,2.9.8
lmap,0.2.4
lmboot,0.0.1
LMD,1.2.1
lmDiallel,1.0.2
lmds,0.1.0
lme4,2.0-1
lme4breeding,1.1.2
lme4GS,0.1
lmeInfo,0.3.2
LMERConvenienceFunctions,3.0
lmeresampler,0.2.4
lmerPerm,0.1.9
lmerTest,3.2-1
lmeSplines,1.1.20
LMest,3.2.8
lmf,1.2.1
LMfilteR,0.1.3.1
lmfor,1.7
lmForc,1.0.0
lmhelprs,0.4.5
lmls,0.1.1
lmm,1.5
LMMELSM,0.2.1
lmmot,0.1.4
lmmpar,0.1.0
lmmprobe,0.1.0
LMMsolver,1.0.13
LMMstar,1.1.0
LMN,1.1.3
lmodel2,1.7-4
LMoFit,0.1.7
lmom,3.3
lmomco,2.5.7
Lmoments,1.3-2
lmomPi,0.6.7
lmomRFA,3.8
LMPdata,0.2.1
lmPerm,2.1.6
lmQCM,0.2.4
lmreg,1.3
lmridge,1.2.2
lmSubsets,0.5-4
lmtest,0.9-40
lmtestrob,0.1
lmtp,1.5.4
lmviz,0.2.0
lmw,0.0.2
lncDIFF,1.0.0
LncFinder,1.1.6
LNIRT,0.5.1
lnmCluster,0.3.1
lnmixsurv,3.1.7
LNPar,1.1.3
loa,0.3.1.1
loadeR,1.3.0
loadings,0.6.1
lobby,0.0.2
lobbyR,0.1.1
LoBrA,1.0
lobsteR,1.0.0
lobstr,1.2.1
localboot,0.9.2
LocalControl,1.1.7
LocalCop,0.0.2
localFDA,1.0.0
localgauss,0.41
localICE,0.1.1
localIV,0.3.1
localLLM,1.3.0
localModel,0.5
localScore,2.0.5
localsp,0.1.0
locaR,0.2.0
locateip,0.1.2
locatexec,0.2.0
locationgamer,0.1.0
LocaTT,1.3.0
locdiff,1.4
locfdr,1.1-8
locfit,1.5-9.12
locits,1.7.8
Lock5Data,4.0.1
LocKer,1.1
LOCOM2,1.0
locpol,0.9.0
locStra,1.9
LOCUS,1.0
locuszoomr,0.3.8
loder,0.2.1
lodGWAS,1.0-7
loedata,1.1
loewesadditivity,0.1.0
lofifonts,0.1.3
log,1.1.1
log4r,0.4.4
LOGAN,1.0.1
logbin,2.0.6
LogConcDEAD,1.6-12
logconcens,0.17-4
logcondens,2.1.9
logcondiscr,1.0.7
logcumulant,0.1.0
logger,0.4.2
logging,0.10-111
loggit2,2.4.0
logib,0.2.1
logiBin,0.3
logicDT,1.0.5
LogicForest,2.1.4
LogicReg,1.6.6
logihist,1.1
login,0.9.3
logistf,1.26.1
logistic4p,1.6
LogisticCopula,0.1.0
LogisticCurveFitting,0.1.0
LogisticEnsembles,1.0.2
logisticPCA,0.2
LogisticRCI,1.1
logitFD,1.0
logitnorm,0.8.39
logitr,1.2.0
logKDE,0.3.3
loglognorm,1.0.2
logmult,0.7.5
lognGPD,0.1.0
lognorm,0.1.10
logNormReg,0.5-0
logOfGamma,0.0.1
logolink,1.0.0
logos,0.1.0
logr,1.3.9
LogRegEquiv,0.1.5
logrx,0.4.0
logrxaddin,0.0.1
logspline,2.1.22
logStirling2,0.2.0
lokern,1.1-12
lolog,1.3.2
lolR,2.1
LOMAR,0.5.2
lomb,2.5.0
long2lstmarray,0.2.0
LongCART,3.2
longclust,1.5
LongDat,1.1.3
LongDecompHE,0.1.0
longevity,1.3
longit,0.1.0
longitree,1.0.1
longitudinal,1.1.13
longitudinalANAL,0.2
longitudinalcascade,0.3.2.6
longke,0.1.0
longmemo,1.1-4
longmixr,1.0.0
longpower,1.0.27
longreadvqs,0.1.5
longROC,1.0
longRPart2,0.2.3
longsurr,1.1
longurl,0.3.3
loo,2.10.0
lookout,2.0.1
lookup,1.1
loon,1.4.3
loon.data,0.1.4
loon.ggplot,1.3.5
loon.shiny,1.0.4
loon.tourr,0.1.5
LoopAnalyst,1.2-7
LoopDetectR,0.1.2
loopevd,1.0.2
LoopRig,0.1.1
LOPART,2024.6.19
lorad,0.0.1.0
lorbridge,0.1.1
lordif,0.4.2
lorec,0.6.1
lorem,1.0.0
lorentz,1.1-2
LorenzRegression,2.3.1
lori,2.2.3
LorMe,2.0.2
LOST,2.1.3
lotri,1.0.4
LoTTA,0.1.1
lovecraftr,1.2.0
lowmemtkmeans,0.1.4
lowpassFilter,1.0-2
LowRankQP,1.0.6
lpacf,1.0.2
lpanda,0.2.1
LPBkg,1.2
lpc,1.0.2.1
lpcde,1.0.0
LPCM,0.47-6
lpda,1.2.3
lpdensity,3.0.1
LPDynR,1.0.5
lphom,0.3.5-7
lpint,2.1
lpirfs,0.2.5
lpl,0.13
LPM,3.2
lpmec,1.1.4
LPmerge,1.7
lpridge,1.1-1
lpSolve,5.6.23
lpSolveAPI,5.5.2.0-17.15
LPStimeSeries,1.1-0
LPWC,1.0.1
LqG,0.1.0
lqmix,1.2
lqmm,1.5.8
lqr,5.2
lrd,0.1.0
LREP,0.1.1
lrequire,0.1.3
lrgs,0.5.4
LRMF3,0.1.0
LRMiss,0.0.1
LRQVB,1.0.0
lrstat,0.3.2
LRTesteR,1.3.1
LS2W,1.3.7
LS2Wstat,2.1-5
lsa,0.73.4
LSAfun,0.8.1
LSAMBA,2024.1.1
LSAmitR,1.0-3
lsasim,2.1.6
LSD,4.1-0
LSDinterface,1.2.5
LSDirf,0.1.4
LSDsensitivity,1.3.2
LSE,1.0.0
LSEbootLS,0.1.0
lsei,1.3-1
lsirm12pl,2.0.3
lsl,0.5.6
lslx,0.6.11
lsm,0.2.1.5
lsmeans,2.30-2
LSMjml,0.6.0
LSMonteCarlo,1.0
lsoda,1.2
lspartition,0.5
LSPFP,1.0.3
lspline,1.0-0
lspls,0.2-2
lsr,0.5.2
lsReg,1.0.0
LSRS,0.2.0
lss2,1.1
lssdoc,0.1.1
LST,2.0.0
lstar,0.1.0
LSTbook,0.6
LSTMfactors,1.0.0
LSTS,2.1
LSVAR,1.2
LSWPlib,0.1.0
LSX,1.5.2
lt,0.1
ltable,2.0.4
LTASR,0.1.4
ltc,0.3.0
LTCDM,1.1.0
lterdatasampler,0.1.1
lterpalettefinder,1.1.0
ltertools,2.1.0
LTFGRS,1.0.1
LTFHPlus,2.2.0
ltm,1.2-0
ltmix,0.2.2
ltmle,1.3-0
LTPDvar,1.2.1
LTRCtrees,1.1.2
ltsa,1.4.6.1
ltsk,1.1.2
ltxsparklines,1.1.3
luajr,0.3.1
lubridate,1.9.5
lubrilog,1.3.0
lucas,1.0
lucid,1.11
lucidr,0.1.0
LUCIDus,3.1.0
luckieR,0.1.0
ludic,0.2.1
lue,0.2.1
lulab.utils,1.0.2
lulcc,1.0.4
lumberjack,1.3.1
lumbermark,0.9.0
Luminescence,1.2.1
lunar,0.2-1
lutz,0.3.2
luz,0.5.2
luzlogr,0.2.1
LVGP,2.1.5
lvimp,1.0.0
lvmisc,0.1.2
lvmPlot,0.1.0
lvnet,0.3.5
lvplot,0.2.2
lwc2022,1.0.0
LWFBrook90R,0.6.3
lwgeom,0.2-16
lyubishchev,0.1.0
LZeroSpikeInference,1.0.3
lzrq,0.1.0
lzstring,0.2.0
m2b,1.1.0
m2r,1.0.3
M2SMF,2.0
M2SMJF,1.0
M3,0.4
M3JF,0.1.0
m61r,0.1.0
maat,1.1.1
mabacR,0.1.0
mable,4.1.1
MacBehaviour,1.2.8
MACER,0.2.1
MachineShop,3.9.3
macleish,0.3.10
maclogp,0.1.1
macro,0.1.6
macroBiome,0.4.0
macrocol,0.1.0
MacroFilters,0.2.1
macrosyntR,0.3.3
MacroZooBenthosWaterA,0.1.0
mactivate,0.6.6
maczic,1.1.0
MAd,0.8-3
mada,0.5.12
maddison,0.2
MaddisonData,1.1.0
madgrad,0.2.0
maditr,0.8.7
MADMMplasso,1.0.1
madness,0.2.8
MADPop,1.1.7
madrat,3.37.1
madshapR,2.0.0
madsim,1.2.1
MADtests,0.1.1
maestro,1.2.0
Maeswrap,1.7
MAFLD,4.0.0
mafR,1.1.14
magclass,7.5.0
MAGEE,1.4.5
magentabook,0.1.0
magi,1.2.5
magic,1.6-1
magicaxis,2.5.1
magicfor,0.1.0
magick,2.9.1
magickGUI,1.3.1
magicLamp,0.1.0
MAGMA.R,1.0.4
MagmaClustR,1.2.1
magmaR,1.0.4
MAGNAMWAR,2.0.4
magree,1.2
magrittr,2.0.5
maGUI,4.0
maicChecks,0.3.0
maicplus,0.1.2
MAICtools,0.1.1
maidr,0.3.0
MAIHDA,0.2.0
mailchimpR,0.1.0
mailmerge,0.2.5
mailR,0.8
mailtoR,0.1.0
MainExistingDatasets,1.0.2
MAINT.Data,2.8.0
MAIVE,0.2.4
MajKMeans,0.1.0
MajMinKmeans,0.1.0
makedummies,1.2.1
MakefileR,1.1.0
makeFlow,1.0.2
makeit,1.0.2
makemyprior,1.2.2
makePalette,0.1.2
makepipe,0.2.2
maketools,1.3.2
makeunique,1.0.0
makicoint,2.0.0
MAKL,1.0.1
malan,1.0.4
malani,1.0
malariaAtlas,1.7.0
malaytextr,0.1.3
maldipickr,1.3.3
MALDIquant,1.22.3
MALDIquantForeign,0.14.1
MALDIrppa,1.1.0-3
mall,0.2.0
mallet,1.3.0
malvinas,0.1.0
mammalcol,0.2.9
MAMS,3.0.3
ManagedCloudProvider,1.0.0
managelocalrepo,0.1.5
mand,2.0
MandalaR,0.1.0
mandelbrot,0.2.0
Mangrove,1.21
manhplot,1.1
manifesto,0.0.2
manifestoR,1.6.3
manifold,0.1.2
ManifoldOptim,1.0.1
manipulate,1.0.1
manipulateWidget,0.11.2
ManlyMix,0.1.15.1
MannWhitneyCopula,0.1.1
MAnorm2,1.2.2
MANOVA.RM,0.5.4
manta,1.0.1
MantaID,1.0.4
mantar,0.3.0
mantis,1.0.2
manureshed,0.1.5
manydata,1.1.3
manydist,0.5.0
ManyIVsNets,0.1.1
manymodelr,0.4.0
manymome,0.3.6
manymome.table,0.4.0
manynet,2.1.4
manystates,1.0.3
ManyTests,1.2
MaOEA,0.6.2
maotai,0.3.0
MAP,1.0.0
Map2NCBI,1.5
MAPA,2.0.7
mapaccuracy,0.1.2
mapbayr,0.10.2
mapboxapi,0.6.3
mapcan,0.0.1
mapchina,0.1.0
MAPCtools,0.1.0
mapdata,2.3.1
mapdeck,0.3.6
mapedit,0.8.0
MapGAM,1.3-1
mapgl,0.5.0
mapi,1.1.5
mapindia,1.0.1
mapindiatools,1.0.1
Mapinguari,2.0.1
mapiso,0.3.0
maplamina,0.1.0
maplegend,0.6.3
mapme.biodiversity,0.9.6
mapmisc,2.1.3
mapmixture,1.2.0
mapnhanespa,0.1.0
mappeR,2.4.0
MapperAlgo,1.1.0
mappestRisk,0.1.2
MappingCalc,2.0.0
mappings,0.2.0
mapplots,1.5.3
mappoly,0.4.2
mappp,1.0.0
mapproj,1.2.12
maps,3.4.3
mapsapi,0.5.4
mapscanner,0.1.1
mapSenegal,0.1.1
mapsf,1.2.1
mapsf.gui,0.1.0
mapSpain,1.2.0
mapsPERU,2.0.1
mapsRinteractive,2.0.1
mapStats,3.2
maptiles,0.11.0
maptpx,1.9-7
maptree,1.4-9
mapview,2.11.4
mapycusmaximus,1.0.7
maq,0.6.0
mAr,1.2-0
maraca,1.1.0
marble,0.0.3
march,3.3.2
marcher,0.0-2
marcox,1.0.0
marelac,2.1.11
MareyMap,1.3.10
marg,1.2-4
margaret,0.1.4
marginaleffects,0.32.0
marginalizedRisk,2024.5-17
MarginalMaxTest,1.0.1
MarginalMediation,0.7.3
marginme,0.1.2
margins,0.3.28
marimekko,0.1.0
marinepredator,0.0.1
MariNET,1.0.0
mark,0.8.3
markdown,2.0
markdownInput,0.1.2
marked,1.2.8
markerpen,0.1.2
MarketMatching,1.2.1
marketr,0.0.2
markets,1.1.7
markmyassignment,0.8.9
markophylo,1.0.9
markovchain,0.10.3
Markovchart,2.1.5
markovmix,0.1.3
markovMSM,0.1.3
markowitz,0.1.0
MarkowitzR,1.0.3
markstat,0.1.5
marlod,0.2.3
marmap,1.0.12
MARMoT,0.0.4
marqLevAlg,2.0.8
marquee,1.2.1
marradistrees,1.0
mars,0.2.2
MARSANNhybrid,0.1.0
marsearth,0.0.0
MARSGWR,0.1.0
marsrad,1.0.1
marsruntime,0.0.0
MARSS,3.11.10
MARSSVRhybrid,0.1.0
MarZIC,1.0.1
mas,0.4
maSAE,2.0.3
masc,0.1.0
mascarade,0.3.4
mase,0.1.5.2
mashr,0.2.79
maskedcauses,0.10.0
maskedhaz,0.1.0
maskr,0.1.0
maskRangeR,1.1
MASS,7.3-65
masscor,0.0.7.1
MASSExtra,1.2.2
Massign,1.1.0
massiveGST,1.2.4
massProps,0.3.5
MASSTIMATE,2.0-1
MassWateR,2.2.1
MasterBayes,2.59
mastif,2.4
MAT,2.3.2
MATA,0.7.1
matchedcc,0.1.1
matchFeat,1.0
MatchGATE,0.0.10
Matching,4.10-15
matchingMarkets,1.0-5
MatchingPursuit,1.1.0
matchingR,2.0.0
MatchIt,4.7.2
MatchLinReg,0.8.1
matchmaker,0.1.1
matchMulti,1.1.14
matchpointR,0.1.0
matchr,0.1.0
MatchThem,1.2.1
matconv,0.4.2
mateable,0.3.3
materialmodifier,1.2.0
MATES,0.1
mathjaxr,2.0-0
mathml,1.9
mathpix,0.6.0
maths.genealogy,0.1.4
matlab,1.0.4.1
matlab2r,1.5.0
matlabr,1.5.2
matlib,1.0.1
matman,1.1.4
matpow,0.1.2
matrans,0.2.0
matricks,0.8.2
matRiks,0.1.5
matrisk,0.1.0
Matrix,1.7-5
matrixcalc,1.0-6
matrixCorr,0.12.2
MatrixCorrelation,0.10.1
matrixcut,0.0.1
matrixdist,1.1.9
MatrixEQTL,2.3
MatrixExtra,0.1.15
MatrixHMM,1.0.0
MatrixMixtures,1.0.0
MatrixModels,0.5-4
matrixmodp,0.2.0
matrixNormal,0.1.2
matrixProfile,0.5.0
matrixprofiler,0.1.10
matrixsampling,2.0.0
matrixset,0.4.1
matrixStats,1.5.0
matrixTests,0.2.3.1
matriz,1.0.1
matsbyname,0.6.14
matsindf,0.4.11
matuR,0.0.1.0
mau,0.4.0
mauricer,2.5.4
MAVE,1.3.12
maxaltall,0.1.0
maxbootR,1.0.0
maxcombo,1.0
maxent.ot,1.0.0
maxentcpp,1.0.0
MaxentVariableSelection,1.0-3
maximin,1.0-6
MaximinInfer,2.1.0
MaxIntTools,0.1.0
maxLik,1.5-2.2
maxlike,0.1-12
maxmatching,0.1.0
MaxMC,0.1.2
maxnet,0.1.4
MaxPro,4.1-2
maxRgain,1.1.0
MaxSkew,1.1
maxstablePCA,0.1.2
maxstat,0.7-26
MaxWiK,1.0.6
maybe,1.1.0
MazamaCoreUtils,0.6.2
MazamaLocationUtils,0.4.5
MazamaRollUtils,1.0.0
MazamaSpatialPlots,0.3.0
MazamaSpatialUtils,0.8.7
MazamaTimeSeries,0.3.1
MAZE,0.0.2
mazealls,0.2.1
mazeinda,0.0.2
mazing,1.0.5
MB,0.1.1
MBA,0.1-3
MBAnalysis,2.2.0
mbbefd,0.8.14
MBBEFDLite,1.0.0
MBC,0.10-8
MBCbook,0.1.2
mbend,1.3.1
MBESS,5.0.1
mbest,0.6.1
mbg,1.2.0
MBHdesign,2.3.15
mbir,1.3.5
mblm,0.12.1
MBmca,1.1-0
MBMethPred,0.1.4.4
mbmixture,0.6
MBNMAdose,0.5.1
MBNMAtime,0.2.6
mboost,2.9-11
mbr,0.0.1
mbrdr,1.1.1
mbreaks,1.0.1
mbRes,0.1.7
MBRM,0.1.1
MBSGS,1.2.0
MBSP,5.0
mbsts,3.0
mBvs,1.92
mbX,0.2.0
mc2d,0.2.2
mcanalysis,0.1.0
MCARtest,1.3
mcauchyd,1.3.3
MCAvariants,2.6.1
mcb,0.1.15
MCBackscattering,0.1.1
mcbette,1.15.3
mcbiopi,1.1.7
mcboost,0.4.4
mcca,0.8.2
mccca,1.1.0.1
mcclust,1.0.1
MCCM,0.1.0
mccount,0.1.1
mcdabench,1.1.2
mcemGLM,1.1.3
mcen,1.2.1
mcga,3.0.9
mcgf,1.1.1
mcgibbsit,1.2.2
mcglm,0.9.0
MChtest,1.0-3
MCI,1.3.3
MCID,0.1.0
MCL,1.0
mclink,1.1.1
mclm,0.2.7
mclogit,0.9.15
mclust,6.1.3
mclustAddons,0.10
mclustcomp,0.3.5
MCM,0.1.8
mcmapper,0.0.11
mcmc,0.9-8
MCMC.qpcr,1.2.4
MCMC4Extremes,1.1
mcmcderive,0.1.2
mcmcensemble,3.2.0
MCMCglmm,2.36
MCMChybridGP,7.0.2
MCMCpack,1.7-1
MCMCprecision,0.4.2
mcmcr,0.6.2
mcmcsae,0.8.0
mcmcse,1.5-1
MCMCvis,0.16.5
McMiso,0.2.0
mcmodule,1.3.0
mcmsector,1.0.2
mcMST,1.1.1
mcmsupply,1.1.1
mco,1.17
mcODE,1.1
MCOE,0.6.0
Mcomp,2.8
mcompanion,0.6
mcount,1.0.1
mcp,0.3.4
MCPAN,1.1-22
mcparallelDo,1.1.0
MCPMod,1.0-10.1
MCPModBC,1.1
MCPModGeneral,0.1-3
MCPModPack,0.5
mcprofile,1.0-1
mcprogress,0.1.1
MCPtests,1.0.1
mcptools,1.0.0
mcqAnalysis,0.1.0
mcr,1.3.3.1
mcradds,1.1.1
mcreplicate,0.1.2
mcrPioda,1.3.4
MCS,0.2.0
MCseqReplic,1.1.0
MCSim,1.0
MCSimMod,1.2
mcStats,0.1.3
mcstatsim,0.5.0
mctest,1.3.2
mctq,0.3.2
MCTrend,1.0.1
mcvis,1.0.8
mcwr,1.0.0
md,1.0.4
md.log,0.2.0
MD2sample,1.2.2
md4r,0.5.3.0
mda,0.5-5
mda.biber,1.0.1
mDAG,1.2.3
mdatools,0.16.0
mdbplyr,0.4.0
mdbr,0.3.1
MDCcure,0.1.0
MDDC,1.1.0
mddmaps,1.3.0
mde,0.3.3
mded,0.1-2
mdendro,2.2.3
MDFS,1.5.5
mdftracks,0.2.2
mdgc,0.1.7
MDgof,1.0.2
MDimNormn,0.8.0
mdir.logrank,0.0.4
MDMA,2.0.0
mdmb,1.9-22
MDMR,0.5.2
MDOLS,1.0
MDP2,3.0.0
mdpeer,1.0.1
MDPIexploreR,0.3.0
MDPtoolbox,4.0.3
mds,0.3.2
mdscore,0.1-4
MDSGUI,0.1.6
MDSMap,1.3
mdsOpt,0.7-7
MDSPCAShiny,0.1.0
mdsr,0.2.9
MDSS,1.0-1
mdw,2024.8-1
MEAanalysis,0.1.0
Meanimiles,0.1.0
meanr,0.1-6
meanShiftR,0.56
meantables,0.1.2
measles,0.2.0
measr,2.0.1
MeasurementDiagnostics,0.3.0
measurementProtocol,0.1.1
measurements,1.5.1
measureR,0.0.3
measures,0.3
measuRing,0.5.2
meboot,1.5
MECfda,0.2.1
MEclustnet,1.2.2
meconetcomp,0.7.0
mecor,1.0.0
mecoturn,0.3.1
mectx,1.1.1
MED,0.1.0
MedDataSets,0.1.0
MedDietCalc,0.1.1
meddra.read,0.0.1
mederrRank,0.1.0
MEDesigns,1.0.1
medExtractR,0.4.1
medfate,5.0.0
medfateland,3.0.0
medfit,0.2.1
medflex,0.6-11
MediaK,1.0
Mediana,1.0.8
MedianaDesigner,0.13
MediaNews,0.2.1
mediateP,0.2.0
mediation,4.5.1
mediationsens,0.0.3
medicalcoder,0.8.1
medicaldata,0.2.0
medicare,0.2.1
meditations,1.0.1
MedLEA,1.0.2
medparser,0.2.0
medrxivr,0.1.4
medScan,1.0.2
MEDseq,1.4.2
MedxR,0.1.1
MedZIsc,0.0.4
meerva,0.2-2
meetupr,0.3.1
mefa,3.2-10
mefa4,0.3-12
MEFM,0.1.1
megatrees,1.0.1
MEGB,0.2
meifly,0.3.1
mekko,0.1.0
melidosData,1.0.6
mellio,1.0.1
melt,1.11.4
meltt,0.4.3
mem,2.19
memapp,2.16
meme,0.2.4
memery,0.6.0
memgene,1.0.3
memify,0.1.1
memisc,0.99.31.8.3
memo,1.1.2
memofunc,1.0.2
memoiR,1.3-1
memoise,2.0.1
memor,0.2.3
memoria,1.1.0
memshare,1.1.1
MEMSS,0.9-4
memuse,4.2-3
MendelianRandomization,0.10.0
meow,1.0.0
Mercator,1.1.7
merDeriv,0.2-5
mergedblocks,1.1.1
mergeGridR,0.2.0
mergen,0.2.1
mergenstudio,1.0
mergersim,0.1.0
mergingTools,1.0.1
mermboost,0.1.1
MERO,0.1.2
merror,3.0
merTools,1.0.0
mesonet,0.0.2
MEsreg,0.1.0
MESS,0.6.0
messaging,0.1.0
messi,0.1.2
messy,0.1.0
messy.cats,1.0
messydates,0.5.4
Mestim,0.2.1
meta,8.5-0
meta.shrinkage,0.1.4
meta4diag,2.1.1
MetaAnalyser,0.2.1
metabias,0.1.1
metaBLUE,1.0.0
metaBMA,0.6.9
metaboData,0.6.4
metabodecon,1.6.2
MetabolAnalyze,1.3.1
metabolic,0.1.2
MetabolicSurv,1.1.2
MetabolicSyndrome,0.1.3
MetabolomicsBasics,1.4.7
MetabolSSMF,0.1.0
metabook,0.2-0
MetaboQC,1.1
metabup,0.1.3
metacart,3.0.4
metaCluster,0.1.1
metacoder,0.3.9
metacom,1.5.3
metaconfoundr,0.1.2
metaConvert,1.0.3
metacor,1.2.1
metacore,0.3.0
MetaCycle,1.2.1
metadat,1.6-0
metadeconfoundR,1.0.5
metaDigitise,1.0.2
MetaDose,1.0.1
metaDyn,1.0.1
metadynminer,0.1.7
metadynminer3d,0.0.2
metaEnsembleR,0.1.0
MetaEntropy,1.3
metafolio,0.1.2
metafor,5.0-1
metaforest,0.1.5
metafrontier,0.2.2
metafuse,2.0-1
metagam,0.4.1
metaGE,1.2.2
metagear,0.7
metaggR,0.3.0
metagroup,1.0.2
MetaHD,0.1.4
metaHelper,1.0.1
metaheuristicOpt,2.0.0
MetaHunt,0.1.0
metainc,0.2-1
metainsight,7.1.0
MetaIntegration,0.1.2
MetaLandSim,2.0.0
metalcor,1.0.0
metaLik,0.44.0
metalite,0.1.4
metalite.ae,0.1.3
metalite.sl,0.1.2
metalite.table1,0.4.0
metaLong,0.1.0
MetAlyzer,1.1.0
metaMA,3.1.3
metamedian,1.2.2
metamer,0.3.1
metamisc,0.4.0
metamorphr,0.4.1
metan,1.19.0
MetaNet,0.3.2
metanetwork,0.7.0
MetaNLP,0.1.4
metANN,0.1.0
metansue,2.6
metap,1.14
metaphonebr,0.0.5
metaplot,0.8.4
metaplus,1.0-8
metapost,1.0-6
metapower,0.2.2
metapro,1.5.11
metaprotr,1.2.2
metaquant,0.1.3
metaRange,1.1.4
metarep,1.2.1
metaRNASeq,1.0.8
MetaRVM,2.1.0
metaSDTreg,0.2.2
metaSEM,1.5.0
metasens,1.5-3
MetaSKAT,0.90
metasnf,2.3.0
metasplines,0.1.1
MetaStan,1.0.0
MetaSubtract,1.60
metasurvey,0.0.24
metaSurvival,0.1.0
metaSVR,0.1.0
metatest,1.0-5
metathis,1.1.4
metatools,0.3.0
metaumbrella,1.1.0
MetaUtility,2.1.2
metavcov,2.1.5
metaviz,0.3.1
metawho,0.2.0
MetBrewer,0.2.0
meteo,2.0-5
meteoEVT,0.1.0
meteoForecast,0.57
meteoland,2.2.7
meteor,0.4-5
meteospain,0.3.1
meteR,1.2
metevalue,0.2.4
MethComp,1.30.2
methcon5,0.1.0
MethEvolSIM,0.3.0
methFuse,1.1.0
MethodCompare,1.1.0
MethodOpt,1.0.0
MethScope,1.0.3
MeTo,0.1.1
metools,1.0.0
metR,0.18.3
metrica,2.1.1
MetricGraph,1.6.0
metricminer,1.0.1
Metrics,0.1.4
MetricsWeighted,1.0.4
metrix,1.1.0
metro,0.9.3
metRology,0.9-29-2
metropolis,0.1.8
metrosp,1.0.0
mets,1.3.11
MetSizeR,2.0.0
metsyn,0.1.2
mev,2.2
mevr,1.1.1
mewAvg,0.3.1
MexBrewer,0.0.2
mexhaz,2.6
MexicoDataAPI,0.3.0
mexicolors,0.2.0
mExplorer,1.0.0
MF.beta4,1.1.2
mfaces,0.1-4
MFAg,2.3
mfclim,0.1.1
mfcurve,1.0.2
mFD,1.0.7
mfdb,7.4-0
MFDFA,1.1
mFDP,0.2.2
MFF,0.2.0
mfGARCH,0.2.2
mFilter,0.1-5
mFLICA,0.1.7
MFO,0.1.0
mfp,1.5.5.1
mfp2,1.0.1
MFPCA,1.3-11
mfpp,0.0.9
MFRCD,0.1.1
mfrmr,0.2.1
MFSD,0.1.1
MFSIS,0.3.1
MfUSampler,1.1.0
mfx,1.2-4
mgarchBEKK,0.0.5
MGBT,1.1.6
mgc,2.0.2
mgcv,1.9-4
mgcViz,0.2.1
MGDrivE,1.6.2
MGDrivE2,2.1.1
mgee2,0.6
mggd,1.3.3
mgi.report.reader,0.1.3
MGL,1.1
mglasso,0.1.2
MGLM,0.2.1
mglmn,0.1.0
mgm,1.2-15
MGMM,1.0.1.3
MGPSDK,1.0.0
mgpStreamingSDK,0.2.0
MGSDA,1.6.1
mGSFPCA,0.2.2
mgsub,2.0.0
mgwnbr,0.3.0
mgwrhw,1.1.1.5
mgwrsar,1.3.2
mhazard,0.2.3
mhcnuggetsr,1.2.6
MHCtools,1.6.0
MHD,0.1.3
MHDA,2.0
mHG,1.1
mHMMbayes,1.1.1
mhn,0.1.0
Mhorseshoe,0.1.5
mhpfilter,0.1.0
MHQoL,0.14.0
mhsmm,0.4.21
MHTdiscrete,1.0.1
MHTmult,0.1.0
MHTrajectoryR,1.0.1
mhurdle,1.3-2
mi,1.2
mi4p,1.3
MIAmaxent,1.4.1
miapack,0.1.0
MIC,2.0.0
micar,1.2.0
micd,1.1.2
mice,3.19.0
miceadds,3.20-10
miceafter,0.5.0
micEcon,0.6-20
micEconAids,0.6-20
micEconCES,1.0-2
micEconDistRay,0.1-4
micEconIndex,0.1-8
micEconSNQP,0.6-10
miceDRF,0.1.0
miceFast,0.9.1
micemd,1.10.1
micer,0.2.1
miceRanger,1.5.0
michelRodange,1.0.0
miclust,1.3.0
micompr,1.3.0
miCoPTCM,1.1
microbats,0.1-1
microbenchmark,1.5.0
microbial,0.0.22
MicrobialGrowth,1.0.0
microbiomeMQC,1.0.2
MicrobiomeStat,1.4
MicrobiomeSurv,0.1.0
MicrobTiSDA,0.1.0
microCRAN,0.9.0-1
MicroDatosEs,0.8.15
microdiluteR,1.0.1
microeco,2.2.0
microinverterdata,0.4.0
MicroMacroMultilevel,0.4.0
micromap,1.9.12
micromapST,3.1.1
MicroMoB,0.1.2
micromodal,1.0.0
MicroNiche,1.0.0
micronutr,0.1.1
micropan,2.1
microplot,1.0-47
microPop,1.6
microseq,2.1.7
microsimulation,1.4.5
Microsoft365R,2.4.1
microsynth,2.0.51
MicSim,3.0.0
MICsplines,1.0
micsr,0.1-5
micss,0.3.1
micvar,0.1.0
midas,1.0.1
midas2,1.1.0
MIDASim,2.0
midasml,0.1.11
midasr,0.9
midastouch,1.3
midfieldr,1.0.3
midi,0.2.0
MIDN,1.0
midnight,0.2.0
midoc,1.0.0
midr,0.6.1
midrangeMCP,3.1.3
miebl,0.1.0
miesmuschel,0.0.4-3
mifa,0.2.1
mig,2.0
MigConnectivity,0.5.0
MIGEE,0.1.0
migest,2.0.6
mighty.metadata,0.1.0
migraph,1.6.6
migrate,0.5.1
migration.indices,0.3.1
MigrationDetectR,0.1.1
migui,1.3
miic,2.0.3
MIIPW,0.1.2
MIIVefa,0.1.2
MIIVsem,0.5.8
mikropml,1.7.0
miLAG,1.0.5
mildsvm,0.4.1
miLineage,2.1
milorGWAS,0.7.1
milr,0.4.1
mimar,0.8.0
mimdo,0.1.0
mime,0.13
MIMER,1.0.6
mimiSBM,0.0.1.3
MIMSunit,0.11.3
mimsy,0.6.5
min2HalfFFD,0.1.0
minb,0.1.0
mind,1.1.0
MindOnStats,0.11
mindr,1.4.1
mineCitrus,1.0.0
MinEDfind,0.1.3
minerva,1.5.10
minesweeper,1.0.1
mineSweepR,0.1.1
minFactorial,0.1.0
mini007,0.4.0
minic,1.0.3
miniCRAN,0.3.2
minidown,0.4.0
miniGUI,0.8-1
miniLNM,0.1.0
minimalistGODB,1.1.0
minimalRSD,1.0.0
minimap,0.1.0
minimax,1.1.1
minimaxALT,1.0.3
minimaxApprox,0.5.0
miniMeta,0.3.2
minioclient,0.0.6
miniPCH,0.4.1
minipdf,0.2.7
Minirand,0.1.3
minired,1.0.1
miniUI,0.1.2
minMSE,0.5.1
minorparties,1.0.0
minpack.lm,1.2-4
minqa,1.2.8
minque,2.0.0
minsample1,0.1.0
minsample2,0.1.0
minSNPs,0.2.0
minter,0.1.1
MINTplates,1.0.1
MinTriadic,1.0.0
minty,0.0.6
mintyr,0.1.3
mipfp,3.2.1
mipplot,0.3.1
mirai,2.7.1
MIRDD,0.2.4
miRecSurv,1.0.2
MIRES,0.1.1
MiRKAT,1.2.3
MiRNAQCD,1.1.3
miRNAss,1.5
mirrorselect,0.0.3
MiRSEA,1.1.1
mirt,1.46.1
mirtCAT,1.14
miRtest,2.2
misaem,1.1.0
misc,0.0.5
misc3d,0.9-2
miscF,0.1-5
miscFuncs,1.5-10
miscIC,0.1.0
misclassGLM,0.3.6
MiscMath,1.1
MiscMetabar,0.16.8
miscTools,0.6-30
miselect,0.9.2
misha,5.6.6
misl,2.0.0
mispitools,1.4.0
mispr,1.0.0
misPRIME,0.1.0
MisRepARMA,0.2.0
missalpha,0.2.0
missCforest,0.0.8
MissCP,0.1.1
missDeaths,2.8
missDiag,1.0.1
missForest,1.6.1
missForestPredict,1.0.1
MissingHandle,0.1.1
missingHE,1.6.1
MissingPlotLSD,0.1.0
MissingPlotRBD,1.1.0
missMDA,1.21
MissMech,1.0.4
missMethods,0.4.0
missoNet,1.5.1
misspi,0.1.1
Missplot,0.1.0
missPLS,0.2.1
missr,1.0.1
missRanger,2.6.1
missSBM,1.0.5
mistr,0.0.6
mistral,2.2.4
misty,0.8.2
misuvi,0.1.1
mitey,0.2.0
mitml,0.4-5
MitoHEAR,0.1.0
mitools,2.4
mitre,1.0.0
MittagLeffleR,0.4.1
mix,1.0-13
mixAK,5.8
mixAR,0.22.9
mixbox,1.2.3
mixcat,1.0-4
mixchar,0.1.0
mixcure,2.0
mixdir,0.3.0
mixdist,0.5-5
mixedBayes,0.2.5
mixedbiastest,1.0.2
mixedCCA,1.6.3
mixedClust,1.0.2.1
mixedfact,0.1.1
mixediffusion,1.0.1
MixedIndTests,1.2.0
MixedLevelRSDs,1.0.0
mixedLSR,0.1.0
mixedMem,1.1.2
MixedPoisson,2.0
MixedPsy,1.3.0
mixedsde,5.0
mixedsubjects,1.0.0
mixedsubjectsirt,1.0.0
MixedTS,1.0.4
MIXFIM,1.1
MixfMRI,0.1-4
MixFrac,1.0
mixgb,2.2.3
MixGHD,2.3.7
mixhvg,1.0.1
mixKernel,0.9-2
mixl,1.3.5
MixLFA,1.0.0
mixlm,1.4.3
MixMashNet,1.1.0
MixMatrix,0.2.8
mixmeta,1.2.2
mixopt,0.1.3
MixOptim,0.1.2
mixor,1.0.7
mixPHM,0.7-2
mixpoissonreg,1.0.0
mixpower,1.1.1
mixqr,0.2.0
mixR,0.2.1
mixRaschTools,1.1.1
MixRF,1.0
MixSAL,1.0
MixSemiRob,1.1.1
MixSIAR,3.1.12
MixSim,1.1-8
mixsmsn,1.1-12
mixSPE,0.9.3
mixsqp,0.3-54
mixSSG,2.1.1
MixStable,0.1.0
mixtime,0.2.0
mixtools,2.0.0.1
mixtox,1.5.0
mixtree,0.0.1
mixtur,1.2.3
mixture,2.2.0
MixtureFitting,0.8.0
MixtureMissing,3.0.6
MixTwice,2.0
mixvlmc,0.2.2
mize,0.2.5
mizer,3.1.0
MJMbamlss,0.1.0
mKBO,0.1.0
MKclass,0.5
mkde,0.4
MKdescr,0.9
MKendall,1.5-4
mkin,1.2.10
MKinfer,1.3
MKLE,1.0.1
MKMeans,3.4.4
MKmisc,2.0
MKomics,0.8
MKpower,1.1
mkssd,1.2
ml,0.1.2
ML.MSBD,1.2.1
ML2Pvae,1.0.0.1
mlapi,0.1.1
MLBC,0.2.2
mlbench,2.1-8
mlbplotR,1.2.0
mlbstats,0.1.0
MLCausal,0.1.0
MLCIRTwithin,2.1.2
MLCM,0.4.4
MLDataR,1.0.1
mldr,0.4.3
mldr.datasets,0.4.2
mldr.resampling,0.2.3
MLDS,0.5.1
MLE,1.8
mlearning,1.2.1
MLEce,2.1.0
MLEcens,0.1-7.1
mlegp,3.1.10
mlelod,1.0.0.1
mlergm,0.8.1
MLeval,0.3
mlexperiments,1.0.0
mlf,1.2.1
MLFDR,0.1.0
mlfit,0.5.3
mlflow,3.10.1
MLFS,0.4.3
MLGdata,0.1.0
MLGL,1.0.1
MLID,1.0.1
mlim,0.3.0
mllrnrs,0.0.8
mlma,6.3-1
mlmc,2.1.1
MLmetrics,1.1.3
mlmhelpr,0.1.1
mlmi,1.1.3
MLML2R,0.3.3
mlmoderator,0.2.1
MLMOI,0.1.2
MLmorph,0.1.1
mlmpower,1.0.11
mlmRev,1.0-9
mlmtools,1.0.2
MLMusingR,0.4.0
mlogit,2.0-0
mlogitBMA,0.1-9
mlpack,4.7.0
MLpreemption,1.0.1
MLPUGS,0.2.0
mlpwr,1.1.1
mlquantify,0.2.0
mlr,2.19.3
mlr3,1.7.1
mlr3batchmark,0.2.2
mlr3benchmark,0.1.7
mlr3cluster,0.4.0
mlr3data,0.9.0
mlr3db,0.7.2
mlr3fairness,0.4.0
mlr3fda,0.7.0
mlr3filters,0.9.1
mlr3fselect,1.6.0
mlr3hyperband,1.1.0
mlr3inferr,0.2.1
mlr3learners,0.15.0
mlr3mbo,1.1.1
mlr3measures,1.3.0
mlr3misc,0.22.0
mlr3oml,0.12.0
mlr3pipelines,0.11.0
mlr3resampling,2026.5.19
mlr3shiny,0.5.0
mlr3spatial,0.6.1
mlr3spatiotempcv,2.3.4
mlr3summary,0.1.2
mlr3superlearner,0.1.2
mlr3torch,0.3.3
mlr3tuning,1.6.0
mlr3tuningspaces,0.6.0
mlr3verse,0.3.2
mlr3viz,0.11.0
mlrCPO,0.3.8
mlrintermbo,0.5.1-1
mlrMBO,1.1.6
mlrpro,0.1.3
mlrv,0.1.2
mlS3,0.1.1
mlsbm,0.99.2
mlsjunkgen,0.1.2
MLSP,0.1.0
mlspatial,0.1.1
mlstm,0.1.7
mlstrOpalr,1.0.3
mlsurvlrnrs,0.0.8
mlt,1.8-1
mlt.docreg,1.1-13
mltest,1.0.3
mltools,0.3.5
mlts,2.0.1
mlumr,0.1.0
mlVAR,0.6.1
MLwrap,0.4.0
MLZ,0.1.5
MM,1.7-0
MM2Sdata,1.0.3
MM4LMM,3.0.3
mma,10.8-1
mmabig,3.2-0
MMAC,1.0
MMAD,2.0.1
mmand,1.7.0
mmap,0.6-26
mmapcharr,0.3.1
mmaqshiny,1.0.0
mMARCH.AC,3.3.4.3
mmb,0.13.3
mmbcv,0.3.0
mmc,0.0.3
mmcards,0.1.1
mmcm,1.2-8
mmcmcBayes,0.2.0
mmconvert,0.12
Mmcsd,1.0.0
MMD,1.0.0
MMDai,2.0.0
MMDCopula,0.2.1
MMDvariance,0.1.0
mme,0.1-6
mmeln,1.5
MMeM,0.1.1
mmequiv,1.0.0
mmeta,3.0.2
MMGFM,1.2.1
mmibain,0.2.0
mmiCATs,0.2.0
MMINP,0.1.0
mmints,0.2.0
mmirestriktor,0.3.1
MMLR,0.2.0
mmmgee,1.20
MMOC,0.1.1.0
mmod,1.3.3
mmodely,0.2.5
mMPA,1.2.0
mmpca,2.0.4
mmr,0.1.0
MMRcaseselection,0.2.0
mmrm,0.3.18
mmsample,0.1
mmstat4,0.2.1
mmtdiff,1.0.0
mmtsne,0.1.0
MMWRweek,0.1.3
MN,1.1
MNARclust,1.1.0
MNB,1.2.0
mnda,1.0.9
mnet,0.1.4
mnirs,0.6.5
mniw,1.0.2
mnlfa,0.3-4
MNLR,0.1.0
MNM,1.0-4
mnonr,1.0.1
mnorm,1.2.3
mnormt,2.1.2
MNormTest,1.1.1
MNP,3.1-5
mnpPlasmonR,0.1.0
MNS,1.0
mnt,1.3
mob,0.4.2
MoBPS,1.13.1
mobsim,0.3.2
moc.gapbk,0.2.1
MOCCA,1.4
mockery,0.4.5
mockr,0.2.2
mockthat,0.2.8
mod,0.1.3
mod09nrt,0.14
mod2rm,0.2.1
modACDC,2.0.1
ModalCens,0.1.0
Modalclust,0.7
ModalForecast,0.1.0
modeest,2.4.0
modehunt,1.0.8
model4you,0.9-9
modelbased,0.16.0
modelbpp,0.3.0
modelc,1.0.0.0
Modelcharts,0.1.0
modeldata,1.5.1
modeldatatoo,0.3.0
modeldb,0.3.1
modeldiag,0.1.0
modeldiagramR,0.2.1
modelDown,1.1
modelenv,0.2.0
Modeler,3.4.9
modelfree,1.2.1
modelimpact,1.0.0
modeLLtest,1.0.5
ModelMap,3.4.0.8
ModelMatrixModel,0.1.0
ModelMetrics,1.2.2.2
modelObj,4.3
modelr,0.1.11
modelscompete4,0.2.6
modelSelection,1.0.7
modelSSE,0.1-3
modelStudio,3.1.2
modelsummary,2.6.0
modeltests,0.1.8
modeltime,1.3.5
modeltime.ensemble,1.1.0
modeltime.resample,0.3.0
modeltools,0.2-24
modeltuning,0.1.3
moder,0.2.1
moderate.mediation,0.0.12
modernBoot,0.1.1
moderncor,0.2.0
moderndive,0.7.0
modernVA,0.1.3
modest,0.3-1
ModEstM,0.0.1
modesto,0.1.4
modEvA,3.45
modgo,1.1.0
modi,0.1.3
modifiedmk,1.6
modisfast,1.0.2
MODISTools,1.1.6
ModLR,0.1.29
modmarg,0.9.6
modMax,1.1
modnets,0.9.0
modopt.matlab,1.0-2
modQR,0.1.3
modsem,1.0.21
ModStatR,1.4.2
ModTools,0.9.13
modTurPoint,0.1.0
moduleColor,1.8-4
modules,0.13.0
MOEADr,1.1.3
MoEClust,1.6.0
moewishart,1.2
MOFAT,1.0
mogiw,0.1.0
mojson,0.1
mokken,3.1.2
molaR,6.0
MolgenisArmadillo,3.0.0
MolgenisAuth,1.0.0
MOLHD,0.2
MOM,0.1.0
mombf,3.5.4
momentchi2,0.1.5
momentfit,1.0
moments,0.14.1
momentuHMM,1.5.8
momst,0.1.1
MomTrunc,6.1
monaco,0.2.2
monad,0.1.1
MoNAn,1.1.0
monashtipr,0.1.0
mondate,1.0
Mondrian,1.1.2
mongolite,4.0.0
mongolstats,0.1.1
mongopipe,0.1.2
monitoR,1.2
monitOS,0.1.6
monmlp,1.1.5-1
monobin,0.2.4
monobinShiny,0.1.0
monochromeR,0.2.0
monoClust,1.2.1
monographaR,1.3.1
monolix2rx,0.0.6
monomvn,1.9-21
MonoPhy,1.3.2
MonoPoly,0.3-10
monoreg,2.1
monotone,0.1.2
MonotoneHazardRatio,0.2.0
monotonicity,1.3.1
MonotonicityTest,1.3
monreg,0.1.4.1
Monte.Carlo.se,0.1.1
MonteCarloSEM,2.0.0
moocore,0.3.1
MOODE,1.1.0
moodef,1.2.0
moodlequiz,0.2.1
moodlequizR,2.1.1
moodleR,1.0.5
moonBook,0.3.1
moonboot,2.0.1
moonlit,0.1.1
MoonShineR,1.1.0
mooplot,0.1.1
moose,0.0.1
mop,0.1.4
mopac,0.1.0
MOQA,2.0.0
morepls,0.2.1
morestopwords,0.2.0
mori,0.2.1
morph,1.1.0
morphemepiece,1.2.3
morphemepiece.data,1.2.0
morpheus,1.0-5
Morpho,2.13
morphomap,1.5
moRphomenses,1.0.3
MorphoRegions,0.1.0
MorphoTools2,1.0.2.1
MorphSim,1.2.0
morrowplots,0.2.0
morse,3.3.5
morseDR,0.1.2
morseTKTD,0.1.3
mort,0.0.1
mortAAR,1.1.8
MortalityGaps,1.0.7
MortalityLaws,2.2.0
MortalityTables,2.0.5
mortar,0.4.0
MortCast,2.8-0
mortSOA,0.1.0
mos,0.1.3
mosaic,1.10.2
mosaicCalc,0.6.4
mosaicCore,0.9.5
mosaicData,0.20.4
MOSAlloc,1.2.6
mosclust,1.0.2
MOsemiind,0.1.2
MOST,0.1.2
mosum,1.2.7
MoTBFs,1.4.2
MOTE,1.2.2
motherduck,0.2.1
motif,0.6.5
motifcluster,0.2.3
motifr,1.0.0
motmot,2.1.4
motoRneuron,1.0.0
moult,2.3.1
mountainplot,1.4
mousetRajectory,0.2.1
mousetrap,3.2.3
MOutliers,0.1.2
move,4.2.7
move2,0.5.0
movecost,3.0.0
movedesign,0.3.3
moveEZ,1.2.0
movegroup,2026.07.01
moveHMM,1.12
movementsync,0.1.5
moveWindSpeed,0.2.4
movieROC,0.1.2
movMF,0.2-11
mp,0.4.1
mpactr,0.3.3
mpae,0.1.2
mpaR,0.4.0
mpath,0.4-2.26
mpathr,1.0.4
mpathsenser,1.2.4
MPBoost,0.1-6
MPCI,1.0.7
MPCR,2.1.1
MPDiR,0.3
MPGE,1.0.1
MPI,0.1.0
mpindex,0.3.0
mpitbR,1.0.1
mplot,1.0.6
MplusAutomation,1.3
MplusLGM,1.0.0
mplusParallel.automation,0.0.1.1
MplusTrees,0.2.3
mpm,1.0-23
mpmaggregate,0.2.6
mpmcorrelogram,0.1-5
mpmi,0.43.2.1
mpmsim,3.3.0
MPN,0.4.0
mpoly,1.1.2
mpower,0.1.0
mppR,1.5.0
mpr,1.0.6
MPS,2.3.1
MPSEM,0.6-1
mpshock,0.1.0
mpspline2,0.1.9
MPsychoR,0.10-8
mpt,1.0-0
MPTinR,1.14.1
MPV,2.0
mpwR,0.1.5.1
MQMF,0.1.5
mqqcause,1.0.0
mqqr,1.0.0
Mqrcm,1.3
mqriskR,0.1.0
mr.mashr,0.3.44
mr.pivw,0.1.1
MR.RGM,0.1.0
MRAM,1.0.1
mrangr,1.0.1
mrap,1.0.1
mratios,1.4.4
mrbayes,0.5.2
mrbin,1.9.5
mrbsizeR,1.3.1
mRc,0.1.2
MRCE,2.4
mrct,0.0.1.0
MRCV,0.4-0
mrddGlobal,0.1.0
mrds,3.0.1
mreg,1.2.1
mregions2,1.3.0
mrf,0.1.9
mrf2d,1.0
MRFA,0.6
MRFcov,1.0.39
mrfDepth,1.0.17
mrfse,0.4.2
MRG,0.3.29
MRgrowth,0.1.2
mrgsim.parallel,0.3.0
mrgsim.sa,0.3.0
mrgsolve,2.0.1
MRHawkes,1.0
mri,1.0.1
mrIML,2.2.0
MRIreduce,1.0.0
mritc,0.5-3
MRMCaov,0.3.1
MRMCbinary,1.0.6
MRMCsamplesize,1.0.0
MRmediation,1.0.1
mrMLM,5.0.1
mrMLM.GUI,4.0.2
mRMRe,2.1.2.2
mro,0.1.1
MRPC,3.2.0
mRpostman,1.1.4
mrPStrata,0.1.0
MRQoL,1.0.1
MRReg,0.1.6
mrregression,1.0.0
MRStdCRT,0.1.1
MRStdLCRT,0.1.1
MRTAnalysis,0.4.1
MRTSampleSize,0.3.0
MRTSampleSizeBinary,0.1.2
mrtsSphere,0.1.2
MRZero,0.2.0
msae,0.1.5
msaeHB,0.1.0
msaenet,3.1.2
msamp,1.0.0
msaR,0.6.0
MSbox,1.4.8
MSBStatsData,0.0.2
MSCCT,1.0.2
msce,1.0.2
mschart,0.5.0
MSclassifR,0.5.0
MSclust,1.0.4
MSCMT,1.4.4
MScombine,1.4
mscp,1.0
MSCquartets,3.3
MSCsimtester,1.1
mscstexta4r,0.1.2
mscstts,0.6.4
mscsweblm4r,0.1.2
msd,0.3.1
msda,1.0.4
msde,1.0.5
msdrought,0.1.1
mseapca,2.2.1
msentropy,0.1.4
MSEtool,3.7.5
MSG,0.9
MSGARCH,2.51
MSGARCHelm,0.1.0
msgps,1.3.5
msgr,1.1.2
msig,1.0
msigdbr,26.1.0
mSigPlot,2.0.38
MSigSeg,0.2.0
mSigTools,1.0.7
mSimCC,0.0.3
MSIMST,1.1
MSinference,0.2.1
msir,1.4
msm,1.8.2
msma,3.1
msme,0.5.4
MSMGOptimizer,0.1.0
MSML,1.0.0.1
msmtools,2.2.1
MSMU,0.1.2
MSMwRA,1.5
MSN,0.1.0
msos,1.2.0
MSoutcomes,0.2.1
msPCA,0.5.0
msprog,1.0.0
MSPRT,3.0
mssearchr,0.2.0
msSPChelpR,0.9.1
MSSQL,1.0.1
MST,2.2
mstATA,0.1.0
mstate,0.3.3
mStats,3.4.0
mstclustering,1.0.0.0
mstDIF,0.1.8
mSTEM,1.0-1
MSTest,0.1.8
mstherm,0.4.7
mstknnclust,1.0.0
mstudentd,1.1.2
msu,0.0.1
MSUthemes,1.0.0
MSwM,1.5
mt,2.0-1.21
mt.surv,1.1.1
MTA,0.6.0
mtanan,0.0.1
mtaOpenData,0.1.0
MTAR,0.1.1
mtarm,0.1.9
mtb,0.1.9
mtdesign,0.1.4
MTE,1.2.1
MTest,1.0.4
mtgjsonsdk,0.1.0
mthapower,0.1.1
mtlgmm,0.1.0
MTLR,0.2.2
MTPS,1.0.2
mtrank,0.2-0
MTS,1.2.1
mtscr,2.0.0
mtsdi,0.3.7
mtsta,0.0.0.1
MTSYS,1.2.0
mtvc,1.1.0
MUACz,2.1.0
MuChPoint,0.6.4
muckrock,0.1.0
mudfold,1.1.21
mueRelativeRisk,0.1.1
MuFiMeshGP,0.0.1
MUGS,0.1.0
muhaz,1.2.6.4
muiDataGrid,0.1.2
muiMaterial,0.2.2
muir,0.1.0
muiTreeView,0.1.1
mulea,1.1.1
mulgar,1.0.5
mully,2.1.38
mulSEM,1.2
mulset,1.0.0
mult.latent.reg,0.2.2
MultANOVA,1.1.0
MultBiplotR,25.11.15
multbxxc,1.0.3
multChernoff,1.0.0
multcomp,1.4-30
multcompView,0.1-11
multDM,1.1.5
multe,1.1.0
MultEq,2.4
multfisher,1.1
multgee,1.9.0
multiActionButton,1.0.0
multiApply,2.1.5
multiAssetOptions,0.1-2
MultiATSM,1.5.1-2
MultiBD,1.0.2
multibias,1.7.3
multibiasmeta,0.2.2
multibiplotGUI,1.1
multiblock,0.8.10
multibreakeR,0.1.0
multibridge,1.3.0
multiCA,1.2.0
multicastR,2.0.0
multiCCA,0.1.0
multichull,3.0.1
multiclassPairs,0.4.3
MultiClassROC,0.1.0
multicmp,1.1
MultiCOAP,1.1
multiColl,2.0
multicool,1.0.1
multid,1.0.2
multiDEGGs,1.2.1
multideploy,0.1.0
multiDimBio,1.2.5
MultiDiscreteRNG,0.1.0
multiDoE,0.9.4
multidplyr,0.1.4
multifamm,0.1.1
multiFANOVA,0.1.0
multifear,0.1.5
MultiFit,1.1.1
multifunc,0.9.4
multifwf,0.2.2
MultiGlarmaVarSel,1.0
multigraph,0.99-3
multigraphr,0.2.0
MultiGrey,0.1.0
multigroup.vaccine,0.1.1
MultiGroupO,0.4.0
MultiGroupSequential,1.1.0
MultiJoin,0.1.1
MultiKink,0.2.0
multilandr,1.0.0
multilaterals,2.0
MultiLCIRT,2.12
multilevel,2.8
multilevelcoda,1.3.3
multilevelmediation,0.4.1
multilevelmod,1.0.0
MultiLevelOptimalBayes,0.0.4.0
multilevelPSA,1.3.1
multilevelTools,0.2.1
multilevLCA,2.1.4
multilinguer,0.2.4
multilink,0.1.1
multimark,2.1.7
multimedia,0.2.0
multimediate,0.1.6
multimix,1.0-10
MultiModalR,1.0.0
multimode,1.5
multiModTest,1.0
multimolang,0.1.1
multimorbidity,0.5.1
multiness,1.0.2
multinet,4.3.4
multinets,0.2.2
multinma,0.9.1
MultiNMix,0.1.0
multinomialLogitMix,1.1
multinomineq,0.2.6
multIntTestFunc,0.3.0
multiobjectiveMDP,1.0.0
MultiObjMatch,1.0.0
multiocc,0.2.3
MultiOrd,2.4.4
multipanelfigure,2.1.6
MultiPhen,2.0.4
MultipleBreakpoints,0.1.0
MultipleBubbles,0.2.0
multipleDL,1.0.0
multipleITScontrol,0.1.0
multipleNCC,1.2-5
multipleOutcomes,0.18.1
MultipleRegression,0.1.0
multiplestressR,0.1.1
multiplex,3.9
MultiplierDEA,0.1.19
multipol,1.0-9
multiRec,1.0.6
MultiResponseR,1.4.1
MultiRFM,1.1.0
multirich,2.1.3
multiridge,1.11
multiRL,0.4.5
MultiRNG,1.2.4
MultiRobust,1.0.5
multiSA,0.4.0
MultiscaleDTM,1.0.1
multiScaleR,0.7.0
MultiscaleSCP,0.1.1
multiscape,1.0.7
multiselect,0.1.0
multisensi,2.1-1
multisite.accuracy,1.3
MultisiteMediation,0.0.4
MultiSkew,1.1.1
multisom,1.3
multispatialCCM,1.3
MultiSpline,0.2.0
MultiStatM,2.1.0
multiswc,0.1.2
multitaper,1.0-17
multitool,0.1.5
MultiTraits,1.0.0
multiUS,1.2.3
multivar,1.4.0
multivariance,2.4.1
MultivariateAnalysis,0.5.1
MultivariateRandomForest,1.1.5
MultivariateTrendAnalysis,0.1.3
multivarious,0.3.2
multivator,1.1-11
multiverse,0.6.2
multiview,1.0
multiwave,2.0
multiway,1.0-7
MultiwayRegression,1.2
multiwayvcov,1.2.3
MultNonParam,1.3.9
MultOrdRS,0.1-3
multpois,0.3.3
MultRegCMP,0.1.0
MultSurvTests,0.2
multvardiv,1.0.15
multxpert,0.1.1
MulvariateRandomForestVarImp,0.0.2
mumarinex,2.0
MuMIn,1.48.19
mums2,0.1.1
munch,0.0.2
mundoLindey,0.1.0
munfold,0.3.5
munsell,0.5.1
munsellinterpol,3.4-0
mupet,0.1.0
MuPETFlow,0.1.1
muRL,0.1-13
murphydiagram,0.12.2
muRty,0.3.1
MUS,0.1.6
musclesyneRgies,1.2.5
muse,0.1.0
music,0.1.2
musicMCT,0.5.0
musicNMR,1.0
musicXML,1.0.1
mutationtypes,0.0.1
mutoss,0.1-14
mutossGUI,0.1-12
mutSignatures,2.1.1
muttest,0.2.1
mutualinf,2.0.4
MuViCP,1.3.2
MUVR2,0.1.0
MVA,1.0-9
mvabund,4.2.8
MVar,2.3.0
MVar.pt,2.3.0
mvardlurt,1.0.2
mvBayes,1.2.1
MvBinary,1.1
mvbutils,2.12.120
mvcauchy,1.1
mvcor,1.1
mvctm,1.2
mvdalab,1.7
mvDFA,0.0.4
mverse,0.2.3
MVET,0.1.0
mvfmr,0.1.0
mvgam,1.1.594
mvgb,0.0.6
mvglmmRank,1.2-5
mvGPS,1.2.2
mvhist,1.2
mvhtests,1.2
mvinfluence,0.9.2
MVisAGe,0.2.1
mvLSW,1.2.5
mvLSWimpute,0.1.1
mvMAPIT,2.0.4
mvmesh,1.6
mvmeta,1.0.3
mvMISE,1.0
mvMonitoring,0.2.4
mvMORPH,1.2.1
MVN,6.3
mvna,2.0.1
MVNBayesian,0.0.8-11
mvnfast,0.2.8
mvngGrAd,0.1.6
MVNGmod,0.1.1
mvnimpute,1.0.1
mvnma,0.1-0
mvnmle,0.1-11.2
mvnormalTest,1.0.1
mvnormtest,0.1-9-3
mvnpermute,1.0.1
mvnTest,1.1-0
MVOPR,2.0.0
mvord,1.2.6
mvout,1.2
mvoutlier,2.1.4
mvp,1.1-1
MVPBT,1.2-1
mvpd,0.0.5
mvPot,0.1.7
mvProbit,0.1-10
mvQuad,1.0-10
MVQuickGraphs,0.1.2
MVR,1.33.0
mvrsquared,0.1.5
mvs,2.1.0
mvShapiroTest,1.0
MVSKmod,0.1.0
mvSLOUCH,2.7.7
mvst,1.1.1
mvSUSY,0.1.0
MVT,0.3-81
MVTests,2.3.1
mvtmeta,1.1
mvtnorm,1.4-1
mvtsplot,1.0-5
mvtweedie,1.2.0
mvvg,0.1.0
mwa,0.5.1
mwcsr,0.1.12
mwlaxeref,0.0.1
mwmap,1.0.0
mwmapdata,1.0.0
MWright,0.3.2
mwshiny,2.1.0
mwTensor,1.2.2
mx.api,0.3.0
mx.client,0.1.1
mx.crypto,0.2.0
mxcc,0.0.5
mxfda,0.2.2-1
mxkssd,1.2
mxmmod,1.1.0
mxnorm,1.1.0
mxsem,0.1.0
My.stepwise,0.1.0
mycaas,0.0.1
Mychisq,1.0.0
myClim,1.5.1
mycobacrvR,1.1
mycolorsTB,0.1.1
mycor,0.1.1
myCRAN,1.3
myIO,1.2.0
MyoScore,1.0.1
myownrobs,1.0.0
myrror,0.1.2
myTAI,2.3.6
mzipmed,1.4.0
n1qn1,6.0.1-14
N2H4,0.8.4
N2R,1.0.5
naaccr,3.1.1
nabla,0.7.1
nabor,0.5.0
NAC,0.1.0
NACHO,2.0.6
NADA,1.6-1.2
NADA2,2.0.2
nadaverse,0.1.0
nadir,0.0.1
nadiv,2.18.0
NAEPirtparams,1.0.0
NAEPprimer,1.0.2
naflex,0.1.1
naijR,0.7.0
NaileR,1.2.3
naive,1.2.3
naivebayes,1.0.0
naivereg,1.0.5
nakagami,1.1.0
NAM,1.8.0
name,0.0.2
namedropR,2.4.1
NameNeedle,1.2.10
namer,0.1.9
nametagger,0.1.7
nandb,2.1.1
naniar,1.1.0
nanoarrow,0.8.0-1
nanonext,1.10.0
nanoparquet,0.5.1
nanostringr,0.6.1
nanotime,0.3.15
NAP,1.1
NAPrior,0.2.0
naptanr,1.0.1
naptime,1.3.1
nara,1.0.2
nardl,0.1.6
narfima,0.1.0
narray,0.5.2
naryn,2.6.34
nasa,1.0.0
nasadata,0.9.0
nasapower,4.3.0
nasaweather,0.1.1
nascaR.data,3.1.0
naspaclust,0.2.2
nat,1.8.25
nat.nblast,1.6.9
nat.templatebrains,1.2.1
nat.utils,0.6.1
natcpp,0.2
nativeORT,1.0.1
natmanager,0.5.2
NatParksPalettes,0.2.0
natserv,1.0.0
natstrat,2.0.1
natural,0.9.0
naturalsort,0.1.3
NatureSounds,1.0.5
NAVAECI,0.1.1
navigation,0.0.2
navigatr,0.2.1
nawtilus,0.1.4
NB.MClust,1.1.1
NBAloveR,0.1.3.3
nbapalettes,0.1.0
NBBDesigns,1.1.0
nbc4va,1.2
NbClust,3.0.1
nbconv,1.0.1
nbconvertR,1.3.2
NBDCtools,1.1.0
NBDdirichlet,1.4
NBDesign,2.0.0
nberwp,1.2.0
NBKP,0.1.0
NBLDA,1.0.1
nblR,0.0.4
nbody,1.41
nbpInference,1.0.3
nbpMatching,1.5.6
NBPSeq,0.3.1
NBR,0.1.5
NBShiny,0.1.0
NBShiny2,0.1.0
NBShiny3,0.1.0
nbTransmission,1.2.0
NBtsVarSel,1.0
nc,2026.4.20
NCA,5.0.2
ncaavolleyballr,0.5.1
ncappc,1.0.0
ncar,0.6.1
ncbit,2013.03.29.1
NCC,1.0
ncdf4,1.24
ncdfCF,0.8.2
ncdfgeom,1.2.2
ncf,1.3-3
ncmeta,0.4.0
NCmisc,1.3.1
ncmR,0.3.1
ncodeR,0.2.0.1
NCSCopula,1.0.1
NCutYX,0.1.0
ncvreg,3.16.0
nda,0.2.5
ndi,0.2.2
ndjson,0.9.1
ndl,0.2.18
NDP,0.1.0
NDPalette,1.0.0
ndtv,0.13.4
nearfar,1.3
neat,1.2.4
neatmaps,2.1.0
neatR,0.3.0
neatRanges,0.1.4
nebula,1.5.6
Necklaces,1.1
necountries,0.1-1
needs,0.0.3
NeEDS4BigData,1.0.1
NegativeControlOutcomeAdjustment,0.0.6
NegBinBetaBinreg,1.0
negenes,1.4
negligible,0.1.11
Neighboot,1.0.1
NeighborFinder,1.0.1
neighbours,0.1-5
neldermead,1.0-13
Nematode,0.3.0
nemBM,1.00.01
nemoR,0.99.3
nemsqar,1.2.1
nemtr,0.0.1.0
neo2R,3.0.0
neo4jshell,0.1.2
neo4r,0.1.4
neodistr,0.1.2
neojags,0.1.7
neonOS,1.1.0
neonPlantEcology,1.6.1
neonSoilFlux,4.0.1
neonstore,0.5.1
neonUtilities,4.0.1
neotoma2,1.0.12
nephro,1.5
NEpiC,1.0.1
neptune,0.2.3
nestable,0.1.1
NeStage,0.8.0
nestcolor,0.1.3
nestedLogit,0.4.2
NestedMenu,0.2.0
nestedpp,0.2.0
nestfs,1.0.3
Nestimate,0.6.0
NestMRMC,1.0
nestr,0.1.2
net4pg,0.1.2
netassoc,0.7.2
netClust,1.0.2
NetCluster,0.2
netCoin,2.1.19
netcom,2.1.7
NetCoupler,0.1.1
netcutter,0.3.1
NetDA,0.2.0
netdiffuseR,1.25.0
netdose,0.7-4
NetExplorer,0.0.2
NetGreg,0.0.4
netgsa,4.0.7
netgwas,1.14.5
netie,1.0
netify,1.5.3
NetIndices,1.4.4.1
NetInt,1.0.1
netknitr,0.2.1
NetLogoR,1.0.6
netmap,0.1.4
netmediate,1.1.1
netmem,1.0-3
netmeta,3.6-1
netmhc2pan,1.3.3
NetMix,0.2.0.3
NetOrigin,1.1-7
netplot,0.3-0
NetPreProc,1.2
netrankr,1.2.4
NetRep,1.2.10
netrics,0.3.1
netropy,0.3.0
NetSci,1.0.1
netseer,0.1.3
netseg,1.0-3
netSEM,0.7.0
NetSimR,0.1.5
netstat,0.1.2
netsubsamp,1.0.0
NetSurvProx,1.0.0
nett,1.0.0
nettskjemar,1.0.4
netUtils,0.8.6
NetVAR,0.1-2
NetWeaver,0.0.6
network,1.20.0
networkABC,0.9-1
NetworkChange,1.1.0
NetworkComparisonTest,2.2.3
NetworkComparr,0.0.0.9
networkD3,0.4.1
NetworkDistance,0.3.6
networkDynamic,0.12.0
networkDynamicData,0.3.0
NetworkExtinction,1.0.3
NetworkInference,1.2.5
networkLite,1.1.0
networkR,0.1.5
NetworkReg,2.0
NetworkRiskMeasures,0.1.7
networkscaleup,0.2-2
networksem,0.4
NetworkToolbox,1.4.4
networktools,1.6.0
networktree,1.0.1
NeuDist,1.0.1
NeuralEstimators,0.2.1
neuralGAM,2.0.1
neuralnet,1.44.2
NeuralNetTools,1.5.3
neuralnetwork,0.1.0
NeuralSens,1.1.3
neurobase,1.34.0
neuroblastoma,2023.9.3
NeuroDataSets,0.3.0
NeuroDecodeR,0.2.0
neurohcp,0.11.0
neuroim,0.0.6
neuroim2,0.13.0
neuroimaGene,0.1.4
neuromapr,0.2.2
neuromplex,1.0-1
neuroSCC,1.0.2
neuRosim,0.2-14
neuroUp,0.3.1
neutralitytestr,0.0.3
NeutroCODsAnalysis,0.1.0
NeutroIBDAnalysis,0.1.1
NeutroRCDsAnalysis,0.1.1
NeutroSplitStripAnalysis,0.0.1
neutrostat,0.0.2
neutroSurvey,0.1.0
nev,1.0.0.0
nevada,0.2.0
neverhpfilter,0.5-0
new.dist,0.1.2
Newdistns,2.1
newFocus,1.1
newIMVC,0.1.0
NewmanOmics,1.1.3
newmark,1.1.0
newsanchor,0.1.1
newscatcheR,0.1.2
newsmap,0.9.2
newsmd,0.5.1
newTestSurvRec,1.0.2
nextGenShinyApps,2.1
nexus,0.6.1
nFactors,2.4.1.2
nfcore.utils,0.0.4
nfer,1.1.3
nfl4th,1.0.7
nflfastR,5.2.0
nflplotR,1.6.0
nflreadr,1.5.1
nflseedR,2.0.2
NFLSimulatoR,0.4.0
nflverse,1.0.3
nftbart,2.3
NFWdist,0.1.0
ngboostForecast,0.1.1
NGBVS,0.3.0
NGCHM,1.0.4
NGLVieweR,1.4.0
ngme2,0.9.8
ngram,3.2.3
ngramr,1.10.0
ngramrr,0.2.0
ngspatial,1.2-2
NHANES,2.1.0
nhanesA,1.4.1
nhanesdata,0.2.2
nhanesdiva,1.0.1
nhdplusTools,1.5.0
nhdR,0.6.1
NHLData,1.0.0
nhlscraper,0.7.0
nhm,0.1.2
NHPoisson,3.4
nhppp,1.0.5
nhs.predict,1.4.0
nhscancerwaits,1.0.2
NHSDataDictionaRy,1.2.5
nhsnumber,0.1.2
NHSRdatasets,0.3.0
NHSRplotthedots,0.2.2
NHSRwaitinglist,0.1.2
nhstplot,1.4.2
niaidMI,1.1.0
niarules,0.3.1
nic,0.0.2
nice,0.4-2
nicheR,0.1.0
nicheROVER,1.1.2
nichetools,0.3.3
nichevol,0.1.20
nieve,0.1.3
nifti.io,1.0.0
nifti.pbcor,1.0
NightDay,1.0.1.1
nilde,1.1-7
NiLeDAM,0.4
nilsier,0.1.1
nima,0.6.2
NIMAA,0.2.2
nimble,1.4.2
nimbleAPT,1.0.7
nimbleCarbon,0.2.6
nimbleEcology,0.5.0
nimbleHMC,0.2.4
nimbleMacros,0.1.1
nimbleNoBounds,1.0.3
nimbleQuad,1.4.0
nimbleSCR,0.2.1
nimbleSMC,0.11.1
nimblewomble,0.1.0
nipals,1.0
nipnTK,0.2.2
NipponMap,0.2
NIPTeR,1.0.2
NIRStat,1.1
NISTnls,0.9-13
NISTunits,1.0.1
NitrogenUptake2016,0.2.3
nivm,0.6
nivo.bubblechart,0.1.1
nixmass,1.3.1
nixtlar,1.0.0
NlcOptim,0.6
nlcv,0.3.6
nleqslv,3.3.7
nlfh,0.1.0
nlgeocoder,0.2.2
nlgm,1.0
NlinTS,1.4.7
nlist,0.4.0
nlive,0.8.0
nlme,3.1-169
nlmeU,0.71.7
nlmeVPC,2.8
nlmixr2,5.0.0
nlmixr2auto,1.0.0
nlmixr2autoinit,1.0.1
nlmixr2data,2.0.9
nlmixr2est,6.0.1
nlmixr2extra,5.1.0
nlmixr2lib,0.3.2
nlmixr2plot,5.0.2
nlmixr2rpt,0.2.2
nlmixr2save,0.1.0
nlmixr2targets,0.1.0
nlmm,1.1.1
nlmrt,2016.3.2
nlMS,1.1
nlnet,1.4
nlopt,0.1.1
nloptr,2.2.1
NLP,0.3-2
NLPclient,1.0
nlpembeds,1.0.0
nlpsem,0.4
NLPutils,0.0-5.1
NLPwavelet,1.1
nlraa,1.9.10
nlreg,1.2-4
nlrr,0.1
nlrx,0.4.6
nls.multstart,2.0.0
nls2,0.3-4
nlsem,0.8-1
nlshrink,1.0.1
nlsic,1.2.0
nlsMicrobio,1.0-0
nlsmsn,0.0-6
nlsr,2026.4.29
nlstac,0.2.0
nlstools,2.1-0
NlsyLinks,2.2.3
nlt,2.2-2
nltm,1.4.6
nlts,1.0-2
nLTT,1.4.10
nlWaldTest,1.1.3
NMA,3.1-1
NMADTA,0.1.4
NMAforest,0.1.3
nmaINLA,1.1.0
NMAoutlier,0.2.1
nmaplateplot,1.0.3
NMAR,0.1.2
nmarank,0.3-0.1
nmathopencl,0.8.2
nmathresh,0.1.6
NMcalc,0.0.4
NMdata,0.2.5
NMF,0.28
nmfbin,0.2.1
nmfkc,0.8.2
NMFN,2.0.1
Nmisc,0.3.7
Nmix,2.0.5
nmixgof,0.1.1
NMMIPW,0.1.0
NMOF,2.11-0
NMRphasing,1.0.7
nmrrr,1.0.0
NMsim,0.2.7
nmslibR,1.0.7
NMTox,0.1.0
NMVANOVA,1.1.0
nmw,0.3.1
nn2poly,0.1.3
nna,0.0.2.1
nncc,2.0.0
nndiagram,1.0.0
nnet,7.3-20
nnetLM,1.0.1
nnfor,0.9.9
nnGarrote,1.0.4
nngeo,0.4.8
nnlasso,0.3
nnlib2Rcpp,0.2.9
nnls,1.6
nnmf,1.4
NNMIS,1.0.1
NNMoMo,0.1.0
nnR,0.1.0
NNS,13.0
nnsolve,0.0.2
nnspat,0.1.2
nnt,0.1.4
nnTensor,1.4.0
nntmvn,1.3.0
NO.PING.PONG,0.1.9.1
noaa,1.0.0
noah,0.1.0
NobBS,1.1.1
noctua,2.6.3
nocturn,1.1.3
nodbi,0.14.0
node2vec,0.1.0
nodeSub,1.2.9
nodiv,1.4.4
nofrills,0.3.2
noia,0.97.3
noise,1.0.2
noisemodel,1.0.2
noisyCE2,1.1.0
noisyr,1.0.0
noisySBM,0.1.4
nolock,1.1.0
nomads,0.0.1
nombre,0.4.1
nomclust,2.8.1
nominatimlite,0.6.0
nomine,1.0.2
nomisdata,0.1.2
nomiShape,1.0.2
nomnoml,0.3.0
nomogramEx,3.0
nomogramFormula,1.2.0.0
nonabsdid,0.4.1
NonCompart,0.8.1
noncompliance,0.2.2
noncomplyR,1.0
NonlinearDiD,0.2.0
nonLinearDotPlot,0.5.0
NonlinearTSA,0.5.0
nonlinearTseries,0.3.2
nonmem2R,0.2.5
nonmem2rx,0.1.9
nonmemica,1.2.0
nonneg.cg,0.1.6-1
nonnest2,0.5-9
NonNorMvtDist,1.1.0
nonpar,1.0.2
nonparaeff,0.5-15
nonparametric.bayes,0.0.1
Nonpareil,3.5.3
nonParQuantileCausality,0.1.0
NonParRolCor,0.8.0
nonparTrendR,0.1.0
NonProbEst,0.2.4
nonprobsvy,0.2.3
nonsmooth,1.0.0
nonstat,0.0.6
nopaco,1.0.9
nor1mix,1.3-3
nord,1.0.0
nordklimdata1,1.2
nordstatExtras,0.1.0
norm,1.0-11.1
NORMAgene,0.1.1
normaliseR,0.1.2
normality,0.0.1
NormalityAssessment,0.1.1
normalize,0.1.3
normalizeH,1.0.0
NormalLaplace,0.3-2
normalp,0.7.2.1
NormData,1.1
NormExpression,0.1.1
normfluodbf,2.0.3
norMmix,0.2-0
NormPsy,1.0.8
normref,0.1.1
norSTR,0.2.1
nortest,1.0-4
nortestARMA,1.0.2
nortsTest,1.1.3
nos,2.0.0
nose,1.0.5
NoSleepR,0.2.0
nosoi,1.1.2
NostalgiR,1.0.2
not,1.6
notebookutils,1.6.2
notifyme,0.3.0
notionapi,0.2.0
notionR,0.0.9
NOVA,0.1.5
NovelDistns,0.1.0
novelforestSG,2.1.0
novelqualcodes,0.13.5
NoviceDeveloperResources,1.2.0
NoviceDeveloperResources2,1.1.0
nowcast,0.1.0
nowcastr,0.2.0
noweb,1.1-4
np,0.70-4
npANCOVA,0.1.1
nparACT,0.9.1
nparcomp,3.0
nparLD,2.2
nparMD,0.2.3
nparsurv,0.1.0
NPBayesImputeCat,0.7
NPBBBDAefficiency,0.1.0
NPBBBdesigns,1.0.0
npboottprm,0.3.2
npboottprmFBar,0.2.0
npbr,1.8
NPCD,1.0-11
NPCDTools,1.1.0
NPCirc,3.2.1
npclust,0.1.1
NPCox,1.3
npcp,0.2-6
npcs,0.1.1
npcure,0.1-5
npcurePK,1.0-2
npde,3.5
npDoseResponse,0.2
npdsim,1.0.0
npExact,0.2
NPFD,1.0.1
NPflow,0.13.6
npfseir,0.2.1
nph,2.1
NPHazardRate,0.1
NPHMC,2.4.2
nphPower,1.1.0
nphRCT,0.1.1
npi,0.2.0
NPIstats,0.1.0
npiv,0.1.3
nplplot,4.7
nplr,0.1-8
NPLStoolbox,1.1.0
nplyr,0.3.0
npmlda,1.0.0
NPMLEcmprsk,3.0
npmlreg,0.46-5
npmr,1.3.1
npmv,2.4.1
NPP,0.7.0
npphen,2.0.1
NPRED,1.1.0
npreg,1.1.1
npregderiv,1.0
npregfast,1.6.0
npRmpi,0.70-4
nprobust,1.0.0
nproc,2.1.5
npROCRegression,1.0-7
nprotreg,1.1.1
npsf,0.8.0
npsm,2.0.1
npsp,0.7-13
NPStability,0.1.0
npsurv,0.5-0
npsurvSS,1.1.0
nptest,1.2
npwbs,0.3.0
nrba,0.3.1
nRegression,0.5.1
NRejections,1.2.0
nricens,1.6
nrlR,0.1.2
NRMSampling,0.2.2
NRMstatsML,0.1.4
nsarfima,0.2.0.0
nscancor,0.7.0-6
NScluster,1.3.6-5
nse,1.22
nseq,0.1.1
nser,1.6.0
nsga2R,1.1
nsga3,0.0.3
NSM3,1.20
nsm3data,0.1
NSMM,0.1.2
NSO1212,1.4.0
nsp,1.0.0
nspmix,2.0-0
nsprcomp,0.5.1-2
NSR,0.1.0
nsRFA,0.7-17
nsROC,1.1
NST,3.1.10
nswgeo,0.6.0
nsyllable,1.0.1
nTARP,0.1.0
ntfy,0.1.0
NTLKwIEx,0.2.0
ntranova,0.0.1
NTS,1.1.3
ntsDatasets,0.2.0
ntsDists,2.1.1
NTSS,0.1.3
NU.Learning,1.5
nucim,1.0.13
NUCOMBog,1.0.4.2
nudibranch,0.0.1.1
NUETON,0.2.0
nuggets,2.2.1
nullabor,0.3.15
nullcat,0.2.0
numbat,1.5.2
numberize,1.0.2
numberofalleles,1.0.1
numbers,0.9-2
numDeriv,2016.8-1.1
NumericEnsembles,1.2
Numero,1.10.1
numform,0.7.0
numKM,0.2.0
numOSL,2.8
numspellR,0.1.0
NUSS,0.1.0
NutrienTrackeR,1.4.0
nutriNetwork,0.2.1
nutrition,1.1.0
nuts,1.1.0
NVAR,0.1.0
NVCSSL,3.0
nvctr,0.1.7
nVennR2,2.0.1
nvmix,0.1-2
nycflights13,1.0.2
nycflights23,0.2.0
nycOpenData,0.2.2
nzffdr,2.1.0
nzilbb.labbcat,1.5-1
nzilbb.vowels,0.4.3
nzpullover,0.3.0
o2geosocial,1.1.3
o2ools,0.0.1
o2plsda,0.0.26
oaColors,0.0.4
oai,0.4.0
OAIHarvester,0.3-5
oaii,0.5.0
oaPlots,0.0.25
oaqc,2.0.0
Oarray,1.4-9
OasisR,3.1.1
oaxaca,0.1.5
obAnalytics,0.1.1
OBASpatial,1.9
obcost,0.1.0
obfuscatoR,0.2.2
OBIC,4.3.0
objectProperties,0.6.8
objectremover,0.8.1
objectSignals,0.10.3
OBL,0.2.1
oblicubes,1.0.1
obliqueRSF,0.1.2
obm,2.1
OBMbpkg,1.0.0
obr,0.2.5
OBRE,0.2-0
Observation,0.3.0
observationalBlocks,1.0.0
OBsMD,12.0
obsSens,1.4
oc,1.2.1
occ,1.2
occCite,0.6.2
occumb,1.3.0
occupancy,1.2
occupationMeasurement,0.3.2
ocd,1.1
oce,1.8-3
oceanexplorer,0.1.0
oceanic,0.1.9
oceanmap,0.1.7
OceanView,1.0.8
oceanwaves,0.2.0
oceCens,0.1.2
ocedata,0.2.2
oCELLoc,1.0.0
ocf,1.0.3
ockc,1.1.1
oclust,1.0.0
OCNet,1.2.3
ocp,0.1.1
ocrRBBR,0.1.0
ocs4R,0.3.1
OCSdata,1.0.2
octopucs,0.1.1
octopus,0.4.2
octopusR,1.0.1
od,0.5.1
oda,0.1.2
ODataQuery,0.5.3
odbc,1.7.0
odbc.resourcer,1.0.0
odbr,0.1.1
oddnet,0.1.1
odds.converter,1.4.8
odds.n.ends,0.1.4
oddsapiR,0.0.3
OddsPlotty,1.0.2
oddsratio,2.0.2
oddstream,0.5.0
odeGUTS,1.1.0
odetector,1.0.1
odiffr,0.5.1
odin,1.2.7
odk,1.5
ODMeans,0.2.1
odr,1.8.3
ODRF,0.0.5
ODS,0.2.0
ODT,1.0.0
OdysseusCharacterizationModule,0.0.1
OdysseusPathwayModule,0.0.1
OdysseusSurvivalModule,0.1.0
odyssey,1.0.1
OECD,0.2.5
oecdoda,0.1.0
OEFPIL,0.1.2
oeli,0.7.6
oem,2.0.12
oenb,0.0.2
OenoKPM,2.4.1
oews2020,1.0.0
oews2021,1.0.0
officedown,0.4.1
officer,0.7.5
offlineChange,0.0.4
offsetreg,1.2.0
ofGEM,1.0
ofhsyn,0.1.1
ofpetrial,0.1.3
OGI,1.0.0
oglcnac,0.1.5
ogrdbstats,0.5.5
OhdsiReportGenerator,2.2.0
OhdsiShinyAppBuilder,1.0.0
ohenery,0.1.4
Ohit,1.0.0
oHMMed,1.0.2
ohoegdm,0.1.1
OHPL,1.4.2
ohsome,0.2.2
ohun,1.0.4
ohvbd,1.0.1
oii,1.0.2.1
okBATHTUB,0.1.11
okcolors,0.1.2
okf,0.7.0
OkNNE,1.0.1
okxAPI,0.1.1
okxr,0.4.5
OLCPM,0.1.2
olctools,0.3.0
oldr,0.2.4
OlinkAnalyze,5.0.2
OlinkAnalyzeVignettes,1.0.1
ollamar,1.2.2
ollg,1.0.0
ollggamma,1.0.2
olr,1.2
OLSengine,1.0.0
olsrr,0.7.0
OLStrajr,0.1.0
OlympicRshiny,1.0.2
OmegaG,1.0.1
OmicFlow,1.6.0
OmicKriging,1.4.0
OmicNavigator,1.19.0
OmicNetR,0.1.1
OmicSense,0.2.0
OmicsPLS,2.1.0
OmicsPrepR,0.1.1
OmicsQC,1.1.1
omicsTools,1.1.7
omicwas,0.8.0
Omisc,0.2.0
omnibus,1.2.15
omock,0.7.0
OmopConstructor,0.3.0
omopgenerics,1.4.0
omophub,1.8.1
OmopOnSpark,0.1.0
OmopSketch,1.1.0
OmopStudyBuilder,0.1.1
OmopViewer,0.7.0
ompr,1.0.4
ompr.roi,1.0.2
omsvg,0.1.0
omu,1.1.2
onadata,0.1
OnAge,1.0.2
ONAM,1.0.1
onbabynames,0.0.1
onbrand,1.0.8
once,0.4.1
oncmap,0.1.7
OncoBayes2,0.9-4
OncoDataSets,0.1.0
Oncofilterfast,1.0.0
oncoPredict,1.3.1
OncoSubtype,1.0.0
Oncotree,0.3.5
ondisc,1.3.5
One4All,0.5
OneArm2stage,1.2.1
OneArmTTE,1.0
oneclust,0.3.0
onehot,0.1.1
oneinfl,1.0.2
onelogin,0.2.0
onemap,3.2.4
onemapsgapi,2.0.0
OneR,2.2
OneSampleLogRankTest,0.9.2
OneSampleMR,0.1.7
ONEST,0.1.0
OneStep,0.9.4
onetime,0.2.0
OneTwoSamples,1.3-0
onewaytests,3.1
onion,1.5-3
onlineBcp,0.1.8
onlineCOV,1.3
onlineforecast,1.0.2
onlinePCA,1.3.2
onlineretail,0.1.2
OnlineSurr,0.0.4
onls,0.1-4
onmaRg,1.0.3
onnx,0.0.3
onnxr,0.1.2
OnomasticDiversity,0.1
onpoint,1.1
ons,0.1.3
onsr,1.0.2
onsvplot,0.3.2
onsvtables,0.1.0
ontoFAST,1.0.0
ontologyIndex,2.12
ontologyPlot,1.7
ontologySimilarity,2.9
ontophylo,1.1.3
OOBCurve,0.3
OofAExp,0.1.0
oolong,0.7.0
oompaBase,3.2.11
oompaData,3.1.5
OOR,0.1.4
oosse,1.0.11
oottest,0.9.1
opa,0.8.3
opalr,3.6.1
OPC,0.0.2
OPCreg,3.0.0
opdisDownsampling,1.6
OPDOE,1.0-10
Open.Visualization.Academy,1.0.0
openai,0.4.1
openair,3.1.0
openairmaps,0.10.1
openaiRtools,0.2.2
openalexR,3.1.0
openappr,0.2.0
openaq,1.0.0
openbankeR,0.1.1
OpenBARD,0.0.1
openblender,0.5.81
opencage,0.2.2
OpEnCAST,0.1.1
opencesp,0.4.0
opencis,0.1.1
OpenCL,0.2-11
opencltools,0.8.1
opencpu,2.2.15
openCR,2.2.7
opencv,0.5.2
opendataformat,2.2.2
opendatatoronto,0.1.6
opendotaR,0.1.4
openEBGM,0.9.1
openeo,1.4.1
openesm,0.2.0
openFDA,0.1.0
opengraph,0.0.4
OpEnHiMR,0.1.1
openholidaysR,0.1.0
OpenImageR,1.3.0
openintro,2.5.1
OpenLand,1.0.4
openmetrics,0.3.0
OpenMindat,1.0.1
OpenML,1.12
openmpp,0.0.2
openMSE,1.0.1
OpenMx,2.22.11
openNCAI,0.1.0
openNLP,0.2-7
openNLPdata,1.5.3-5
OpeNoise,0.2-18
OpenRange,0.0.1
OpenRepGrid,0.1.18
OpenRepGrid.ic,0.6.2
openrouteservice,0.6.2
openscoring,1.1.0
opensimplex2,0.0.3
openSkies,1.3.0
OpenSourceAP.DownloadR,0.1.0
OpenSpecy,1.5.3
openssl,2.4.2
OpenStreetMap,0.4.1
opentripplanner,0.5.2
openVA,1.2.0
openxlsx,4.2.8.1
openxlsx2,1.28
operator.tools,1.6.3.1
operators,0.2.0
opGMMassessment,0.4.1
OPI,3.1.1
opImputation,0.6
opinAr,1.0.0
OPL,1.0.2
Opportunistic,1.2
oppr,1.1.0
OPSR,1.0.1
Opt5PL,0.1.1
optband,0.2.2
optbdmaeAT,1.0.2
optbin,1.4
optbinningR,0.2.1
optBiomarker,1.0-28
OptCirClust,0.0.4
optconerrf,1.0.2
optDesignSlopeInt,1.1.1
OPTeCD,1.0.0
optedr,3.0.1
optextras,2019-12.4
OptGS,1.2
OptHedging,1.0
OptHoldoutSize,0.1.0.2
optic,1.0.1
optical,1.7.1
opticskxi,1.2.2
opticut,0.1-4
optifunset,1.0
optim.functions,0.1
OptimalBinningWoE,1.0.8
OptimalCutpoints,1.1-5
OptimalDesign,1.0.3
optimall,1.4.0
OptimalRerandExpDesigns,1.1
OptimalSurrogate,1.0
optimalThreshold,1.0
OptimalTiming,0.1.0
OptimaRegion,1.2
optimbase,1.0-10
optimCheck,1.0.1
optimflex,0.1.7
optimg,0.1.2
optimization,1.0-9
optimizeR,1.3.0
optimizr,1.0.1
optimLanduse,2.0.0
OptimModel,2.0-3
optimos.prime,0.1.2
optimParallel,1.0-2
optimsimplex,1.0-8
optimStrat,2.4
optimus,0.2.0
optimx,2025-4.9
optional,2.0.1
OptionPricing,0.1.2
options,0.3.1
optionstrat,1.4.1
optiscale,1.2.3
optiSel,2.1.0
optiSolve,1.0
optistock,0.0.2
OptM,0.1.9
optmatch,0.10.8
OptOTrials,1.0.2
optparse,1.8.2
optR,1.2.5
optrcdmaeAT,1.0.1
optree,0.1.1
optrefine,1.1.1
optRF,1.2.1
OPTS,0.1
OptSig,2.2
optsize,0.1.0
OptSurvCutR,0.10.0
OPTtesting,1.0.0
optweight,2.0.1
opusminer,0.1-1
opusreader2,0.6.8
oRaklE,1.0.2
OralOpioids,2.0.5
Orangutan,2.1.0
orbital,0.5.1
orbitr,0.3.0
orbweaver,0.18.2
orca,1.1-3
orcamentoBR,1.0.5
orcidtr,0.1.0
orclus,0.2-6
ORCME,2.0.2
Orcs,1.2.3
ordbetareg,0.8
OrdCD,1.1.2
ordcrm,1.0.0
ordDisp,2.1.2
orderanalyzer,1.0.1
ordered,0.1.0
ordering,0.7.0
orderly,2.0.3
orders,0.1.8
orderstats,0.1.0
OrdFacReg,1.0.8
ordgam,0.9.1
ordiBreadth,1.0
ordinal,2025.12-29
ordinalbayes,0.1.2
ordinalClust,1.3.5.1
OrdinalCompositions,0.1.0
ordinalCont,2.0.2
ordinalForest,2.4-4
ordinalgmifs,1.0.9
ordinalGOF,0.1.0
ordinalLBM,1.0
ordinalNet,2.14
ordinalpattern,0.2.9
ordinalRR,1.1
ordinalsimr,0.2.4
ordinalTables,1.0.0.3
OrdMonReg,1.0.4
OrdNor,2.2.3
ordPanel,0.1.2
ordr,0.2.0
ore,1.7.5.1
oreo,1.0
orf,0.1.4
ORFID,1.0.3
org,2026.4.9
organik,1.0.1
organizr,0.1.0
OrgHeatmap,0.3.4
OrgMassSpecR,0.5-4
orgR,0.9.0
orgutils,0.5-3
orientlib,0.10.5
origami,1.0.8
OrigamiPlot,0.2.0
origin,1.2.1
ORION,1.1.1
ORIONZ.G,1.0.1
orisma,0.1.0
ORKM,1.0.0
orloca,5.6
orloca.es,5.5
ormPlot,0.3.6
oro.dicom,0.5.3
oro.nifti,0.11.4
oro.pet,0.2.7
ORscraper,0.1.1
orsifronts,0.2.0
orsk,1.0-9
ort,0.1.0
ORTH.Ord,1.0.1
orthanc,0.3.0
orthGS,0.1.8
orthoDr,0.6.8
orthogonalsplinebasis,0.1.7
OrthoPanels,1.2-4
orthopolynom,1.0-6.1
ORTSC,1.0.0
OryzaProbe,0.1.0
osbng,0.2.0
oscar,1.2.1
OSCARS,0.1.2
OscillatorGenerator,0.1.0
OSCV,1.0
osd,0.1
osdatahub,0.3.0
osdc,0.11.3
osDesign,1.8
OSDR,1.1.4
OSFD,3.1
osfr,0.2.9
OSIRCR,0.2.9
oskeyring,0.1.7
osktnorm,1.1.2
OSLdecomposition,1.2
osmapiR,0.2.5
osmclass,0.1.5
osmdata,0.4.0
osmextract,0.6.0
osmnxr,0.1.1
OSMscale,0.5.23
OSNMTF,0.1.0
osqp,1.0.0
osrm,5.0.0
osrm.backend,0.3.1
osrmr,0.1.36
OssaNMA,0.1.2
OSsurvival,1.0
Ostats,0.2.0
osum,0.1.0
otargen,2.0.1
OTBsegm,0.1.2
OTclust,1.0.6
OTE,1.0.1
otel,0.2.0
otelsdk,0.2.4
otinference,0.1.0
otp,0.1.1
otpr,0.5.1
OTrecod,0.1.2
otrimle,2.0
otrKM,0.2.1
OTRselect,1.3
otsfeatures,1.0.0
OtsuFire,0.1.4
OtsuSeg,0.1.0
otTensor,0.99.0
ottr,1.5.3
ottrpal,2.0.0
otuSummary,0.1.2
OTUtable,1.1.2
ouch,2.20
ouladFormat,1.2.2
outbreaker2,1.1.4
outbreaks,1.9.0
outcomerate,1.0.1
OutcomeWeights,0.1.1
outForest,1.0.1
outlierensembles,0.1.3
outlierMBC,0.0.1
outliers,0.15
outliers.ts.oga,1.1.2
outliersHD,1.0
OutliersLearn,1.0.0
OutliersO3,0.7
outlierspinner,0.1.0
outliertree,1.10.0-1
outlying,0.0.1
outreg,0.2.2
outrigger,1.1.0
OutSeekR,1.1.0
outstandR,2.0.0
OUwie,3.0.2
ovbsa,2.0.0
overdisp,0.1.2
overlap,0.3.9
overlapping,2.4
overlapptest,1.4
overshiny,0.2.0
overturemapsr,0.1.0
overtureR,0.2.5
overviewR,0.0.14
OVL.CI,0.1.1
OVtool,1.0.3
owd,1.0-7
owdbr,1.0.1.1
OWEA,0.1.2
OwenQ,1.0.8
owidapi,0.1.1
owidR,1.4.2
ows4R,0.5
oxcAAR,1.1.2
OxSR,1.0.1
OxyBS,1.5
oysteR,0.1.4
oystermapR,1.4.0
oz,1.0-22
ozbabynames,0.2.0
ozmaps,0.4.5
p3state.msm,1.3.3
pa,1.2-4
paar,1.0.2
PAC,1.1.6
pacheck,0.2.2
pack,0.1-2
packageDiff,0.1
packagefinder,0.3.5
packagepal,0.1.1
packager,1.15.3
packageRank,0.9.8
packcircles,0.3.7
PacketLLM,0.1.3
packHV,2.4
packMBPLSDA,0.9.0
packrat,0.9.3
pacman,0.5.1
pacotest,0.4.3
pacs,0.6.0
pacta.loanbook,0.1.1
pacta.multi.loanbook,0.1.1
pacu,0.1.74
pacviz,1.0.4
PACVr,1.1.5
paddleR,0.1.2
Pade,1.1.0
padr,0.6.3
pafdR,1.0
PAFit,1.2.11
PAGE,0.4.0
pagedown,0.24
pagemap,0.1.3
pagenum,1.3
PAGFL,1.1.4
pagoda2,1.0.15
PAGWAS,2.0
PAICE,1.0.2
painbow,1.0.1
painter,0.1.0
paintingr,0.1.0
paintmap,1.0
PairedData,1.1.1
pairscale,1.0
pairsD3,0.1.3
PairViz,1.3.8
pairwise,0.6.2-0
pairwiseCI,0.1-27
pairwiseLLM,1.1.0
paisaje,0.3.0
pak,0.10.0
PakPC2017,1.0.0
PakPC2023,0.2.0
PakPMICS2014Ch,0.1.0
PakPMICS2014HH,0.1.0
PakPMICS2014HL,0.1.1
PakPMICS2014Wm,0.1.1
PakPMICS2018,1.2.0
PakPMICS2018bh,0.1.0
PakPMICS2018fs,0.1.0
PakPMICS2018hh,0.1.0
PakPMICS2018mm,0.1.0
PakPMICS2018mn,0.1.0
pakret,0.3.1
palaeoSig,2.1-4
palaeoverse,1.5.0
palasso,1.0.0
pald,0.0.5
paleoAM,1.0.1
paleobioDB,1.0.1
paleobuddy,1.1.0
paleoDiv,0.4.12
paleomorph,0.1.4
paleopop,2.1.7
paleotree,3.4.7
paleoTS,0.6.2
palette,0.0.3
paletteer,1.7.0
paletteknife,0.4.2
palettephines,0.1.3
palettes,0.2.2
palettesForR,0.1.2
palettetown,0.1.1
palimpsestr,0.10.0
palinsol,1.0
palm,1.1.6
palmerpenguins,0.1.1
PaLMr,0.2.0
palmtree,0.9-1
palr,0.4.0
pals,1.10
palsr,0.1.0
pam,2.2.1
PamBinaries,1.9.3
PAMhm,0.1.2
pamm,1.122
PAMmisc,1.13.0
pammtools,0.8.0
PAMpal,1.5.2
pamr,1.57
pams,0.1.0
PAMscapes,0.15.0
pan,2.0
PANACEA,1.1.0
pAnalysis,2.0
pandemics,0.1.0
pandemonium,1.0.0
pander,0.6.6
pandoc,0.2.0
pandocfilters,0.1-6
panelbuild,0.1.0
PanelCount,2.0.1
paneldesc,0.1.1
panelhetero,1.0.1
PanelMatch,3.1.3
panelPomp,1.7.0.0
panelr,1.0.1
PanelSelect,1.0.0
panelsummary,0.1.3
panelSUR,0.1.0
paneltests,1.0.5
PanelTM,1.1
panelvar,0.5.6
panelView,1.3.1
panelWranglR,1.2.13
pangaear,1.1.0
pangoling,1.0.3
PanJen,1.6
pannotator,1.1.0
PANPRSnext,1.2.1
PantaRhei,0.1.2
papaja,0.1.5
papeR,1.0-6
paperplanes,0.0.1.9
parabar,1.4.2
parade,0.1
paradox,1.0.1
parafac4microbiome,1.3.2
parallelDist,0.2.7
ParallelLogger,3.5.1
parallelly,1.48.0
parallelMap,1.5.1
parallelMCMCcombine,2.0
parallelpam,1.4.3
parallelPlot,0.4.0
ParallelTree,0.2.0
param2moment,0.1.3
ParamANOVA,0.1.4
paramDemo,1.0.2
parameters,0.29.2
paramGUI,2.2.0
ParamHelpers,1.14.2
paramhetero,1.0.0
paramix,0.0.2
paramlink,1.1-6
paramlink2,1.0.6
paramsim,0.1.0
paramtest,0.1.1
paran,1.5.5
parasiteR,1.0
parcats,0.1.0
ParCC,1.4.0
parcr,0.6.1
parcxl,0.1.0
ParDNAcopy,2.0
PaRe,0.1.16
Pareto,2.4.5
ParetoPosStable,1.1
parfm,2.7.8
pargasite,2.1.1
parglm,0.2.0
pARI,1.1.3
Paris2024Colours,0.2.0
parma,1.7
parmigene,1.1.1
ParmOff,1.0.2
parmsurvfit,0.1.0
parqr,0.1.0
parquetize,0.5.8
parsec,1.2.9
parsedate,1.3.2
parsel,0.3.0
parseLatex,0.4.1
parsermd,0.2.0
parseRPDR,1.1.2
parSim,0.3.1
parsnip,1.6.0
PartCensReg,1.39
partDSA,0.9.14
partialised,0.1.1
partialling.out,0.2.0
Partiallyoverlapping,2.0
PartialNetwork,1.1.2
PartialTL,0.1.0
particle.swarm.optimisation,1.0.1
particles,0.2.4
parTimeROC,0.2.0
partition,0.2.2
partitionBEFsp,1.0
partitionComparison,0.2.6
partitionMetric,1.1
partitions,1.10-9
partools,1.1.7
partR2,0.9.2
partsm,1.1-5
parttime,0.1.2
parttree,0.1.3
party,1.3-20
partycoloR,0.2.0
partykit,1.2-27
parzer,0.4.4
PAS,1.2.5
pasadr,1.0
pass.lme,0.9.0
PASSED,1.2-2
passt,0.1.3
password,1.0-1
pastaPlot,0.1.0
pastboon,0.1.4
pastclim,2.2.0
pasteAsComment,0.2.1
pastecs,1.4.2
PASWR,1.3
PASWR2,1.0.5
patchDVI,1.11.3
patchSynctex,0.1-4
patchwork,1.3.2
patentr,0.1.4
patentsview,1.0.0
pater,1.0.0
Path.Analysis,0.1
path.chain,1.0.0
pathdb,0.1.0
pathfindR,3.0.2
pathfindR.data,2.2.0
pathling,9.7.1
pathlit,0.1.0
pathmodelfit,1.0.5
paths,0.1.2
pathviewr,1.1.8
PathwaySpace,1.4.1
PathwayVote,0.1.3
PatientGenerator,0.1.4
PatientLevelPrediction,6.6.0
PatientProfiles,1.5.0
patientProfilesVis,2.0.10
patrick,0.3.1
pattern.checks,0.1.0
patternator,0.1.0
patterncausality,0.2.4
patternize,0.0.5
patternplot,2.0.0
Patterns,1.7
PAutilities,1.3.0
pavdata,0.1.0
pavo,2.9.0
pawacc,1.2.4
paws,0.10.0
paws.analytics,0.10.0
paws.application.integration,0.10.0
paws.common,0.8.10
paws.compute,0.10.0
paws.cost.management,0.10.0
paws.customer.engagement,0.10.0
paws.database,0.10.0
paws.developer.tools,0.10.0
paws.end.user.computing,0.10.0
paws.machine.learning,0.10.0
paws.management,0.10.0
paws.networking,0.10.0
paws.security.identity,0.10.0
paws.storage,0.10.0
pawscore,1.0.3
pbANOVA,0.1.0
pbapply,1.7-4
pbatR,2.2-17
pbbd,1.0.0
pbcc,0.0.7
PBD,1.4
pbdMPI,0.5-5
pbdSLAP,0.3-8
pbdZMQ,0.3-14
PBIBD,1.4
PBImisc,1.0
pbiparams,0.1.0
PBIR,0.1-0
pbivnorm,0.6.0
pbkrtest,0.5.5
pblm,0.1-12
pbm,1.2.1
pbmcapply,1.5.1
PBNPA,0.0.3
pbo,1.3.5
pboost,0.4.11
pbr,0.0.2
pBrackets,1.0.1
pbs,1.1
PBSadmb,1.1.6
PBSddesolve,1.13.7
PBSmapping,2.74.1
PBSmodelling,2.70.2
PBtDesigns,1.0.0
pbv,0.5-47
pc,0.2
pcadapt,4.4.1
PCADSC,0.8.0
pcal,1.0.0
pcaL1,1.5.9
pcalg,2.7-12
pCalibrate,0.2-1
PCAmatchR,0.3.3
PCAmixdata,3.1
pcaone,1.1.0
PCAPAM50,1.0.3
pcaPP,2.0-5
pcatsAPIclientR,1.3.0
PCBN,0.1.1
PCBS,0.1.1
pccc,1.0.7
pcdid,1.0.0
PCDimension,1.1.14
pcds,0.1.8
pcds.ugraph,0.1.1
pcensmix,1.2-1
pcev,2.2.2
pcFactorStan,1.5.4
PCFAM,1.0
pcg,1.1
pcgen,0.2.0
PCGII,1.1.2
PCGSE,0.5.0
pch,2.2
pchc,1.4
pci,1.0.1
pciR,1.0.0
PCL,1.0
pcLasso,1.2
PCLassoReg,1.0.0
pcmabc,1.1.3
PCMBase,1.2.15
PCMBaseCpp,0.1.12
PCMRS,0.1-5
pcnetmeta,2.8
PCObw,0.0.1
pCODE,0.9.4
PCovR,2.7.2
PCpluS,1.0.1
pcpr,1.0.0
PCPS,1.0.9
PCRA,1.2.1
PCRedux,1.2-1
pcreg,0.1.1
PCS,1.3
pcse,1.9.1.1
PCSinR,0.2.0
pcsstools,0.1.2
pcSteiner,1.0.0.1
pct,0.10.0
pctax,0.1.7
pcts,0.15.8
pcutils,0.2.8
pcv,1.1.0
pcvr,1.4.1
pda,1.3.0
pdc,1.0.3
pdcor,1.3
PDE,1.4.10
PDEnaiveBayes,0.3.0
pder,1.0-2
pdfCluster,1.0-4
pdfcombiner,1.9.8
PDFEstimator,4.5
pdfetch,0.3.3
pdfminer,1.0
pdfsearch,0.4.3
pdfsigner,0.2.5
pdftables,0.1
pdftools,3.9.0
pdi,0.4.3
PDIndex,0.1.0
pdist,1.2.1
PDM,0.1
PDMIF,0.1.0
PDN,0.1.0
pdp,0.8.3
pdqr,0.3.1
PDQutils,0.1.6
pdR,1.9.4
PDSCE,1.2.1
PDShiny,0.1.0
pdSpecEst,1.2.6
pdt,0.0.2
PDtoolkit,1.2.0
PDXpower,1.0.5
pdxTrees,0.5.1
pdynmc,0.9.12
peacesciencer,1.2.0
peacots,1.3.2
PeakError,2023.9.4
peakRAM,1.0.2
PeakSegDisk,2024.10.1
PeakSegDP,2024.1.24
PeakSegJoint,2024.12.4
PeakSegOptimal,2024.10.1
pearson7,1.0-3
PearsonDS,1.3.2
PearsonICA,1.2-5
PEAXAI,1.0.2
pec,2025.06.24
pecan,0.1.0
pecanr,0.3.0
pecora,0.1.2
pECV,1.0.1
pedalfast.data,1.0.2
pedbp,2.1.0
pedbuildr,0.4.0
pedFamilias,0.2.5
pedgene,4.1
pedigree,1.4.2
pedigreemm,0.3-5
pedigreeTools,0.3
pedMermaid,1.0.2
pedmut,0.9.1
pedometrics,0.12.1
pedprobr,1.1.0
pedquant,0.2.6
pedSimulate,1.4.3
pedsuite,1.4.0
pedtools,2.11.0
pedtricks,0.5.0
peeky,0.1.0
PeerPerformance,2.3.2
pegas,1.4
PEGroupTesting,1.0
pegs,0.2
PEIMAN2,1.1.0
PEIP,2.2-5
PEkit,1.0.0.1000
pell,0.1.0
PELVIS,2.0.4
pema,0.1.5
pempi,1.0.0
pems.utils,0.3.1.2
pemultinom,0.1.1
penAFT,0.3.2
penalized,0.9-53
penalizedcdf,0.1.0
penalizedclr,2.0.0
penalizedSVM,1.2.0
penaltyLearning,2024.9.3
pencal,2.3.1
PenCoxFrail,2.0.1
penetrance,0.1.3
penfa,0.1.1
PenguinR,0.1.0
PenIC,1.0.0
penMSM,0.99
penppml,0.2.4
pensar,0.6.4
pense,2.5.2
pensim,1.3.6
pensynth,0.8.2
peopleanalytics,0.1.0
peopleanalyticsdata,0.2.2
pep725,1.1.0
pEPA,1.2
PEPBVS,2.2
pepdiff,1.0.0
pepe,1.2.0
peperr,1.7
PepMapViz,1.1.0
peppm,0.0.1
peppwR,0.1.0
pepr,0.6.0
Peptides,2.4.6
peptoolkit,0.0.1
pequod,0.2.0
peramo,0.1.5
perARMA,1.7
Perc,0.1.6
perccalc,1.0.5
percentiles,0.3.0
PerFit,1.4.7
PerfMeas,1.2.5
performance,0.17.1
PerformanceAnalytics,2.1.0
peRiodiCS,0.5.0
PeriodicTable,0.1.2
periscope,1.0.4
periscope2,0.3.0
PERK,0.0.9.2
perm,1.0-0.4
PermAlgo,1.2
PERMANOVA,0.2.0
PerMat,0.1.0
permChacko,1.0.1
PermCor,0.1.0
permimp,1.1-0
permPATH,1.3
permRand,1.0.0
perms,1.14
permubiome,1.3.2
permuco,1.1.3
PermutationR,0.1.0
permutations,1.1-6
permute,0.9-10
permutes,2.8
permutest,1.0.0
perplexR,0.0.3
PerRegMod,4.4.3
perry,0.3.1
perryExamples,0.1.1
persDx,0.5.0
persistence,1.0.0
PersomicsArray,1.0
personalized,0.2.8
personalized2part,0.0.2
personalr,1.0.3
personnelSelectionUtility,1.0.2
personr,1.0.0
perspectev,1.1
perspectiveR,0.3.0
PERSUADE,0.1.2
persval,1.1.2
perturbR,0.1.3
PeruAPIs,0.1.0
peruflorads43,0.2.3
perumammals,0.0.0.2
peruse,0.3.1
perutimber,0.1.0
pervasive,1.0
pesel,0.7.5
PesticideLoadIndicator,1.3.1
pestr,0.8.4
petersenlab,1.2.0
PEtests,0.1.0
peticontrast,0.1.0
pewdata,0.3.2
pexm,1.1.3
pez,1.2-5
PFCI,0.1.1
pfclust,0.1.0
pfica,0.1.3
PFIM,7.0.3
PFLR,1.1.0
pfr,1.0.1
PFW,0.1.0
pfwim,1.0.2
pg,0.2.4
PGaGEV,0.1.0
pgam,0.4.17
PGaovR,0.1.1
pgdraw,1.1
pgee.mixed,0.1.0
pgenlibr,0.6.2
pgirmess,2.0.3
pgKDEsphere,1.0.2
pglm,0.2-4
PGM2,1.2
pgmm,1.2.8
pgnorm,2.0.1
pGPx,0.1.4
pgraph,1.6
PGRdup,0.3.0
pGRN,0.3.5
pgTools,1.0.2
pguIMP,0.1.1
PH1XBAR,0.11.3
ph2bayes,0.0.2
ph2mult,0.1.1
phacking,0.2.1
phangorn,2.12.1
phantSEM,1.0.1
pharmaRTF,0.1.4
pharmaverse,0.0.2
pharmaverseadam,1.3.0
pharmaverseadamjnj,0.0.5
pharmaverseraw,0.1.1
pharmaversesdtm,1.5.0
pharmaversesdtmjnj,0.0.4
pharmr,2.1.1
phase,1.2.9
phase12designs,0.3.1
phase1PRMD,1.0.2
phase1RMD,1.0.9
PhaseGMM,0.1.1
PhaseType,0.3.0
PhaseTypeR,1.0.4
phateR,1.0.7
PHclust,0.1.0
phd,0.2
phdcocktail,0.1.0
pheatmap,1.0.13
PheCAP,1.2.1
phecodemap,0.1.0
PHEindicatormethods,2.1.1
phenesse,0.1.3
phenex,1.4-5
PHENIX,1.3.2
phenmod,1.2-7
phenModel,1.0
pheno,1.7-1
phenocamr,1.1.5
phenoCDM,0.1.3
phenofit,0.3.11
phenolocrop,0.0.4
phenology,2026.2.28
phenomap,2.0.1
phenopix,2.4.5
PheNorm,0.1.0
PhenoSpectra,0.1.0
Phenotype,0.1.0
PhenotypeR,0.5.0
PHENTHAUproc,1.1.2
phers,1.0.5
PHeval,1.1
PheVis,1.0.4
Phi2rho,1.0.2
phia,0.3-2
philentropy,0.10.0
PhilipsHue,1.0.0
PHInfiniteEstimates,2.9.5
phinterval,1.0.0
phoenics,0.6.1
phoenix,1.1.3
phonenumber,0.2.3
phonetisr,0.1.0
PhoneValidator,1.0.1
phonfieldwork,0.0.17
phonics,1.3.10
phonR,1.0-7
phonTools,0.2-2.2
phosphoricons,0.2.1
photobiology,0.14.2
photobiologyFilters,0.6.1
photobiologyInOut,0.4.33
photobiologyLamps,0.5.3
photobiologyLEDs,0.5.3
photobiologyPlants,0.6.1-1
photobiologySensors,0.5.3
photobiologySun,0.5.1
photobiologyWavebands,0.5.4
PhotoGEA,1.4.0
photon,1.0.0-1
PhotosynQ,0.2.3
photosynthesis,2.1.5
photosynthesisLRC,1.0.6
phrases,0.1
phscs,0.2.0
phsmethods,1.1.0
PHSMM,1.0
phsopendata,1.1.0
phuassess,1.1
phutil,0.0.2
phyclust,0.1-34
phyext2,0.0.4
phylepic,0.3.0
phylin,2.0.2
phyloatlas,0.1.0
phylobase,0.8.12
phylocanvas,0.1.3
phylocomr,0.3.4
PhylogeneticEM,1.8.1
PHYLOGR,1.0.12
phylogram,2.1.0
phylolm,2.6.5
phylolm.hp,0.0-4
phylometrics,0.0.1
phylopairs,0.1.1
phylopath,1.3.1
phyloraster,2.3.0
phyloregion,1.0.9
phylosamp,1.0.1
phylosem,1.1.4
phyloseqGraphTest,0.1.1
phylosignal,1.3.1
phylosignalDB,0.4.2
phylospatial,1.4.0
phylotate,1.3
phyloTop,2.1.3
phylotypr,0.1.1
phylter,0.9.12
phymapnet,0.1.3
phyr,1.1.3
phyreg,1.0.2
PhysActBedRest,1.1
PhysicalActivity,0.2-4
PhysioIndexR,0.1.0
PhySortR,1.0.9
phytoclass,2.3.1
PhytoIn,0.2.0
phytools,2.5-2
PhytosanitaryCalculator,1.1.3
piar,0.9.0
PiC,3.3.1
picante,1.8.2
picasso,1.5
PICBayes,1.0
picClip,0.1.0
picker,0.2.6
pickmax,0.1.0
picohdr,0.1.1
picR,1.0.1
picreg,0.1.3
pid,0.65
PIE,1.0.0
piecemaker,1.0.2
piecemeal,0.2.0
piecenorms,1.1.0
piecepackr,1.16.1
piecewiseSEM,2.3.1
PieGlyph,1.1.0
piggyback,0.1.5
piglet,1.2.0
pii,1.3.0
piiR,0.3.0
Pijavski,1.0.5
pikchr,1.1.1
pillar,1.11.1
pim,2.0.4
pimeta,1.1.3
Pinference,0.2.6
pinfsc50,1.3.0
pingers,0.1.1
pingr,2.0.5
PINMA,1.1-2
pinnacle.data,0.1.4
pinochet,0.1.0
pinp,0.0.11
pins,1.4.2
PINSPlus,2.0.9
PINstimation,0.2.0
pinterestadsR,0.1.0
pintervals,1.1.1
pioneeR,0.5.0
pipebind,0.1.2
pipefittr,0.1.2
pipeflow,0.3.0
pipeliner,0.1.1
pipeR,0.6.1.3
pipetime,0.0.1
pipr,1.4.0
piqp,0.6.2
piratings,0.1.9
pisaRT,2.0.2
piton,1.0.1
PITS,0.1.0
pivmet,0.6.0
PivotalP,0.1.2
pivotaltrackR,0.2.0
pivotea,1.0.2
pivottabler,1.5.6
piwikproR,0.4.0
pixarfilms,0.2.1
pixelclasser,1.1.1
pixelpuzzle,1.0.1
pixels,0.1.1
pixiedust,0.9.4
pixieweb,0.1.0
pixmap,0.4-14
pixr,0.1.0
pizzarr,0.2.0
PJCcalculator,0.1.3
PJFM,0.1.0
PK,1.3-6
pk.unit.trans,0.1.0
pk4adi,0.1.3.2
PKbioanalysis,0.5.0
PKconverter,1.5
pkdata,0.1.0
pkgbuild,1.4.8
pkgcache,2.2.5
pkgcond,0.1.1
pkgconfig,2.0.3
pkgdepends,0.9.1
pkgdepR,1.1.1
pkgdiff,1.0.3
pkgdown,2.2.0
pkgdown.offline,0.1.2
pkgfilecache,0.1.5
pkggraph,0.3.1
pkgGraphR,0.3.1
pkgKitten,0.2.4
pkglite,0.2.6
pkgload,1.5.3
pkgmatch,0.5.4
pkgndep,2.0.0
pkgnet,0.6.0
pkgnews,0.0.2
pkgsearch,3.1.5
pkgsite,0.1.0
pkgstats,0.2.3
pkgverse,0.0.1
PKI,0.1-15
PKLMtest,1.0.1
pkmapr,1.2.1
pkmon,1.1
PKNCA,0.12.1
pkpd.Release,0.1.0
PKPDindex,0.2.1
PKPDsim,1.4.1
pks,0.7-0
pKSEA,0.0.1
pksensi,1.2.3
PL94171,1.2.1
plac,0.1.3
placematchr,0.2.4
PlackettLuce,0.4.5
plainview,0.2.2
plan,0.4-5
Planesmuestra,0.1
PlanetNICFI,1.0.5
planets,0.1.0
planr,0.6.4
planscorer,0.0.3
plantecophys,1.4-6
plantmix,1.0.3
plantphysioR,1.0.0
plantTracker,1.2.1
plasma,1.1.5
PlasmaMutationDetector,1.7.2
plasso,0.1.3
plater,1.0.5
platetools,0.1.7
PlateVision,0.1.0
PlatformDesign,2.1.4
platowork,0.0.1
plattice,1.1
plausibounds,1.0.1
plavaan,0.0.1
player,0.1.0
PlayerChart,1.0.0
PlayerRatings,1.1-0
pldamixture,0.1.1
pleio,1.9
pleioh2g,0.1.3
pleLMA,0.2.2
PLEXI,1.0.0
PLFD,0.2.1
plfm,2.2.6
plfMA,2.0
plgp,1.1-13
plgraphics,1.3
pliman,3.1.1
PLindleyROC,0.1.2
plink,1.5-1
plinkFile,0.2.1
plinkQC,1.1.0
PLIS,1.2
plm,2.6-7
PLmixed,0.1.8
plmmr,4.3.0
pln,0.2-3
PLNmodels,1.2.2
plnr,2025.11.22
PLORN,0.1.1
plot.matrix,1.6.2
plot3D,1.4.2
plot3Drgl,1.0.5
plot3logit,3.2.0
plot4fun,0.1.1
plotannotate,1.4-0
plotbb,0.1.2
PlotBivInvGaus,0.1.0
plotcli,0.2.0
PlotContour,0.1.0
plotdap,1.2.0
PlotFTIR,1.2.1
plotfunctions,1.5
plotGMM,0.2.2
plotHMM,2023.8.28
plotlsirm,0.1.3
plotluck,1.1.1
plotly,4.12.0
plotlyGeoAssets,0.0.2
plotMCMC,2.0.1
plotMElm,0.1.5
plotmm,0.1.2
plotmo,3.7.0
PlotNormTest,1.0.1
plotor,1.0.0
plotpc,1.0.4
PlotPrjNetworks,1.0.0
plotprotein,1.0
plotrix,3.8-14
plotROC,2.3.3
plotrr,1.0.2
plotscale,0.1.6
plotscaper,0.2.8
plotSEMM,2.4
plotthis,0.12.1
PlotTools,0.4.0
plotwidgets,0.5.1
plpoisson,0.3.1
PLreg,0.4.1
PLRModels,1.4
pls,2.9-0
plsdepot,0.3.1
plsdof,0.5-0
plsgenomics,1.5-3
plsmmLasso,1.1.0
plsmod,1.0.0
plsmselect,0.2.0
plspm,0.6.0
plsRbeta,0.3.3
plsRcox,1.8.2
plsRglm,1.7.1
plssem,0.1.3
plsVarSel,0.10.0
plu,0.3.0
PLUCR,0.1.0
plug,0.1.0
plugdensity,0.8-5
plumber,1.3.3
plumber2,0.2.0
plumberDeploy,0.2.1
plumbertableau,0.1.1
plumbr,0.6.10
plume,0.3.0
pluscode,0.1.0
plusCode2,0.1.0
plutor,0.1.0
ply,0.1.0
plyr,1.8.9
pm3,0.2.0
PMA,1.2-4
pmartR,2.5.1
pmc,1.0.6
pmcalibration,0.2.0
pmclust,0.2-1
PMCMR,4.4
PMCMRplus,1.9.12
pmd,0.2.7
pMEM,1.0-1
pmetar,0.7.1
pmev,0.1.2
PMEvapotranspiration,0.1.0
pminternal,0.1.0
pmlbr,0.3.0
PMLE4SCR,0.1.0
pmledecon,0.2.1
pmlsp,1.0.1
pmml,2.6.0
pmparser,1.0.26
pmr,1.2.5.1
pmrm,0.0.4
pmsampsize,1.1.3
pmsesampling,0.1.1
pmultinom,1.0.0
pmvalsampsize,0.1.0
pmwg,0.2.7
PMwR,1.2-0
pmxcode,0.3.1
pmxcv,0.0.2
pmxNODE,0.1.0
pmxpartab,0.5.0
pmxTools,1.5
PNADcIBGE,0.7.5
PNADCperiods,0.1.2
PNAR,1.8
PNC,0.1.0
pnd,0.1.3
PND.heter.cluster,0.1.0
PNDSIBGE,0.1.1
png,0.1-9
PNSIBGE,0.2.1
PnT,0.1.0
PNWColors,0.1.0
POCRE,0.6.0
pocrm,0.13
POD,1.2.0
PoDBAY,1.4.3
poems,1.4.0
POET,2.0
pogit,1.3.0
PogromcyDanych,1.7.1
poibin,1.6
PoiClaClu,1.0.2.1
poilog,0.4.2.1
POINT,1.4
pointblank,0.12.3
pointcoral,0.1.0
pointdensityP,0.3.5
PointedSDMs,2.1.5
PointFore,0.2.0
pointr,0.2.0
pointRes,2.0.2
PoisBinNonNor,1.3.3
poisbinom,1.0.2
PoisBinOrd,1.4.3
PoisBinOrdNonNor,1.5.3
PoisBinOrdNor,1.6.3
poisDoubleSamp,1.1.1
poisFErobust,2.0.0
poismf,0.4.0-4
PoisNonNor,1.6.3
PoisNor,1.3.3
poisonfrogs,1.0.2
poisson.glm.mix,1.4
PoissonBinomial,1.2.8
poissoned,0.1.3
PoissonMultinomial,1.1
PoissonPCA,1.0.3
poissonreg,1.0.2
poissonsuperlearner,0.2.0
poistweedie,1.0.2
pokemon,0.1.3
PolarCAP,1.0.1
polarisR,0.1.4
polaroid,0.2.1
polarzonoid,0.3-0
poLCA,1.6.0.2
poLCAParallel,1.2.7
poldis,0.1.2
PolicyPortfolios,0.5
policytree,1.2.4
polimetrics,1.2.1.14
poliscidata,2.3.0
polish,0.3.1
polished,0.8.1
PolisheR,1.1.1
polite,0.1.4
politeness,0.9.4
politicsR,0.1.0
polle,1.6.4
pollen,0.83.0
pollster,0.1.7
polmineR,0.8.9
polspline,1.1.25
Poly4AT,1.0.2
polyaAeppli,2.0.2
polyapost,1.7-1
Polychrome,1.6.1
polyclip,1.10-7
polycor,0.8-2
PolycrossDesigns,1.1.0
polyCub,0.9.4
polyglotr,1.7.4
PolyHaplotyper,1.0.1
polykde,1.1.7
polylabelr,1.0.0
polymapR,1.1.7
polymatching,1.0.1
polyMatrix,0.9.16
PolyMigR,0.1.0
polynom,1.4-1
PolynomF,2.0-8
PolyPatEx,0.9.2
polypharmacy,1.0.0
polypoly,0.0.3
polyqtlR,0.1.1
polyRAD,2.0.1
polyreg,0.8.0
polysat,1.7-7
polySegratio,0.2-6
polySegratioMM,0.6-5
PolyTree,0.0.1
polywog,0.4-2
POMADE,0.2.1
POMaSPU,1.0.0
pomcheckr,0.1.1
pomdp,1.2.5
pomdpSolve,1.0.6
Pomic,1.0.4
pomodoro,3.8.0
pomp,6.4
pompom,0.2.1
pompp,0.1.3
POMS,1.0.1
PONG2,1.0.1
poobly,0.1.2
pooh,0.3-2
pool,1.0.5
PoolBal,0.1-0
PoolDilutionR,1.0.0
PooledCohort,0.0.2
PooledMeanGroup,1.0
pooledpeaks,1.2.2
poolfstat,3.1.0
poolHelper,1.1.0
poolr,1.2-0
PoolTestR,0.2.0
poolVIM,1.0.0
poorman,0.2.7
pop,0.1
pop.lion,1.0.1
pop.wolf,1.0
popbayes,1.3
popbio,2.8
PopComm,1.0.0
popdemo,1.3-4
PoPdesign,1.1.0
PopED,0.7.0
popEpi,0.5.0
PopGenHelpR,1.4.2
popgenr,0.2
PopGenReport,3.1.3
POPInf,1.0.0
popkin,1.3.23
popPCR,0.1.1.1
poppr,2.9.8
PopPsiSeqR,1.0.2
popPyramid,0.1.1
popReconstruct,1.0-6
popsom7,7.1.0
popstudy,1.0.2
poptrend,0.2.0
PopulateR,1.13
population,0.3
PopulationGrowthR,0.1.1
populationPDXdesign,1.0.3
populR,0.2.1
poputils,0.6.1
PopVar,1.3.2
porridge,0.3.3
port4me,0.7.1
PortalHacienda,0.1.8
portalr,0.4.5
porter,0.1.0
portes,6.0
portfolio,0.5-3
PortfolioAnalytics,2.1.2
portfolioBacktest,0.4.2
PortfolioOptim,1.1.1
PortfolioTesteR,0.1.4
portion,0.1.3
portn,1.0.0
portvine,1.0.3
poset,1.0.0
poseticDataAnalysis,1.1.0
POSetR,1.1.4
PoSI,1.1
PoSIAdjRSquared,0.1.0
PosiR,0.1.2
positron.tutorials,0.2.1
posologyr,1.2.8
PosRatioDist,1.2.1
POSSA,0.6.5
postcard,1.1.0
postcards,0.2.3
PostcodesioR,0.3.1
postdoc,1.4.2
posterior,1.7.0
PosteriorBootstrap,0.1.2
postHoc,0.1.3
postinfectious,0.1.0
postlightmercury,1.2
postlink,0.1.0
postlogic,0.1.0.1
POSTm,1.4
postpack,0.5.4
POT,1.1-11
potential,0.2.0
potentiomap,0.1.0
poth,0.3-0
potions,0.2.0
potools,0.2.4
potts,0.5-11
PottsUtils,0.3-3.1
pould,1.0.2
POV,0.1.4
pow.int,1.3
powdist,0.1.4
PoweR,1.1.4
power.nb,0.1.0
power.transform,1.0.4
Power2Stage,0.5-4
power4mome,0.2.1
poweRbal,0.1.0
powerbiR,0.1.0
powerbrmsINLA,1.3.0
powerbydesign,1.0.5
powerCompRisk,1.0.1
powerEQTL,0.3.6
PoweREST,0.1.2
powergrid,0.5.0
powerGWASinteraction,1.1.3
powerHE,1.0.1
powerindexR,1.6
powerjoin,0.1.0
powerLATE,0.1.2
poweRlaw,1.0.0
powerly,1.10.0
powerMediation,0.3.4
powerNLSEM,0.1.2
powerpkg,1.6
powerPLS,0.2.1
powerprior,1.0.0
PowerSDI,1.0.0
powerSurvEpi,0.1.5
powertools,1.0.0
PowerTOST,1.5-7
powRICLPM,0.2.1
PowRPriori,0.2.0
PP,0.6.4-1
PPbigdata,1.0.0
pPCA,1.1
ppcc,1.3
PPCDT,0.2.0
PPCI,0.1.5
ppclust,1.1.0.1
ppcor,1.1
PPCSexRx,0.1.1
ppcSpatial,0.3.0
ppdiag,0.1.1
ppendemic,0.2.2
PPforest,0.2.0
ppgam,1.0.2
ppgm,1.1
ppgmmga,1.3.1
ppitables,0.6.1
ppks,1.0
pplot,0.9
ppls,2.0.0
ppmf,0.2.1
ppmHR,1.0
PPMiss,0.1.2
ppmlasso,1.5
PPMR,1.0.1
ppmSDR,2.0.0
ppmSuite,0.3.4
PPQplan,1.1.0
ppRank,0.1.1
ppRep,0.42.3
PPRL,0.3.9
pprof,1.0.3
pps,1.0
ppsbm,1.0.0
ppseq,0.2.5
PPSFS,0.1.3
ppsr,0.0.5
PPTcirc,0.2.3
PPtreeExt,0.1.0
PPtreeViz,2.0.4
PPTS,1.0
ppwdeming,2.1.0
ppweibull,1.0
PQA,1.0.0
pql,0.1.0
pqrBayes,1.2.2
pqrfe,1.3
pQTLdata,0.6
praatpicture,1.8.0
prabclus,2.3-5
pracma,2.4.6
pracpac,0.2.0
PracticalEquiDesign,0.0.3
practicalSigni,0.1.2
PracTools,1.7.5
prais,1.1.4
praise,1.0.0
prakriti,0.1.4
PRANA,1.0.6
praznik,12.0.0
PRBMSdesigns,1.0.1
prcbench,1.1.10
prcr,0.2.1
PRDA,1.0.2
pre,1.0.9
PRECAST,1.9
pRecipe,3.0.3
precisely,0.1.2
precisePlacement,0.2.0
PreciseSums,0.7
precmed,1.1.0
precommit,0.4.3
precrec,0.14.5
precviasBR,0.1.1
predfairness,0.1.0
predhy,2.1.2
predhy.GUI,2.1.1
predict3d,0.1.6
PredictABEL,1.2-4
prediction,0.3.18
predictionInterval,1.0.0
PredictionR,1.0-12
predictMe,0.1
predictmeans,1.1.1
predictNMB,0.2.1
predictoR,4.1.7
PredictorSelect,0.1.0
predictrace,2.0.1
predicts,0.2-2
predictset,0.3.0
predictsr,0.2.1
predieval,0.1.1
predint,2.3.0
predmicror,1.3.2
PredPsych,0.5
predReliability,0.1.0
predRupdate,0.2.1
PredTest,0.1.0
predtools,0.0.3
predtoolsTS,0.1.1
pref,0.4.0
prefeR,0.1.3
preference,1.1.6
prefio,0.2.0
prefmod,0.8-37
prefviz,0.1.3
pregnancy,0.2.1
PreKnitPostHTMLRender,0.1.0
PReMiuM,3.2.13
prenoms,0.0.1
prepdat,1.0.8
pRepDesigns,1.2.0
prepkit,0.1.1
prepost,0.3.0
prepplot,1.0-2
prepR4pcm,1.0.0
PreProcess,3.1.9
PreProcessing,0.1.0
PreProcessRecordLinkage,1.0.1
PREPShiny,0.1.0
preputils,1.0.3
prereg,0.6.0
preregr,0.2.9
PresenceAbsence,1.1.11
presens,2.1.0
presenter,0.1.2
presentes,0.1.0
PResiduals,1.0-2
presize,0.3.11
presmoothedTP,0.1.0
presmTP,1.1.0
PressPurt,1.0.2
pressuRe,0.2.7
pretest,0.2
pretestcad,1.1.0
prettyB,0.2.2
prettycode,1.1.0
PrettyCols,1.1.0
prettydoc,0.4.1
prettyGraphs,2.2.0
prettymapr,0.2.5
prettyPanelMatch,0.2.0
prettyunits,1.2.0
prevalence,0.4.1
preventr,0.12.0
previsionio,11.7.0
prevR,5.0.0
prevtoinc,0.12.0
pRF,1.2
PriceIndices,0.3.1
pricelevels,1.4.0
priceR,1.0.4
pricesensitivitymeter,1.3.3
prider,1.0.6
pridit,1.1.1
prim,1.0.23
PRIMAL,1.0.3
primarycensored,1.5.1
primate,0.2.0
primefactr,0.1.1
primePCA,1.2
PRIMEplus,1.0.16
primer,1.2.1
primerTree,1.1.0
primes,1.6.1
princurve,2.1.6
PrInDT,2.0.2
prinsurf,1.0
printify,1.0.2
printr,0.3
printtree,0.2.1
prinvars,1.0.0
prior3D,0.1.5
priorCON,0.1.7
PriorGen,2.0
prioriactions,0.5.0
prioritizr,8.1.0
prioritizrdata,0.3.3
priorityelasticnet,1.2.1
prioritylasso,0.4.0
priorsense,1.2.0
prism,0.3.0
PRISM.forecast,0.2.1
PRISMA,0.2-7
PRISMA2020,1.1.4
prismadiagramR,1.0.0
prismatic,1.1.2
prismjs,2.1.0
prithulib,1.0.2
privacyR,1.0.1
PrivateLR,1.2-22
prLogistic,2.0.2
PRMethods,0.1.0
prmisc,0.0.3
PRNG,0.0.2.1.2
prnsamplr,1.1.0
pro,0.1.1
ProActive,0.1.0
ProAE,1.0.4
probably,1.2.0
probaverse,0.1.0
ProbBayes,1.1
ProbBreed,1.0.4.9
probe,1.1
ProbeDeveloper,1.1.2
ProbitSpatial,1.1
ProbMarg,1.0.1
probout,1.1.2
probs,0.9.9
ProbSamplingI,2.0
probstats4econ,0.3.1
ProbSVMs,0.1.0
ProbYX,1.1-0.1
pROC,1.19.0.1
proccalibrad,0.14
ProcData,0.3.2
proceduralnames,0.2.2
processcheckR,0.1.5
processmapR,0.5.8
processmonitR,0.1.0
processpredictR,0.1.1
processx,3.9.0
proclhmm,1.0.1
procmaps,0.0.5
ProcMod,1.0.8
procs,1.0.9
ProDenICA,1.1
prodest,1.0.1
prodigenr,0.7.0
prodlim,2026.03.11
ProduceR,1.3
productivity,1.1.0
productplots,0.1.2
productshotaiR,0.1.0
ProFAST,1.9
ProfessR,2.4-3
profExtrema,0.2.1
proffer,0.2.2
profile,1.0.4
profileCI,1.1.1
ProfileGLMM,1.1.0
ProfileLadder,0.2.2
ProfileLikelihood,1.3
profileModel,0.6.2
profileR,0.3-5
profmem,0.7.0
profoc,1.3.4
profr,0.3.3
profrep,1.0.0
proftools,0.99-3
profvis,0.4.0
progress,1.2.3
progressify,0.2.0
progressr,1.0.0
PROJ,0.6.0
proj4,1.0-15
ProjectionBasedClustering,1.2.2
projections,0.6.1
projectLSA,0.0.9
ProjectManagement,2.1.4
projects,2.1.3
ProjectTemplate,0.11.2
projmgr,0.1.2
projoint,1.1.1
projpred,2.10.0
ProliferativeIndex,1.0.1
prolific.api,0.5.2
prolsirm,0.1.1
prome,4.0.2.5
PROMETHEE,1.1
promethee123,0.1.0
PrometheeTools,0.1.0
promises,1.5.0
promor,0.2.3
promote,1.1.1
promotionImpact,0.1.5
prompt,1.0.2
prompter,1.2.1
promptr,1.0.0
promr,0.1.3
prop.comb.RR,1.2
propagate,1.1-0
PropCIs,0.3-0
PropClust,1.4-7
propensity,0.1.0
propertee,1.0.5
properties,0.0-9
prophet,1.1.7
proporz,1.5.2
propOverlap,1.0
PropScrRand,1.1.2
proPubBills,0.1
ProPublicaR,1.1.4
proratar,0.1.0
PROreg,1.3.2
PROscorer,0.0.4
PROscorerTools,0.0.4
PROsetta,0.4.2
ProSGPV,1.0.0
prospectr,0.2.10
PROSPER,0.3.3
ProSportsDraftData,1.0.3
protag,1.0.0
protein8k,0.0.2
ProteinPCA,0.1.1
ProteoBayes,1.0.0
proteomicsCV,0.4.0
proteus,1.1.5
protHMM,0.1.1
proto,1.0.0
protoclust,1.6.4
protolite,2.4.0
proton,1.0
protoshiny,0.1.1
prototest,1.2
protr,1.7-5
ProTrackR,0.4.4
ProTrackR2,0.1.1
protti,1.0.0
protViz,0.7.9
proustr,0.4.0
provDebugR,1.0.1
provenance,4.4
proverbs,0.4.0
provExplainR,1.1.1
provGraphR,1.0.1
provolleyballr,0.1.0
provParseR,1.0
provSummarizeR,1.5.1
provTraceR,1.0
provViz,1.0.9
proximetricsR,0.6.4
proxirr,0.5
ProxReg,1.1.2
proxy,0.4-29
proxyC,0.5.2
prozor,0.3.1
PRP,0.1.1
prqlr,0.10.1
prrd,0.0.6
PRROC,1.4
pRSR,3.1.1
prt,0.2.1
PRTree,1.0.3
prWarp,1.0.1
Przewodnik,0.16.12
ps,1.9.3
PSAboot,1.3.9
PSAgraphics,2.1.3
PSAWR,0.1.0
psBayesborrow,1.1.0
psbcGroup,1.7
psbcSpeedUp,2.1.0
psborrow,0.2.4
psborrow2,0.0.5.1
psc,2.1.0
PSCBS,0.68.0
pscDesign,1.0.0
pscl,1.5.9
pscore,0.4.1
PScr,1.1
psd,2.1.2
PSDistr,0.0.1
psdr,1.0.3
pseudo,1.4.3
pseudobibeR,1.2
pseudoCure,1.0.0
pseudohouseholds,0.1.1
pseudorank,1.0.4
pseval,1.3.3
PSF,0.5
psfmi,1.4.0
psgc,0.1.0
PSGD,1.0.6
PSGoft,0.0.1
psgp,0.3-26
psHarmonize,0.3.6
psica,1.0.2
psidR,2.3
psidread,1.0.7
PSIM,0.1.0
PSIndependenceTest,0.0.1
PSinference,0.2.2
PsiUEngineRL,0.1.3
PSLM2015,0.2.0
pslr,1.0.1
psm3mkv,0.3.2
psme,1.0.0
psmineR,0.1.1
pso,1.0.4
psoptim,1.0
PSor,0.1.0
psp,1.0.5
pspatreg,1.1.2
pspearman,0.3-1
PSPI,1.2
pspline,1.0-21
PSPManalysis,0.3.9
PSpower,2.0.0
psqn,0.3.2
psre,0.4
PSRICalc,1.0.0
PSRICalcSM,1.0.0
psrwe,3.2-1
PSSIM,0.1.0
PSSMCOOL,0.2.4
pssmooth,1.0.3
psSubpathway,0.1.3
PSsurvival,0.2.0
Pstat,1.2
PSTR,2.0.0
PStrata,1.0.1
psvd,1.1-0
psvmSDR,3.0.1
PSW,1.1-3
PSweight,2.1.2
psy,1.2
psycCleaning,0.1.1
psych,2.6.5
psychmeta,2.7.0
psycho,0.6.2
PsychoMatic,0.3.0
psychometric,2.4
psychomix,1.1-9
psychonetrics,0.15
psychotools,0.7-6
psychotree,0.16-2
psychReport,4.0.1
psychrolib,2.5.2
psychTools,2.6.4
PsychWordVec,2025.11
PsyControl,1.0.0.0
psymetadata,1.0.1
psyntur,0.1.1
psyphy,0.3
PsyToolkit,1.1.4
psyverse,0.2.6
ptable,1.0.0
PTAk,2.0.0
PTE,1.7
PTERP,1.0
ptetools,1.0.0
ptinpoly,2.8
pTITAN2,1.0.2
ptm,1.0.1
ptmixed,1.1.3
ptools,2.0.0
PtProcess,3.3-17
PTSDdiag,0.1.0
PTSR,0.1.3
pttstability,1.4
ptvalue,0.2.0
ptvapi,2.0.5
ptw,1.9-17
ptwikiwords,0.0.3
PTwins,0.1.1
PTXQC,1.1.5
ptycho,1.1-5
pubchem.bio,1.0.5
PubChemR,3.0.0
pubh,3.0.0
public.ctn0094data,1.1.0
public.ctn0094extra,1.0.4
PublicationBias,2.4.0
PublicationBiasBenchmark,0.2.1
publipha,0.1.2
Publish,2025.07.24
PubMatrixR,1.0.0
pubmed.mineR,1.0.21
PubMedMining,1.0.0
pubmedR,1.0.2
pubmedtk,1.0.4
PubMedWordcloud,0.3.6
pubrplot,0.0.1
pudu,0.1.0
puff,0.1.0
PUGMM,0.1.2
PUlasso,3.2.6
pullword,0.3
PulmoDataSets,0.2.1
puls,0.1.3
pulsar,0.3.13
pulso,0.1.1
pumBayes,1.0.2
pumilioR,1.3.1
PUMP,1.0.4
puniform,0.2.8
punycoder,1.1.0
PUPAK,0.1.1
PupillometryR,0.0.7
PupilPre,0.6.3
PUPMCR,0.2.0
PUPMSI,0.1.0
puremoe,1.1.0
pureseqtmr,1.4.2
purge,0.2.1
purgeR,1.8.3
purging,1.0.0
PurpleAir,1.1.1
PurpleAirAPI,0.1.0
purrr,1.2.2
purrrlyr,0.0.10
Pursuit,1.1.0
pushbar,0.1.0
pushoverr,1.1.0
putior,0.1.0
puzzle,0.0.1
Pv3Rs,1.0.0
PVAClone,0.1-8
pvaluefunctions,1.6.3
pvar,2.2.7
pvarife,0.1.2
pvars,1.1.1
PVBcorrect,0.3.1
pvclass,1.4.1
pvclust,2.2-0
pvcurveanalysis,1.0.0
pvda,0.0.4
pvEBayes,0.3.0
pvldcurve,1.2.6
pvLRT,0.5.1
PVR,0.3
PvSTATEM,0.2.2
PWEALL,1.3.0.1
PwePred,1.1.2
PWEV,0.1.0
PWEXP,0.5.1
PWIR,0.0.3.1
pwlapprox2d,0.1.0
pwlmm,1.1.2
pwr,1.3-0
pwr2ppl,0.6.0
pwr4exp,1.0.1
pwrAB,0.1.0
pwranova,1.0.3
pwrFDR,3.2.4
PwrGSD,2.3.8
pwrRasch,0.1-4
pwrss,1.2.0
pwSEM,1.0.0
pwt,7.1-1
pwt10,10.01-0
pwt8,8.1-1
pwt9,9.1-0
pxmake,0.20.1
pxR,0.42.8
pxweb,0.17.0
PxWebApiData,1.9.0
pycno,1.4.1
pye,0.1.0
pyinit,1.1.5
pylintR,0.1.0
pyMTurkR,1.1.6
pyramid,1.5
pysd2r,0.1.0
pysparklyr,0.2.1
PytrendsLongitudinalR,0.1.4
pzfx,0.3.1
Q2q,0.1.2
Q7,0.1.0
qad,1.0.6
qadf,1.0.0
QAEnsemble,1.0.0
QAIG,0.1.7
qap,0.1-2
qape,2.1
Qapprox,0.2.0
qardlr,1.0.1
qarPI,0.1.0
qatarcars,1.1.0
qbinplots,0.3.3
qbld,1.0.3
QBMS,2.0.0
qboxplot,0.2
qbr,1.3.0
qbrms,1.0.1
QCA,3.25
QCAcluster,0.2.0
qcaERT,0.1.0
qcapower,0.2.0
qcauchyreg,1.0
qCBA,1.0.2
qcc,2.7
qccrs,0.1.0
QCEWAS,1.2-3
QCGWAS,1.0-9
qch,2.1.3
qcluster,2.0.1
qcpm,0.4
qcQpcr,1.5
qcr,1.4
qcrlscR,0.1.3
QCSimulator,0.0.1
QCSIS,0.1
qcv,1.0
qdap,2.4.6.1
qdapDictionaries,1.0.7
qdapRegex,0.7.10
qdapTools,1.3.7
QDComparison,3.0
qDEA,1.0.0
qdm,0.1-0
qeML,1.1
Qest,1.0.2
QF,0.0.9
qfa,5.0
QFASA,1.2.1
qfratio,1.1.1
QFRM,1.0.1
QGA,1.0
qgam,2.0.0
QGameTheory,0.1.2
qgarch,0.1.0
qGaussian,0.1.8
qgcomp,2.18.10
qgcompint,1.0.2
qgg,1.1.6
QGglmm,0.8.0
qgisprocess,0.4.2
qgraph,1.9.8
qgshiny,0.1.0
QHOT,0.1.0
QHScrnomo,3.0.2
QI,0.1.0
qicharts,0.5.10
qicharts2,0.8.1
qif,1.5
qiitr,0.1.1
Qindex,0.1.7
Qindex.data,0.1.3
qkiosk,0.2.31
qlcal,0.1.1
qlcData,0.3
qlcMatrix,0.9.9
qlifetable,0.0.2-6
qmap,1.0-6
qmd,1.1.3
qmethod,1.8.4
qmj,0.2.1
qMRI,1.2.7.9
qmrparser,0.1.6
qmvs,0.2.2
qoi,0.1.0
qol,1.3.2
QoLMiss,0.1.0
qountstat,0.1.1
qpcR,1.4-2
qPCRhelper,0.1.0
qPCRtools,1.0.1
qpdf,1.4.1
Qploidy,1.0.1
qpNCA,1.1.6
qPRAentry,0.1.1
qqconf,1.3.2
qqkrls,1.0.0
qqman,0.1.9
qqplotr,0.0.7
QQreflimits,1.0.3
qqtest,1.2.0
qqvases,1.0.0
QR,0.1.3
QR.break,1.0.2
qra,0.2.8.1
QRAGadget,0.4
QRank,1.0
qrcm,3.3
qrcmNP,0.2.2
qrcode,0.3.0
QregBB,1.0.0
qrencoder,0.1.0
qreport,1.1-0
QRIpkg,0.2.2
QRISK3,0.6.0
qrjoint,2.0-11
qrlabelr,0.2.1
qrLMM,2.3
QRM,0.4-35
qrmdata,2025-07-24-3
qrmtools,0.0-19
qrng,0.0-11
qrNLMM,4.0
qrnn,2.1.1
qryflow,0.4.0
qs2,0.2.2
QSARdata,1.3
qshap,1.0.1
qsimulatR,1.1.1
qslice,0.3.1
qsplines,1.0.1
QsRutils,0.2.1
qst,0.1.2
qsub,1.1.3
qtbi,0.1.2
qte,1.3.1
QTE.RD,1.2.0
qtkit,1.1.1
qtl,1.74
QTL.gCIMapping,3.4
QTL.gCIMapping.GUI,2.1.1
qtl2,0.44
qtl2convert,0.34
qtl2fst,0.30
qtl2ggplot,1.2.6
qtl2pattern,1.2.1
qtl2pleio,1.4.4
qtlbook,0.20
qtlc,1.0
qtlcharts,0.22
qtlDesign,0.953
QTLEMM,3.1.0
qtlhot,1.2.10
qtlnet,1.5.4
QTLRel,1.15
Qtools,1.6.0
qtwAcademic,2022.12.13
quadcleanR,1.1.0
quadform,0.0-4
quadkeyr,0.1.0
quadmatrix,0.1.0
quadmesh,0.5.5
quadprog,1.5-8
quadprogXT,0.0.6
quadraticSD,0.1.0
QuadratiK,1.2.0
QuadRoot,0.2.1
quadrupen,1.0-0
quadVAR,0.1.2
quak,0.1.0
qualitycontrol,0.1.0
QualityMeasure,2.0.1
quallmer,0.4.0
quallmer.app,0.1.0
qualmap,0.2.2
qualpalr,2.0.0
qualtRics,3.3.0
qualV,0.3-5
qualvar,0.2.0
QUALYPSO,3.1
QuanDA,1.0.0
quantbayes,0.1.0
QuantBondCurves,0.3.3
quantCurves,1.0.0
quantdates,2.0.4
quantdr,1.3.2
quanteda,4.4
quanteda.textmodels,0.9.10
quanteda.textplots,0.96.1
quanteda.textstats,0.97.2
quanteda.tidy,0.4
quantification,0.2.0
quantileDA,1.2
QuantileGH,0.1.8
QuantileModels,1.0.0
QuantileNPCI,0.9.0
QuantileOnQuantile,1.0.3
QuantilePeer,0.0.1
quantilogram,3.2.1
quantities,0.2.3
quantkriging,0.1.0
quantmod,0.4.29
QuantPsyc,1.6
quantreg,6.1
quantreg.nonpar,1.0
quantregForest,1.4-0
QuantRegGLasso,1.0.1
quantregGrowth,1.7-2
quantregRanger,1.0
quantsig,0.1.0
quantspec,1.2-4
quaqcr,1.0.4
quarks,1.1.6
quarrint,1.0.0
quartabs,0.1.1
Quartet,1.3.0
quartets,0.1.1
quartify,1.1.1
quarto,1.5.1
quartose,0.1.0
quasar,0.2.1
quaxnat,1.0.1
QuClu,1.0.1
queryBuilder,0.1.0
querychat,0.3.0
queryparser,0.3.2
queryup,1.0.5
quest,0.2.1
questionr,0.8.2
QuESTr,0.1.1
queuecomputer,1.2.0
queueing,0.2.12
quickblock,0.2.2
quickcheck,0.1.3
quickcode,1.0.9
QuickExplore,0.1.0
QuickJSR,1.10.0
quickmatch,0.2.3
quickNmix,1.1.1
quickOutlier,0.1.5
quickPlot,1.0.4
quickpsy,0.1.5.2
quickPWCR,1.2
quickr,0.3.0
quickregression,0.2
quickSentiment,0.3.4
QuICSeedR,0.1.2
quid,0.0.1
quiddich,1.0.0
quietR,0.1.0
quiltr,0.1.0
quincunx,0.2.0
quint,2.2.2
quitefastmst,0.9.1
quollr,1.0.6
quoradsR,0.1.0
quRan,0.1.0
QurvE,1.1.2
Qval,1.2.4
qVarSel,1.2
qvcalc,1.0.4
qvirus,0.0.6
qwalkr,0.1.0
QWDAP,1.1.20
qwraps2,0.6.3
QZ,0.2-4
R.AlphA.Home,2.0.2
R.cache,0.17.0
R.ComDim,1.0.0
R.devices,2.17.4
R.filesets,2.15.1
R.huge,0.10.1
r.jive,2.4
R.matlab,3.7.0
R.methodsS3,1.8.2
R.oo,1.27.1
r.proxy,0.1.4
R.rsp,0.46.0
R.temis,0.1.4
R.utils,2.13.0
R0,1.3-1
r02pro,0.2
R1magic,0.3.4
R2Addhaz,0.1.0
R2admb,0.7.16.3
R2BayesX,1.1-6
R2BEAT,1.0.5
R2camtrapdp,2.0.0
r2country,2.0.2.4.0
r2d2,1.0.2
R2D2ordinal,1.0.2
r2d3,0.2.6
r2dictionary,0.3
r2dii.analysis,0.5.3
r2dii.data,0.6.1
r2dii.match,0.4.1
r2dii.plot,0.5.2
R2DT,0.2
r2fireworks,0.1.0
r2glmm,0.1.3
R2HTML,2.3.4
R2jags,0.8-9
r2mlm,0.3.8
R2MLwiN,0.8-10
R2OpenBUGS,3.2-5
r2pmml,0.31.0
R2PPT,2.2.0
r2pptx,0.1.0
r2r,0.1.2
r2redux,1.0.18
r2resize,2.0
R2ROC,1.0.1
r2rtf,1.3.1
R2sample,4.1.0
r2shortcode,0.2
r2social,1.2.1
r2spss,0.3.2
r2stl,1.0.3
r2sundials,7.2.1-4
r2symbols,1.4
R2ucare,1.0.3
R2wd,1.5
R2WinBUGS,2.1-24
r311,0.4.4
r3dmol,0.1.2
r3js,0.0.2
r3PG,0.1.6
R3port,0.3.1
r4ds.tutorials,0.3.3
R4GoodPersonalFinances,1.2.0
r4googleads,0.1.1
R4HCR,0.1
r4lineups,0.1.1
r4pde,0.1.0
r4ss,1.44.0
r4sub,0.1.0
r4subcore,0.1.0
r4subdata,0.1.1
r4subprofile,0.1.0
r4subrisk,0.1.0
r4subscore,0.1.0
r4subtrace,0.1.0
r5r,2.4.0
r5rgui,0.2.0
R6,2.6.1
R62S3,1.4.1
R6causal,0.8.3
R6DS,1.2.0
r6methods,0.1.0
R6Nomogram,1.0
R6P,0.4.0
r6qualitytools,1.0.1
ra4bayesmeta,1.0-8
RABR,0.1.1
RAC,1.5.5
racademyocean,0.3.3
rAccess,0.1.1.3
RaCE.NMA,1.0.3
RaceID,0.4.2
raceland,1.2.2
racir,2.0.0
Racmacs,1.2.9
rACMEMEEV,1.0.1
ractivecampaign,0.6.0
rADA,1.1.9
RADanalysis,1.0.1
radar,1.0.0
radarBoxplot,1.0.5
RadData,1.0.2
radEmu,2.3.2.0
RadEro,1.0.8
RadialVisGadgets,0.2.0
radiant,1.6.7
radiant.basics,1.6.6
radiant.data,1.6.8
radiant.design,1.6.6
radiant.model,1.6.11
radiant.multivariate,1.6.8
RadioSonde,4.2
radir,1.0.4
radlibs,0.2.0
RadOnc,1.1.9
radous,0.1.3
radsafer,2.4.0
RADstackshelpR,0.1.0
Radviz,0.9.5
radviz3d,2.3.1
RAdwords,0.1.18
raem,0.1.0
rafalib,1.0.4
RAFS,0.2.5
rafsi,0.0.2
Rage,1.9.0
RAGFlowChainR,0.1.7
ragg,1.5.2
RagGrid,0.2.0
ragnar,0.3.0
rags2ridges,2.2.9
ragtop,1.3.1
rai,1.0.0
rainbow,3.8
RAINBOWR,0.1.38
rainerosr,0.1.1
rainette,0.3.3
RainfallErosivityFactor,1.0.0
rainfarmr,0.1
rairtable,0.1.2
RaJIVE,1.0
rakeR,0.2.1
ralger,2.3.0
RALSA,1.6.6
Ramble,0.1.1
rAmCharts,2.1.16
rAmCharts4,1.6.0
ramchoice,2.2
ramcmc,0.1.2
rameritrade,0.1.5
ramify,0.4.0
RAMP,2.0.2
rampage,0.2.1
RAMpath,0.5.1
ramps,0.6.18
RaMS,1.4.3
ramsvm,2.4
randChecks,0.2.1
randcorr,1.0
randgeo,0.3.0
RandMeta,0.1.0
randnet,1.0
rando,0.2.0
random,0.2.6
random.cdisc.data,0.3.16
random.polychor.pa,1.1.4-5
randomcoloR,1.1.0.1
randomForest,4.7-1.2
randomForestExplainer,0.10.1
randomForestRHF,1.0.1
RandomForestsGLS,0.1.5
randomForestSGT,1.0.0
randomForestSRC,3.6.2
randomForestVIP,0.1.3
RandomGaussianNB,0.2.4
randomGLM,1.10-1
randomGODB,1.1
randomizationInference,1.0.4
randomizeBE,0.3-6
randomizeR,3.0.2
randomizr,1.0.1
randomLCA,1.1-4
randomMachines,0.1.1
randomNames,1.6-0.0
randompack,0.1.3
RandomProjectionTest,0.1.4
randomUniformForest,1.1.6
Randomuseragent,0.0.1
RandomWalker,1.0.0
randotools,0.2.8
randPedPCA,1.1.3
RandPro,0.2.2
randtests,1.0.2
randtoolbox,2.0.5
RandVar,1.2.5
rang,0.3.0
rangeBuilder,2.2
rangecondprob,0.4.1
rangeMapper,2.0.3
rangeModelMetadata,0.1.5
rangemodelR,1.0.6
rangen,0.0.1
ranger,0.18.0
RanglaPunjab,2.3.4
rangr,1.0.9
rank,0.2.0
RankAggreg,0.6.6
RankAggSIgFUR,1.0.0
Rankcluster,0.98.0
rankCorr,1.0.3
rankdifferencetest,2025.12.4
rankdist,1.1.4
rankFD,0.1.1
RankGWASK,0.1.1
rankhazard,1.1.1
rankICC,1.0.2
RankingProject,0.4.0
rankinma,0.2.2
rankinPlot,1.1.0
RankPCA,0.1.0
rankPlayedInference,1.0
rankrate,1.2.1
RankResponse,4.0.0
RANKS,1.1
ranktreeEnsemble,0.24
RANN,2.6.2
RANSAC,0.1.0
RAP,1.2.2
Rapi,1.0.6
rapiclient,0.1.8
RApiDatetime,0.0.11
rapidcodeR,0.1.1
RapidFuzz,1.1.0
rapidjsonr,1.2.1
rapidoc,9.3.4
RapidoPGS,2.3.2
rapidphylo,0.1.2
RapidPolygonLookup,0.1.1
rapidraker,0.1.3
rapidsplithalf,0.7
rapidxmlr,0.1.0
RApiSerialize,0.1.4
Rapp,0.4.0
RAppArmor,3.2.5
rappdirs,0.3.4
rappleads,0.1.3
rapport,1.2
rapportools,1.2
rappsflyer,0.3.2
rapr,1.1.3
rapsimng,0.5.0
raptools,1.23.0
RAPTOR,1.0.1
raptr,1.0.1
raqs,1.0.2
RAQSAPI,2.0.5
rar,0.0.3
rare,0.1.2
RareComb,1.1
rareflow,0.1.0
rarefun,0.1.0
rareNMtests,1.2
rarestR,1.1.1
raretrans,1.0.5
RARfreq,0.1.5
Rarity,1.3-8
rarms,1.0.0
rARPACK,0.11-0
RARtrials,0.0.2
RaschSampler,0.8-10
rasciidoc,4.1.1
RaSEn,3.0.0
rashnu,0.1.2
rassta,1.0.6
RastaRocket,1.1.5
raster,3.6-32
rasterbc,1.0.3
rasterdiv,0.3.8
rasterDT,0.3.2
rasterImage,0.4.1
rasterize,0.1
rasterKernelEstimates,1.0.2
rasterList,0.5.21
rasterpdf,0.1.1
rasterpic,0.5.1
rasterVis,0.51.7
RAT,0.3.1
ratdat,1.1.0
ratecalib,0.3.0
ratelimitr,0.4.2
ratematrix,1.2.5
rater,1.3.2
rateratio.test,1.1
raters,2.1.1
ratesci,1.1.0
RATest,0.1.10
RAthena,2.6.3
RatingScaleReduction,1.4
RationalExp,0.2.2
rationalfun,0.1-1
ratios,1.2.0
Rato,0.1.0
rATTAINS,1.2.0
rattle,5.6.2
Ravages,1.2.0
ravecore,0.1.1
ravel,0.1.2
ravelRy,0.1.0
raven.rdf,0.2.0
RavenR,2.2.4
ravepipeline,0.1.0
rAverage,0.5-8
ravetools,0.2.6
raw,0.1.8
RawHummus,0.3.3
rawKS,0.1.0
raws.profile,0.1.0
raybevel,0.2.2
rayimage,0.26.1
raymolecule,0.9.0
rayrender,0.41.3
rayshader,0.37.3
raytracing,0.6.0
rayvertex,0.15.0
rb3,0.1.0
rbacon,3.5.2
rBahadur,1.0.0
RBaM,1.1.2
RBaseX,1.1.2
rBayesianOptimization,1.2.2
rbbnp,1.1.0
RBBR,0.1.0
rbc,0.1.1
rbcb,0.1.14
rbcc,0.1.5
rbch,0.1-2
rBDAT,1.1.0
RBE3,1.1
Rbearcat,0.2.2
Rbeast,1.0.2
rbedrock,0.4.2
rbenchmark,1.0.1
Rbent,0.1.0
RBesT,1.10-0
rBeta2009,1.0.1
RBF,2.1.1
rbfmvar,2.0.2
rbgm,0.2.0
rbi,1.0.1
rbi.helpers,0.4.1
rBiasCorrection,0.3.6
rbibutils,2.4.1
rbin,0.2.1
rbioacc,1.3.1
rbioapi,0.8.3
rbiodatacr,0.1.1
rbiom,3.1.0
rbiouml,1.11
rbit,1.0.0
RblDataLicense,0.2.6
rblimp,1.2.0
Rblpapi,0.3.16
rblt,0.2.4.7
rbm25,0.0.4
rBMF,1.1
rbmi,1.6.0
rbmiUtils,0.3.0
rbmn,0.9-6
RBNZ,3.0.0
Rborist,0.3-11
rbounds,2.2
RBPcurve,1.3
rbranding,0.1.1
rbreak,1.0.7
rbscCI,0.1.1
rbtc,0.1-7
RBtest,1.1
rbtt,0.1.0
rbw,0.3.2
RbyExample,0.0.100
RCA,2.0
RCAL,2.0
RCALI,0.3.7
RcamelsCL,0.2-0
Rcan,1.3.92
Rcapture,1.4-4
RCarb,0.1.8
rcarbon,1.5.2
rcartocolor,2.1.2
Rcatch22,0.2.5
rcatfish,1.0.3
RCaucTile,1.0.4
RcausalEGM,0.3.3
rCausalMGM,1.0.1
rcausim,0.1.1
rCBA,0.4.3
rcbalance,1.8.8
rcbayes,0.3.0
RCBR,0.6.2
rcbsubset,1.1.7
rcccd,0.3.2
rccola,1.0.2
RCCPCA,0.1.0
rcd3,0.1.1
rcdd,1.6-1
rcDEA,1.0
rcdf,0.1.6
rcdk,3.8.2
rcdklibs,2.9
rcdo,0.3.2
RCEIM,0.3
rcens,0.1.1
Rcereal,1.3.2
RCGLS,1.0.3
rchallenge,1.3.4
RChASM,1.0.1
rChEA3,1.0.1
rchemo,0.1-4
rcheology,4.6.0.0
RChest,1.0.3
RchivalTag,0.2.2
Rchoice,0.3-6
rChoiceDialogs,1.0.6.1
rchroma,0.2.0
rciplot,0.1.1
RCircos,1.2.2
rCISSVAE,0.0.5
rcites,1.3.0
RCLabels,0.1.11
RClickhouse,0.6.11
RClimacell,0.1.4
rclipboard,0.2.1
rcloner,0.0.1
rclsp,2.0.1
rcmdcheck,1.4.0
Rcmdr,2.13.0
RcmdrMisc,2.10.2
RcmdrPlugin.aRnova,0.0.6
RcmdrPlugin.BWS1,0.3-0
RcmdrPlugin.BWS2,0.3-0
RcmdrPlugin.BWS3,0.3-1
RcmdrPlugin.DCCV,0.2-0
RcmdrPlugin.DCE,0.3-1
RcmdrPlugin.depthTools,1.4
RcmdrPlugin.DoE,0.12-6
RcmdrPlugin.EBM,1.0-10
RcmdrPlugin.Export,0.3-1
RcmdrPlugin.EZR,1.70
RcmdrPlugin.FactoMineR,1.8
RcmdrPlugin.HH,1.1-51
RcmdrPlugin.KMggplot2,0.2-7
RcmdrPlugin.MPAStats,1.2.2
RcmdrPlugin.NMBU,1.8.15
RcmdrPlugin.orloca,4.8.2
RcmdrPlugin.PcaRobust,1.1.4
RcmdrPlugin.RiskDemo,3.3
RcmdrPlugin.RMTCJags,1.0-2
RcmdrPlugin.ROC,1.0-19
RcmdrPlugin.sos,0.3-0
RcmdrPlugin.survival,1.3-2
RcmdrPlugin.TeachingDemos,1.2-0
RcmdrPlugin.TeachStat,1.1.4
RcmdrPlugin.temis,0.7.12
RcmdrPlugin.UCA,5.1-4
RcmdrPlugin.WorldFlora,1.3
RCMinification,1.4
RCMsize,1.0.1
RCNA,1.0
rCNV,1.3.0
rco,1.0.2
rcoder,0.3.0
RCognito,0.2.0
rCoinbase,1.0.0
rcoins,0.4.0
RColetum,1.0.0
rcollectadhd,0.8
RColorBrewer,1.1-3
RColorConesa,1.0.0
rcolors,0.1.0
Rcompadre,1.5.0
rcompanion,2.5.2
rcompendium,1.4
rconf,0.1.2
rconfig,0.3.0
RConics,1.1.2
rconvertu,1.1.0
Rcope,1.0.0
rCoreGage,1.1.0
rCoros,0.1.0
rcorpora,2.0.1
RCPA,0.2.8
RCPA3,1.3.1
Rcplex,0.3-8
Rcpp,1.1.2
RcppAlgos,2.10.1
RcppAnnoy,0.0.23
RcppAPT,0.0.10
RcppArmadillo,15.4.0-1
RcppArray,0.3.0
RcppBDT,0.2.8
RcppBessel,1.0.1
RcppBigIntAlgos,1.1.0
RcppBlaze,1.0.2
RcppCCTZ,0.2.14
RcppCensSpatial,1.0.0
RcppCGAL,6.1
RcppClassic,0.9.14
RcppClassicExamples,0.1.4
RcppCNPy,0.2.15
RcppColMetric,0.1.0
RcppColors,0.6.0
RcppCWB,0.6.10
RcppDate,0.0.6
RcppDE,0.1.9
RcppDist,0.1.1.1
RcppDPR,0.1.10
RcppDynProg,0.2.1
RcppEigen,0.3.4.0.2
RcppEigenAD,1.1.0
RcppEnsmallen,0.3.10.0.1
RcppExamples,0.1.10
RcppFarmHash,0.0.3
RcppFastAD,0.0.4
RcppFastFloat,0.0.5
RcppGetconf,0.0.4
RcppGreedySetCover,0.1.1
RcppGSL,0.3.14
RcppHMM,1.2.2.1
RcppHNSW,0.7.0
RcppHungarian,0.3
RcppInt64,0.0.5
RcppJagger,0.0.2
RcppMagicEnum,0.0.1
RcppMeCab,0.0.1.5
RcppML,0.3.7.1
rcppmlpackexamples,0.0.1
RcppMsgPack,0.2.4
RcppNLoptExample,0.0.2
RcppNumerical,0.7-0
RcppParallel,5.1.11-2
RcppPlanc,2.0.15
RcppProgress,0.4.2
RcppQuantuccia,0.1.4
RcppRedis,0.2.6
RcppRoll,0.3.2
RcppSimdJson,0.1.15
RcppSMC,0.2.9
RcppSpdlog,0.0.29
RcppThread,2.4.0
rcpptimer,1.2.1
RcppTN,0.2-2
RcppTOML,0.2.3
RcppTskit,0.2.0
RcppUUID,1.2.0
RcppXPtrUtils,0.1.3
RcppXsimd,7.1.6-2
RcppXts,0.0.6
RcppZiggurat,0.1.8
rcprd,0.0.2
rcrimeanalysis,0.5.0
rcrisp,0.3.1
RCriteo,1.0.2
Rcriticor,2.0
RCRnorm,0.0.2
rcrossref,1.2.1
Rcsdp,0.1.57.6
RCSF,1.0.2
rcssci,0.4.0
Rcssplot,1.1.0
RCT,1.2
RCT2,0.0.1
rct3,1.0.4
RCtest,1.0
rCTOOL,3.1.0
RCTRecruit,0.2.0
RCTrep,1.2.0
RCTS,0.2.4
RCurl,1.98-1.19
Rcurvep,1.3.2
RCytoGPS,1.2.13
RCzechia,1.12.10
rd2d,1.0.0
Rd2md,1.0.1
Rd2roxygen,1.18
rD3plot,1.1.45
rda,1.2-1
rdacca.hp,1.1-3
rdaisi,0.1.3
rdatacite,0.5.4
rDataPipeline,0.60.0
rdataretriever,3.1.1
Rdatasets,0.0.1
rdav,0.3.0
rdbnomics,0.6.4
rdcmchecks,0.1.1
rdcor,1.1
rddapp,1.3.3
rddensity,3.0
rddi,0.1.1
rddtools,2.0.2
rde,0.1.1
rDEA,1.2-8
rdecision,1.3.0
rDeckgl,0.1.0
rDecode,0.1.0
rdeps,0.4
RDesk,1.0.5
rdflib,0.2.9
RDHonest,1.0.1
rdhs,0.8.1
rdhte,0.2.0
rdi,1.0.0
Rdiagnosislist,1.5.1
rdian,0.1.1
Rdice,1.0.0
RDieHarder,0.2.7
Rdimtools,1.1.4
rdist,0.0.5
Rdistance,4.4.3
rdiversity,2.2.0
rdkitpyr,0.2.1
rdlearn,0.1.1
rdlocrand,2.0
RDM,0.1.1
RDML,1.1
rdmulti,2.0.0
rdnb,0.1-5
RDnp,1.3
rdocdump,0.3.0
rdomains,0.4.0
RDota2,0.1.6
rdoxygen,1.0.0
RDP,0.3.0
Rdpack,2.6.6
rdpower,3.0
rdracor,1.0.6
rdrobust,4.0.0
Rdrw,1.0.3
rdryad,1.0.0
RDS,0.9-10
Rdsdp,1.0.6
rdss,1.0.14
RDSsamplesize,0.5.0
rdstagger,0.1.0
RDStreeboot,1.0
Rdta,1.0.1
rdtLite,1.4
Rduckhts,1.3.0-0.1.0
Rduino,0.1
Rduinoiot,0.1.0
Rdune,1.1.1
rdwd,1.9.17
rdwplus,1.0.1
re,0.1.0
re2,0.1.4
reaborn,1.0.1
Reacnorm,0.2.1
react,2024.1.0
reactable,0.4.5
reactable.extras,0.2.1
reactCheckbox,1.0.0
reactlog,1.1.1
reactR,0.6.1
ReacTran,1.4.3.2
reactRouter,0.2.0
ReAD,1.0.1
read.abares,3.0.0
read.gb,2.2
read.gt3x,1.2.0
readABF,1.0.2
readabs,0.4.30
readaec,0.1.2
readapra,0.2.3
readbitmap,0.1.5
readBrukerFlexData,1.9.3
readbulk,1.1.4
ReadDIM,0.2.11
readecb,0.1.2
readelan,0.1.0
readepi,1.0.6
reader,1.1.0
readHAC,1.0
readimf,0.1.0
readJDX,0.6.4
readMDTable,0.4.0
readme2vignette,0.1.0
readmet,1.7.1
readmission,0.1.0
readmit,0.0.1
readMLData,0.9-7
readmoRe,0.2-15
readMzXmlData,2.8.4
readnoaa,0.1.1
readNSx,0.0.7
readobj,0.4.1
readODS,2.3.5
readoecd,0.3.3
readosense,0.0.1
readr,2.2.0
readrba,0.1.12
readroper,0.9.3
readsdmx,0.3.1
readsdr,0.3.0
readsparse,0.1.5-8
readstata13,0.11.0
readSX,0.8.8
readtext,0.92.1
readtextgrid,0.2.0
readxl,1.5.0
ready4,0.1.19
readyomics,0.2.1
realestatebr,1.0.1
RealSurvSim,1.0.0
realtest,0.2.3
realTimeloads,1.0.0
RealVAMS,0.4-6
ream,1.0-12
reappraised,0.2
Rearrangement,2.1
rearrr,0.3.5
reasonabletools,0.1
REAT,3.0.3
REBayes,2.60
rebib,0.5.0
rebird,1.3.0
rebmix,2.17.1
rebus,0.1-3
rebus.base,0.0-3
rebus.datetimes,0.0-2.1
rebus.numbers,0.0-1.1
rebus.unicode,0.0-2.1
RECA,1.7.1
recalibratiNN,0.3.2
recapr,0.4.4
RecAssoRules,1.0
recastlessons,0.1.0
receptiviti,0.2.1
recexcavAAR,0.3.0
recforest,1.0.2
rechaRge,1.0.0
rechonest,1.2
recipes,1.3.3
reclin2,0.6.0
recluster,3.5
recmap,1.0.20
recmetrics,0.1.0
Recocrop,0.4-2
recodeflow,0.1.0
recoder,0.1.2
recogito,0.2.1
recolorize,0.2.0
recombinator,1.0.1
recometrics,0.1.6-3
recommenderlab,1.0.7
recommenderlabBX,0.2-0
recommenderlabJester,0.2-0
Recon,0.3.0.0
reconstructKM,0.4.0
reconstructr,2.0.4
recor,1.0.3
recorder,0.8.2
RecordLinkage,0.4-12.6
Records,1.0
RecordTest,2.2.0
recosystem,0.5.1
rectpacker,1.0.0
recurrentpseudo,1.0.0
recurse,1.4.0
red,1.6.3
reda,0.5.6
ReDaMoR,1.0.0
REdaS,0.9.4
redatam,2.3.1
redatamx,1.3.0
redbookperu,0.0.3
redcapAPI,2.12.0
REDCapCAST,26.1.1
REDCapDM,1.0.1
REDCapExporter,0.3.5
REDCapR,1.6.0
REDCapSync,0.1.1
REDCapTidieR,1.2.5
redcas,0.1.1
redditadsR,0.1.0
RedditExtractoR,3.0.9
reddPrec,3.0.2
REddyProc,1.3.4
REddyProcNCDF,1.1.4
RedeAgroRadar,0.1.1
redeem,1.0.0
REDI,1.0.0
ReDirection,1.0.1
RedisBaseContainer,1.0.1
Rediscover,0.3.3
redist,4.3.2
redistmetrics,1.0.11
redistverse,0.1.2
redland,1.0.17-19
redlist,0.2.0
redlistr,1.0.4
rEDM,1.15.4
redoc,2.0.0.75
redquack,0.3.0
redux,1.1.5
reems,0.1.0
REEMtree,0.90.6
ref.ICAR,2.0.2
REFA,0.2.0
RefBasedMI,0.2.0
refdb,0.1.3
refer,0.1.0
referenceIntervals,1.3.1
REffectivePred,1.0.1
refineR,2.0.0
refinr,0.3.3
refitgaps,0.1.2
refitME,1.3.1
reflectR,2.1.4
reflimR,1.1.0
RefManageR,1.4.0
reformulas,0.4.4
refreg,0.1.1
refreshr,0.1.0
refseqR,1.1.5
refset,0.1.1
REFT,0.1.4
refuge,0.3.3
refugees,2025.12.1
refund,0.1-40
refund.shiny,1.1.1
refundBayes,0.6.0
RegAssure,1.0.0
RegCalReliab,0.2.0
regclass,1.7
RegCombin,0.4.1
regcorr,0.1.0
regda,1.0
RegDDM,1.1
regDIF,1.1.1
RegEnRF,1.0.0
regexSelect,1.0.0
regextable,0.1.1
reghelper,1.1.2
RegimeChange,0.1.1
regional,0.4.4
RegionalConsistency,1.0.0
regioncode,0.2.1
regions,0.1.8
registr,2.2.1
registry,0.5-1
RegKink,0.1.0
reglogit,1.2-8
regmed,2.1.5
regmedint,1.0.2
regmhmm,1.0.0
regMMD,0.1.0
regnet,1.0.2
regport,0.3.1
regr.easy,1.0.2
regrap,1.0.1
RegrCoeffsExplorer,1.2.0
regreplaceR,0.1.0
regress,1.3-22
regress3d,1.0.0
regressinator,0.3.0
RegressionFactory,0.7.4
regressoR,4.0.8
regrrr,0.1.3
regRSM,0.5
RegSDC,1.0.0
regsem,1.9.5
regspec,2.7
regsubseq,0.12
regtomean,1.2.1
regtools,1.7.0
rehh,3.2.3
rehh.data,1.0.1
ReinforcementLearning,1.0.5
ReIns,1.0.16
reinstallr,0.1.5
relaimpo,2.2-7
relatable,1.0.0
relations,0.6-17
RelativeDistClust,0.1.0
relcircle,1.0
reldist,1.7-2
RelDists,1.0.1
releaser,1.2.0
Relectoral,0.1.0
relevance,2.1
relevent,1.2-1
reliabilitydiag,0.2.1
ReliabilityTheory,0.3.1
reliacoef,1.0.1
ReliaGrowR,0.7
ReliaLearnR,0.5
ReliaPlotR,0.7
reliaR,0.2
ReliaShiny,0.5
relimp,1.0-5
RelimpPCR,0.3.0
relliptical,1.4.0
relMix,1.4.1
relSim,1.0.0
relsurv,2.3-3
rema,0.0.1
remaCor,0.0.20
remap,0.3.3
rematch,2.0.0
rematch2,2.1.2
remdata,0.2.0
remedy,0.1.0
ReMFPCA,2.0.0
remify,4.0.0
remindR,0.0.1
remiod,1.0.2
REMixed,1.1.2
REMLA,1.2.0
rEMM,1.2.1
remmy,0.1.0
remode,0.1.0
remote,1.2.3
remotePARTS,1.0.4
remotes,2.5.0
rempsyc,0.2.0
remss,1.0.1
remstats,4.0.0
remstimate,3.0.0
remulate,2.1.0
remverse,0.1.0
REN,0.1.0
rENA,0.3.1
rencher,0.1.6
REndo,2.5.0
Renext,3.1-5
renpow,0.1-1
rentrez,1.2.4
renv,1.2.3
Renvlp,3.4.5
RenvModule,1.1
RenyiExtropy,0.4.0
renz,0.2.1
repairData,0.1.0
repana,2.2.1
RepaymentPlan,0.1.0
RepeatABEL,2.0
repeated,1.1.10
RepeatedHighDim,2.5.0
repec,0.1.0
repello,1.0.1
repfdr,1.2.3
repfun,0.1.2
replacer,1.0.2
REPLesentR,0.4.1
Replicate,1.2.0
replicateBE,1.1.3
replicatedpp2w,0.1-6
ReplicationSuccess,1.3.3
Repliscope,1.1.1
repmis,0.5.1
repmod,0.4.11
repo.data,0.2.2
RepoGenerator,0.0.1
repolr,3.4
report,0.6.4
reporter,1.4.7
repoRter.nih,0.1.4
ReporterScore,0.2.5
reportfactory,0.4.0
reportr,1.3.1
reportReg,0.3.0
reportRmd,0.1.3
reportROC,3.6
ReportSubtotal,0.1.2
reporttools,1.1.4
REPPlab,0.9.6
REPPlabShiny,0.4.2
repr,1.1.7
represent,1.0.1
representr,0.1.6
represtools,0.1.3
reprex,2.1.1
reproducer,0.6.0
reproducible,3.1.1
reproducibleRchunks,1.2.0
reproducr,0.2.0
reproj,0.7.0
reproresearchR,0.1.1
ReproStat,0.1.2
REPS,1.1.1
repsd,1.0.1
repsim,0.1.0
reptiledb.data,0.0.0.2
repurrrsive,1.1.0
reqres,1.2.0
REQS,0.8-13
request,0.1.0
Require,2.0.0
requiRements,0.0.3
requireR,1.0.0.1
rerandPower,0.0.1
rerddap,1.3.0
rerddapUtils,1.0.2
rerddapXtracto,1.2.5
reReg,1.4.7
resample,0.6
resampledata,0.3.2
resampledata3,1.0
rescomp,1.0.0
resde,1.1
resemble,3.0.0
reservoir,1.1.5
reservoirnet,0.3.0
reservr,0.0.3
RESET,1.0.0
resevol,0.4.0.4
reshape,0.8.10
reshape2,1.4.5
RESI,1.3.2
RESIDE,0.3.2
ResidentialEnergyConsumption,1.1.0
resilience,2025.1.1
ResIN,2.3.1
ResIndex,0.1.0
ResistorArray,1.0-32
resizableSplitLayout,0.1.1
reslife,0.2.1
resLIK,0.1.2
reslr,0.2.0
resmush,1.0.2
resourcecode,0.5.4
resourcecodedata,1.0.0
resourcer,1.5.1
ResourceSelection,0.3-6
ResPBIBD,0.1.0
RespirAnalyzer,1.0.2
respirometry,2.0.2
respondeR,0.1.0
responsePatterns,0.1.1
respR,2.3.4
resquin,0.1.1
RESS,1.3
restatapi,0.25.0
restatis,0.4.1
restaurant,0.1.0
restez,2.1.5
restfulr,0.0.17
restimizeapi,1.0.0
RESTK,1.0.2
RestoreNet,1.0.1
restrictR,0.1.0
restriktor,0.6-50
RestRserve,1.2.4
result,0.1.0
resultcheck,0.2.1
ResultModelManager,0.6.2
resumer,0.0.5
resumiR,1.0.2
ReSurv,1.0.0
retel,0.1.1
rethinker,2.0.0
rethnicity,0.2.7
reticulate,1.46.0
retimer,0.1.3
retistruct,0.8.1
retmort,1.0.0
retriever,0.2.1
retrodesign,0.2.2
retroharmonize,0.2.8
retrosheet,1.1.7
retry,0.1.1
reval,3.1-0
ReVAMP,1.0.1
revdbayes,1.5.7
revealedPrefs,0.4.2
revealjs,0.10.0
reveneraR,1.0.1
reverseR,0.2
revert,1.0.0
RevGadgets,1.2.1
ReviewR,2.3.10
revise,0.1.0
reviser,0.1.1
revpref,0.1.0
RevSD,0.1.1
revss,3.1.0
Revticulate,1.0.0
revtools,0.4.1
rewie,0.1.0
rex,1.2.2
rexer,1.0.0
REXoplanets,0.1.2
rexpokit,0.26.6.15
rextendr,0.5.0
rextor,1.1.0
Rfacebook,0.6.15
rfacebookstat,2.14.0
rfacts,0.2.1
RFAE,0.1.0
rfair,0.1.0
rFAMS,0.0.3
rfars,2.0.4
Rfast,2.1.5.2
Rfast2,0.1.5.6
RFclust,0.1.2
rFDP,0.1.1
RfEmpImp,2.1.8
rFerns,6.0.0
rFIA,1.1.4
rfieldclimate,0.1.1
RFIF,1.0.2
rfinterval,1.0.0
rfishbase,5.0.3
RFishBC,0.2.7
rfisheries,0.2
Rfit,0.27.0
rflexscan,1.2.0
RFlocalfdr,0.9
RFlocalfdr.data,0.0.3
RFLPtools,2.0
rflsgen,1.2.2
rfm,0.4.0
RFmerge,0.3-3
RFmstate,0.1.2
Rfmtool,5.0.4
rfoaas,2.3.3
RFOC,3.4-14
rFocal,1.0
rfold,0.2.0
Rfolding,1.0
rfordummies,0.1.6
Rforestry,0.11.1.0
rformat,0.2.0
RFormatter,0.1.1
rfPermute,2.5.5
RFplus,1.5-4
RFPM,1.1
Rfractran,1.0.1
rfriend,3.2.0
rFSA,0.9.6
rFUSION,0.1
Rfuzzycoco,0.1.0
Rfuzzydid,1.1.2
rfVarImpOOB,1.0.3
rfvimptest,0.1.4
rfviz,1.0.1
rgabriel,0.9
RGAN,0.1.1
RGAP,0.1.1
rgbif,3.8.5
rgbIndices,0.1.1
RGBM,1.0-11
Rgbp,1.1.4
RGCCA,3.0.3
RGCxGC,1.2.0
RGE,1.0
rgee,1.1.8
rgeedim,0.4.0
rgen,0.0.1
RGenData,1.0
RGENERATE,1.3.8
RGENERATEPREC,1.3.2
RGenetics,0.1
rgenius,0.1.0
rgenoud,5.9-0.11
rgeoda,0.1.1
RGeode,0.1.0
rgeomorphon,0.3.0
rgeomstats,0.0.1
rgeopat2,0.4.1
RGF,1.1.1
Rgff,0.1.7
RGIFT,0.1-7
rgl,1.3.36
rgl.cry,0.1.1
rgl2gltf,1.0.7
rglobi,0.3.4
Rglottography,1.2.0
Rglpk,0.6-5.1
rglplus,1.3
rgm,1.2.1
rgml0,0.0.1
RGMM,2.1.0
RGN,1.0.0
rgnoisefilt,1.1.3
rgnparser,0.3.0
Rgof,3.3.0
rgoogleads,0.14.1
RGoogleAnalyticsPremium,0.1.1
rgoogleclassroom,1.0.0
RGoogleFit,0.4.0
RgoogleMaps,1.5.3
rgph,0.1.0
rgplates,0.6.1
rgraph6,2.0-5
RGraphics,3.0-2
RGraphSpace,1.4.1
rgrass,0.5-3
RGreenplum,0.1.2
RGremlinsConjoint,0.9.1
rGroovy,1.3
rgsp,0.2.0
rgsrs,0.1.0
rgTest,0.1
rgtmx,0.1.4
rgugik,0.4.2
rGV,0.0.6
rgw,0.3.0
RH2,0.2.5
rhandsontable,0.3.8
RHawkes,1.0
RHC,0.1.0
RHclust,3.0.0
rhcoclust,2.0.0
rheroicons,1.0.0
rhierbaps,1.1.4
rhino,1.12.0
rhmc,1.0.0
RHMS,1.7
rhnerm,1.1
rhoneycomb,2.3.4
rhoR,1.3.1
rhosa,0.3.0
RHPCBenchmark,0.1.0
RhpcBLASctl,0.23-42
RHRT,1.0.1
RHRV,5.0.0
RHSDB,0.2.0
rhub,2.0.1
RHybridFinder,0.2.0
rhymer,1.2.4
rhype,0.3.0
ri2,0.4.1
RI2by2,1.4
RIA,1.7.2
rIACI,1.0.0
riAFTBART,0.3.3
rib,0.30.4
ribd,1.7.1
RIbench,1.0.2
ribiosArg,1.5.0
ribiosGraph,1.1.0
ribiosIO,1.1.0
ribiosMath,1.2.0
ribiosPlot,1.3.0
ribiosUtils,1.7.7
ricci,0.1.1
rice,2.2.0
ricegeneann,1.0.2
riceidconverter,1.1.1
riceware,0.4
richCluster,1.0.2
Ricrt,0.1.0
rict,0.0.1
ricu,0.6.3
rid,0.0.1
RIdeogram,0.2.2
ridge,3.3
ridgeBART,1.0.2
ridgetorus,1.0.3
ridgregextra,0.1.1
ridigbio,0.4.1
riem,1.0.0
Riemann,0.1.7
RiemBase,0.2.6
riemtan,0.2.5
Riex,1.0.2
rifreg,1.1.0
RIFS,0.1.6
rifttable,0.7.2
Rigma,0.3.0
rigr,1.0.10
riingo,0.3.1
Rilostat,2.5.0
rim,0.8.1
RImageJROI,0.1.3
RImagePalette,0.1.1
RImpact,1.0
rimu,0.6
rinat,0.1.10
rineq,0.3.0
rinet,0.1.1
ring,1.0.8
ringbp,1.0.0
ringostat,0.1.5
ringSeg,0.1.0
RInside,0.2.19
RInSp,1.2.5
rintcal,1.4.1
rintimg,0.1.0
rintrojs,0.3.4
rio,1.3.0
rioja,1.0-7
rioplot,1.1.2
rip.opencv,0.3-1
ripc,1.0.0
ripserr,1.0.0
rirods,0.2.0
Rirt,0.0.2
RISCA,1.0.7
rise,1.0.4
rIsing,0.1.0
Risk,1.0
risk.assessr,4.1.1
riskclustr,0.4.1
riskCommunicator,1.0.1
riskdiff,0.3.0
RiskMap,1.0.0
riskmetric,0.2.7
riskParityPortfolio,0.2.2
RiskPortfolios,2.1.7
riskPredictClustData,0.2.6
riskRegression,2026.03.11
risks,0.4.3
riskscores,1.2.3
RiskScorescvd,0.3.1
risksetROC,1.0.4.1
riskSimul,0.1.2
riskutility,0.1.0
RiskyCNV,0.1.0
riskyr,0.5.0
RISmed,2.3.0
Rita,1.2.0
ritalic,0.12.0
Ritc,1.3
RITCH,0.1.30
ritis,1.0.0
RItools,0.3-5
riv,2.0-5
RiverBuilder,0.1.1
riverconn,0.3.31
riverdist,0.17.1
rivernet,1.2.3
Rivivc,0.9.1
rivnet,0.6.0
rivr,1.2-3
RivRetrieve,0.1.9
rix,0.18.2
rixpress,0.12.3
rjade,0.1.1
rjaf,0.1.3
RJafroc,2.1.2
rjags,4-17
RJalaliDate,0.1.0
rJava,1.0-18
rJavaEnv,0.3.0
rjd3bench,3.1.2
rjd3jars,0.0.4
rjd3production,1.1.0
rjd3providers,3.7.1
rjd3toolkit,3.7.1
rjd3tramoseats,3.7.1
rjd3workspace,3.7.1
rjd3x13,3.7.1
rjd3xjars,0.1.0
RJDBC,0.2-10
RJDemetra,0.2.8
rjdmarkdown,0.2.2
rjdqa,0.1.6
rjdworkspace,1.2.0
rje,1.12.1
rjqpd,0.2.3
RJSDMX,3.9.0
rjson,0.2.23
rjsoncons,1.3.3
RJSONIO,2.0.5
RJSplot,2.7
rjstat,0.4.3
rjtools,1.0.18.1
rjuliabugs,0.1.0
rjwsacruncher,0.2.3
rkaf,0.1.0
rkafkajars,1.2
RKaggle,0.1.1
RKEA,0.0-6
RKEAjars,5.0-4
RKEELdata,1.0.5
RKelly,1.0
rKenyaForex,0.1.0
rKIN,1.0.4
RkMetrics,1.3
rKolada,0.3.1
rKOMICS,1.3
RKorAPClient,1.2.1
rkriging,1.0.2
rkt,1.7
RKUM,0.1.1.1
rkvo,0.1
Rlab,4.5.1
Rlabkey,3.5.0
rLakeAnalyzer,1.11.4.1
rLakeHabitat,1.0.2
rlandfire,2.0.2
rlang,1.3.0
rlcv,1.0.0
rLDCP,1.0.2
rle,0.10.0
RLeafAngle,1.0
rleafmap,0.2.1
rlecuyer,0.3-8
rlemon,0.2.1
RLescalation,1.0.3
rless,0.1.1
rlfsm,1.1.2
rLFT,1.0.1
Rlgt,0.2-3
Rlibeemd,1.4.4
Rlibkdv,1.1
rlibkriging,1.0-0
rLifting,1.0.0
rliger,2.2.1
Rlinkedin,0.2
rlinkedinads,0.2.0
Rlinsolve,0.3.3
rlist,0.4.6.2
rlistings,0.2.13
rlmstudio,0.2.2
Rlof,1.1.3
rlog,0.2.0
RLogicalOps,0.1
RLoptimal,1.2.2
rlowdb,0.2.0
rlppinv,2.0.0
RLRsim,3.1-9
RLT,3.2.6
rLTP,0.1.4
RLumCarlo,0.1.10
RLumModel,0.2.11
RLumShiny,0.2.7
rly,1.7.8
RM.weights,2.0
RM2006,0.1.1
rmacrostrat,1.0.0
RMaCzek,1.6.1
rmake,1.2.2
RMallow,1.1
Rmalschains,0.2-11
rmangal,2.2.2
rmapshaper,0.6.1
rmapzen,0.5.1
rmarchingcubes,0.1.4
rmargint,2.0.3
RMariaDB,1.3.5
RMark,3.0.8
rmarkdown,2.31
rmass2,0.0.0.2
RMAT,0.2.0
rmatio,0.19.0
RMAWGEN,1.3.9.3
rmBayes,0.1.16
RMCC,0.1.2
RMCDA,0.3.1
rmcfs,1.3.6
RMCLab,0.1.0
rmcmc,0.1.2
rmcorr,0.7.0
rmdcev,1.3.0
RmdConcord,0.3
rmdd,0.0.0.1
rmdfiltr,0.1.5
rmdformats,1.0.4
rmdHelpers,1.3.1
rmdpartials,0.6.5
rmdplugr,0.4.1
rmdwc,0.3.1
rMEA,1.2.2
RmecabKo,0.1.6.2
RMediation,1.5.0
RMeDPower2,1.0.2
rmedsem,1.0.0
rmerec,0.1.1
rmet,0.1.0
rmeta,3.0
rmetalog,1.0.3
rmfanova,0.1.0
RMFM,1.1.0
Rmfrac,1.0.0
rmgarch,1.4-2
rMIDAS,1.0.1
rMIDAS2,0.1.1
rminer,1.5.0
rminqa,0.3.1
rmio,0.4.0
Rmisc,1.5.1
Rmixmod,2.1.10
RMixpanel,0.7-1
RMixtComp,4.1.5
RMixtCompIO,4.0.12
RMixtCompUtilities,4.1.6
RMKdiscrete,0.2
rmlnomogram,0.1.2
RMLPCA,0.0.1
RMM,0.1.0
RMOA,1.1.0
RMOAjars,1.2.0
Rmodule,1.0
Rmoji,0.1.0
Rmolt,1.0.0
rmon,1.1.0
Rmonize,2.0.0
rmonocypher,0.1.8
rmoo,0.3.2
RMOPI,1.1
rMosaic,0.1.3
Rmosek,1.3.5
rMOST,1.0.1
rmp,2.2
Rmpfr,1.1-2
Rmpi,0.7-3.4
rmpw,0.0.6
rms,8.1-1
rmsb,1.1-2
rmsBMA,0.1.2
RMSD,0.1.1
RMSDp,0.1.1
rmsfact,0.0.3
rmsfuns,1.0.0.1
rmsMD,1.0.1
RMSNumpress,1.0.1
RMSS,1.2.4
rmstBayespara,0.1.0
rmstcompsens,0.1.5
RMSTpowerBoost,1.0.3
rmt,1.0
RMT4DS,0.0.1
RMThreshold,1.1
RMTL,1.0.0
RMTstat,0.3.2
rMultiNet,0.1
rmumps,5.2.1-43
rmutil,1.1.10
RMVL,1.1.0.3
rMVP,1.4.6
rmweather,0.2.63
RMX,0.1-7
RMySQL,0.11.3
rmzqc,0.7.0
rnaCrosslinkOO,0.1.4
rnames,1.0.1
RNAmf,1.1.4
Rnanoflann,0.0.3
RNAseqNet,0.1.5
RNAseqQC,0.2.1
rnassqs,0.6.3
rnaturalearth,1.2.0
rnaturalearthdata,1.0.0
Rnaught,0.1.0
RnavGraphImageData,0.0.4
rnbp,0.2.2
RNCEP,1.0.11
rncl,0.8.9
RND,1.2
rNeighborGWAS,1.2.5
rNeighborQTL,1.1.2
RNentropy,1.2.3
rneos,0.4-1
Rnest,1.3
rnetcarto,0.2.6
RNetCDF,2.11-1
RNetLogo,1.0-4
RNewsflow,1.2.8
RNeXML,2.4.11
RNGforGPD,1.1.0
rngtools,1.5.2
rngWELL,0.10-10
RNifti,1.9.0
RNiftyReg,2.8.5
Rnightly,0.1.0
rnmamod,0.5.0
Rnmr1D,1.3.2
rnn,1.9.1
rnndescent,0.2.0
rnnmf,0.3.0
RNOmni,1.0.1.2
rnpn,1.4.2
rnr,0.2.1
rnrfa,2.1.0.7
Rnumerai,3.0.1
Rnvd3,1.0.0
roadDB,0.1.0
roadoi,0.7.3
roads,1.2.1
roahd,1.4.3
roam,0.1.0
ROAuth,0.9.6
rob,0.1.0
RobAStBase,1.2.7
RobAStRDA,1.2.2
robber,0.2.4
robcat,0.2
robCompositions,2.6.0
robcor,0.1-6.1
robcp,0.3.10
roben,0.1.2
RobExtremes,1.3.2
robfilter,4.1.6
robflreg,1.3
RobGARCHBoot,1.2.0
robin,2.0.0
RobinCar,1.2.0
RobinCar2,0.2.3
RobinCID,1.0.0
RobinHood,1.7.0
robis,2.11.3
RobKF,1.0.2
RobLox,1.2.3
RoBMA,4.0.0
robmed,1.3.0
robmedExtra,0.1.1
robmixglm,1.2-8
RobMixReg,1.1.3
robnptests,1.1.0
roboBayes,1.3
robomit,1.0.7
ROBOSRMSMOTE,1.0.0
robotoolbox,1.6.2
robotstxt,0.7.15
RobPC,1.4
RobPer,1.2.3
robqda,1.0
robRatio,0.1.0
robreg3S,0.3-1
robregcc,1.1
RobRegression,0.1.0
RoBSA,1.0.4
robscale,0.5.4
robsel,0.1.0
robservable,0.2.2
robslopes,1.1.4
RobStatTM,1.0.11
robStepSplitReg,2.0.0
robsurvey,0.7-3
RoBTT,1.3.1
robumeta,2.1
robust,0.7-5
robust.prioritizr,1.1.0
robust2sls,0.2.3
RobustAdaptiveDecomposition,0.1.0
RobustAFT,1.4-10
RobustANOVA,0.3.0
robustarima,0.2.7
robustbase,0.99-7
RobustBayesianCopas,2.0
robustbetareg,0.3.1
RobustBF,0.2.0
RobustCalibration,0.5.6
robustDA,1.2
robustDIF,0.2.0
robusTest,1.1.0
robustETM,1.0
robustfa,1.2-0
RobustFlow,0.1.1
robustGarch,0.4.2
RobustGaSP,0.6.8
robustHD,0.8.4
RobustIV,0.3.1
RobustLinearReg,1.2.0
robustlm,0.1.0
robustlmm,3.4-5
RobustLPA,0.1.0
robustmatrix,0.1.5
RobustMediate,0.1.1
robustmeta,1.2-1
RobustMetrics,0.1.1
RobustPrediction,0.1.7
robustrank,2024.1-28
RobustRankAggreg,1.2.1
robustrao,1.0-5
robustreg,0.1-11
robustSFA,0.2.0
robustsur,0.0-8
robustT2,0.1.0
robusttseq,0.1.0
robustvarComp,0.1-7
robustX,1.2-8
robvis,0.3.1
Robyn,3.12.1
ROCaggregator,1.0.1
rocbc,3.2.0
rocc,1.3
roccv,1.2
rOCEAN,1.0
ROCFTP.MMS,1.0.1
ROCit,2.1.2
rock,0.9.6
rockchalk,1.8.164
rocker,0.3.2
ROCket,1.0.3
RockFab,1.2.1
rockr,1.0.0
rockx,0.1.0
roclab,0.1.4
roclang,0.2.3
ROCModels,1.0.0
ROCnGO,0.1.0
rocNIT,1.0
rocnp,0.1.0
ROCnReg,1.0-9
rococo,1.1.10
ROCpsych,1.4
ROCR,1.0-12
rocrateR,0.1.0
ROCS,1.4
ROCSI,0.1.0
ROCsurvcomp,0.1.2
rocsvm.path,0.1.0
rocTools,0.1.3
rocvb,0.1.0
RODBC,1.3-26.1
RODBCDBI,0.1.1
rodd,0.2-1
rODE,0.99.6
rodeo,0.9.2
rofanova,1.0.1
roger,1.5-1
Rogue,2.2.1
ROI,1.0-2
ROI.format.cbf,0.1-0
ROI.models.globalOptTests,1.1-2
ROI.models.miplib,1.0-0
ROI.models.netlib,1.1-2
ROI.plugin.alabama,1.0-2
ROI.plugin.clarabel,0.3
ROI.plugin.cplex,0.3-0
ROI.plugin.deoptim,1.0-2
ROI.plugin.ecos,1.0-2
ROI.plugin.glpk,1.0-0
ROI.plugin.highs,1.0-4
ROI.plugin.ipop,1.0-0
ROI.plugin.lpsolve,1.0-2
ROI.plugin.msbinlp,1.0-1
ROI.plugin.neos,1.0-2
ROI.plugin.nloptr,1.0-1
ROI.plugin.optimx,1.0-1
ROI.plugin.osqp,1.0-2
ROI.plugin.qpoases,1.0-3
ROI.plugin.quadprog,1.0-1
ROI.plugin.scs,1.1-2
ROI.plugin.symphony,1.0-0
ROKET,1.0.0
rolap,2.5.2
rolescry,0.1.0
roll,1.2.1
rollama,0.3.0
rollbar,0.1.0
rolldown,0.2
rolleigen,1.0.0
rollinglda,0.1.4
rollout,0.1.0
rollshap,1.0.1
rollup,0.1.0
rollupTree,0.4.1
roloc,0.1-2
rolocISCCNBS,0.1
rolog,0.9.28
ROlogit,0.1.3
rolr,1.0.0
RolWinMulCor,1.2.0
RolWinWavCor,0.4.0
ROMDB,0.1.0
RoME,0.2.3
Romeb,0.1.2
romic,1.3.3
Romney,0.1.0
ronfig,0.0.10
Rook,1.2.1
ROOPSD,0.3.9
ROOT,0.1.1
RootscanR,0.0.1
RootsExtremaInflections,1.2.5
rootSolve,1.8.2.4
rope,1.0
ropenblas,0.4.0
ROpenCVLite,4.130.0
ROpenDota,0.1.2
ROpenFIGI,0.2.8
ropensecretsapi,1.0.1
ROpenWeatherMap,1.1
roperators,1.4.0
ropercenter,0.3.2
Ropj,0.3-6
ROptEst,1.3.5
roptim,0.1.7
ROptimus,3.0.0
roptions,1.0.3
ROptSpace,0.2.4
ROracle,1.5-1
rorcid,0.7.0
roroph,0.1.1
rorqual.morpho,0.1.1
rosario,0.1.1
ROSE,0.0-4
roseRF,0.1.0
rosm,0.3.1
rosmium,0.1.0
rospca,1.1.1
rosv,0.5.1
rotasym,1.2.0
rotationForest,0.1.3
rotations,1.6.6
rotatogram,0.1.3
rotio,0.1.0
rotl,3.1.1
rotor,0.3.7
rotulador,1.0.0
roughnet,1.0.1
RoughSets,1.3-8
roughsf,1.0.0
round,0.21-0.2
RoundAndRound,0.0.1
roundhouse,0.0.2
roundr,1.0.0
roundRobinR,1.0.1
roundwork,0.0.1
roundyh,0.1.0
routing,1.1.0
routr,2.0.0
roxigraph,0.1.2
roxut,0.4.0
roxy.shinylive,1.0.0
roxygen2,8.0.0
roxygen2md,1.0.1
roxyglobals,1.0.0
roxylint,0.1.0
roxytest,0.0.2
roxytypes,0.1.2
rPACI,0.2.2
rPackedBar,0.2.2
rpact,4.4.0
Rpadrino,0.0.5
rPAex,1.0.5
rpaleoclim,1.1.0
rPandas,0.1.4
rpanel,1.1-6.3
rPanglaoDB,0.2.1
Rparadox,0.2.2
rpart,4.1.27
rpart.LAD,0.1.3
rpart.plot,3.1.4
rpartScore,1.0-2
RPatternJoin,1.0.0
rPBK,0.2.5
rpc,2.0.3
rpca,0.2.3
Rpcop,1.2.3
rpcss,0.1.1
Rpdb,2.4.5
rPDBapi,3.0.1
RPDTest,0.0.2
RPEGLMEN,1.1.4
RPEIF,1.2.5
RPEnsemble,0.5
RPESE,1.2.7
RPesto,0.1.4
RPEXE.RPEXT,0.0.2
rpf,1.0.15
rpgconn,0.3.2
RPhosFate,2.0.1
rphylo,0.1.1
Rphylopars,0.3.10
rphylopic,1.6.0
rpinterest,0.3.1
RPIV,1.1.0
rplanes,0.1.0
rplec,0.1.3
rplotengine,1.0-9
RplotterPkg,0.1.5
rpls,0.6.0
rplum,1.0.0
rpm,0.7-4
RPMG,2.2-7
RPMM,1.25
rpmodel,1.2.3
rpms,0.5.1
rpnf,1.0.5
RPointCloud,0.9.1
Rpolyhedra,0.6.0
Rpoppler,0.1-3
rportfolio,0.0.3
rpostgis,1.6.0
RPostgres,1.4.10
RPostgreSQL,0.7-8
rPowerSampleSize,1.0.2
RPPanalyzer,1.4.9
RPPASPACE,1.0.10
rpql,0.8.3
rPraat,1.3.2-1
rPref,1.5.0
RPregression,0.1.0
RPresto,1.4.8
rprime,0.1.3
rprintf,0.2.1
RprobitB,1.2.0
RProbSup,3.0
Rprofet,3.1.1
rprofile,0.4.0
rprojroot,2.1.1
rprojtree,1.0.0
RProtoBuf,0.4.27
RPscoring,0.1.0
rpsftm,1.2.9
RPtests,0.1.5
rptR,0.9.23
rPublic,1.0.0
RPublica,0.1.3
RPushbullet,0.3.5
rpyANTs,0.0.6
RPyGeo,1.0.0
rpymat,0.1.9
rqcanon,0.1.0
rQCC,2.22.12
rqdatatable,1.3.3
RQdeltaCT,1.3.3
RQEntangle,0.1.3
rqlm,4.3-2
rqPen,4.2
rQSAR,1.0.0
rqti,1.2.1
Rquake,2.5-1
rqualify,1.0.2
RQuantLib,0.4.27
Rquefts,1.2-8
rquery,1.4.99
rquest,1.0.5
rquiz,1.0.0
rr,1.4.2
rr2,1.1.1
Rramas,0.1-8
rrandvec,1.0.0
rrapply,1.2.8
rrat,1.0.0
Rraven,1.0.16
rrBLUP,4.6.3
RRBoost,0.2
rrcov,1.7-7
rrcov3way,0.6-1
rrcovHD,0.3-1
rrcovNA,0.5-3
rrda,0.2.3
Rrdap,1.0.7
rredlist,1.1.1
rrefine,2.1.0
rreg,0.2.1
rregm,1.2
rrepast,0.8.0
Rrepest,1.6.14
rres,1.1
RRF,1.9.4.1
RRgeo,0.0.6
RRI,1.1
rriskDistributions,2.1.2
rrMixture,0.1-2
RRMLRfMC,0.4.0
RRmorph,0.0.2
RRNA,1.2
rrnni,0.1.1
rroad,0.0.5
rrobot,0.1.3
rrpack,0.1-14
RRphylo,3.0.2
RRPP,2.2.0
rrr,1.0.0
RRreg,0.7.6
RRRR,1.1.1
rrscale,1.0
rrstools,1.1.0
rrtable,0.3.4
RRTCS,0.0.4
rrum,0.2.2
RSA,0.10.8
RSADBE,1.0
rsae,0.3
rSAFE,0.1.4
RSAGA,1.4.2
Rsagacmd,0.4.3
rsample,1.3.2
Rsampling,0.1.1
rsamplr,0.2.0
RSAtools,0.1.2
rsatscan,1.0.10
RSBJson,1.1.2
RSC,2.0.5
rSCA,3.1
RSCAT,1.1.3
rscc,0.2.1
RScelestial,1.0.4
RSclient,0.7-12
rsconnect,1.10.0
rscontract,0.1.2
rscopus,0.9.0
rscorecard,0.33.0
RSD,0.2.0
RSDA,3.2.5
RSDC,1.1-2
rsdepth,0.1-22
rSDI,0.2.2
RSDK,1.0.1
rsdmx,0.6-5
rsdNE,1.3.0
rSDR,1.0.3.0
rsdv,0.2.0
RSE,1.3
rSEA,2.1.2
Rsearch,1.0.0
rseedcalc,1.3
rsei,0.1.0
RSEIS,4.2-4
RSelenium,1.7.10
rsem,0.5.1
RSentiment,2.2.2
Rserve,1.8-19
rsf,0.3.0
rSFA,1.5
Rsfar,0.0.1
Rsgf,1.0.0
rsgl,0.1.0
rshift,3.1.2
rsi,0.3.3
rsides,0.1
RSiena,1.6.6
RsimdDispatch,0.1.1
rsimsum,0.13.1
rsinaica,1.2.0
rsixel,0.0.4
RSizeBiased,0.1.0
RSKC,2.4.2
rskey,0.4.19
rslp,0.2.0
rslurm,0.6.2
rsm,2.10.6
RSmallTelescopes,1.0.4
RSmartlyIO,0.1.3
rsmatch,0.2.1
rsmatrix,0.2.10
Rsmlx,2024.1.0
rsnell,0.1
RSNNS,0.4-18
RSO,1.0.0
rsocialwatcher,0.1.1
rsocsim,1.9.18
rsofun,5.1.0
rsoi,0.5.8
Rsolnp,2.0.1
rsolr,0.0.14
Rsomoclu,1.7.7
RSP,0.5
rspa,0.2.8
rspacer,0.3.1
rSPARCS,0.1.1
rsparkling,0.2.19
rsparse,0.5.3
Rspc,1.2.2
rSPDE,2.5.2
rspdlite,0.1.0-1
RSpectra,0.16-2
rSpectral,1.0.0.16
RSpincalc,1.0.2
rspiro,0.5
rspm,0.7.0
Rspotify,0.1.2
rsppfp,1.0.4
rsprite2,0.2.1
rsq,2.7
RSQL,0.2.2
RSQLite,3.53.3
RSQLite.toolkit,0.1.3
RSqlParser,1.5
RsqMed,1.1
RSquaredMI,0.2.0
rSRD,0.2.0
Rssa,1.1
RSSampling,1.0
RsSimulx,2024.1
RSSL,0.9.8
RSSOP,1.1
RSSRMR,0.1.0
RSStest,1.0
RSSthemes,1.0.0
rstac,1.0.1
rstack,1.0.1
rstackdeque,1.1.1
rstan,2.32.7
rstanarm,2.32.2
rstanbdp,0.0.3
rstanemax,0.1.10
rstantools,2.6.0
RStanTVA,0.3.2
RStata,1.1.2
rstatix,1.0.0
Rstg,0.0.1
rstiefel,1.0.1
RStoolbox,1.0.2.2
rstpm2,1.7.1
RSTr,1.1.4
rStrava,1.3.4
rstream,1.3.7
rstudio.prefs,0.1.9
rstudioapi,0.19.0
rstudiothemes,1.1.2
Rsubbotools,0.0.1
rsubgroup,1.1
rsurface,1.1.0
Rsurrogate,3.2
rsurv,0.0.2
rsurveycto,0.2.6
rsurvstat,0.1.4
rsvd,1.0.5
rsvddpd,1.0.1
rsvg,2.7.0
rswipl,10.1.9
Rsymphony,0.1-33
rsyncrosim,2.1.13
rsyntax,0.1.4
rsynthbio,4.2.0
rsyslog,1.0.3
rt,1.1.0
rt.test,1.18.7.9
rt3,0.1.2
rTableICC,1.0.9
rtables,0.6.16
rtables.officer,0.1.2
rtabulator,0.1.2
Rtauchen,1.0
RTaxometrics,3.2.1
RTCC,0.1.1
rTCRBCRr,0.1.1
RTD,0.4.2
RTDE,0.2-2
rtdists,0.11-6
rtemis,1.2.7
rtemis.a3,0.5.3
rtemis.core,0.3.1
rtemis.llm,0.8.1
rtemps,0.8.0
rTensor,1.5.0
rTephra,0.1
rtern,0.1.2
rtestim,1.0.2
RTextTools,1.4.3
RTFA,0.1.0
rtForecastEval,0.1.0
rTG,1.0.4
rtgstat,0.3.6
Rthingsboard,0.2.7
rticles,0.27
rticulate,2.2.0
rtiddlywiki,0.5.2
rtide,0.0.11
rtika,3.2.3
rtiktokads,0.3.4
rtiktoken,0.0.7
Rtinycc,0.1.10
rtip,1.1.1
rtist,1.0.0
rtk,0.2.7
RTL,1.3.9
RTLknitr,1.1.1
rtlr,0.1.0
rTLS,0.2.6.1
RTMB,1.9
RTMBdist,1.0.4
rtmpinv,2.0.0
rtmpinvi,2.0.0
rtmpt,2.0-3
rtms,0.2.0
rtmsEcho,0.2.4
Rtnmin,2016-7.7
rtodoist,0.4.0
rtoot,1.0.0
rtop,0.6-17
rTPC,1.1.0
rtpcr,2.1.8
Rtrack,2.0.4
RTransferEntropy,0.2.21
rtransparency,1.0.0
rtrees,2.0.2
rtrek,0.5.2
rtrend,0.1.5
rtrends,0.1.0
RTriangle,1.6-0.15
rtrim,2.3.1
rTRIPLEXCWFlux,0.2.0
rTRNG,4.23.1-5
Rtropical,1.2.1
rtry,1.1.0
rts,1.1-14
rts2,1.0.3
RTSA,0.2.2
RtsEva,1.1.0
Rtsne,0.17
rtson,1.3
Rttf2pt1,1.3.14
Rtumblr,0.1.1
Rtwalk,2.0.1
rTwig,1.4.0
Rtwobitlib,0.3.10
rtype,0.1-1
rtypeform,2.1.1
rucrdtw,0.1.7
rugarch,1.5-5
RuHere,1.0.1
Ruido,1.0.3
ruijter,0.1.3
ruler,0.3.1
rules,1.0.3
RulesTools,0.1.1
rUM,2.3.0
rumidas,0.1.3
ruminate,0.3.2
runcharter,0.2.0
runDRT,0.1.0
runes,0.1.0
runExamplesWrapper,1.1
runexp,0.2.1
RUnit,0.4.33.1
runjags,2.2.2-5
runMCMCbtadjust,1.1.3
runner,0.4.6
runonce,0.3.3
Runuran,0.41
rupturesRcpp,1.0.2
rurality,0.1.1
rurl,1.2.0
rush,1.1.0
rusk,0.1.1
rust,1.4.4
rutifier,1.0.4
rutledge,0.1.1
ruv,0.9.7.1
RVAideMemoire,0.9-83-12
rvalues,0.7.1
Rvcg,0.25
rvcheck,0.2.1
RVCompare,0.1.8
rvec,1.0.1
Rveg,0.1.11
RVerbalExpressions,0.1.1
rversions,3.0.0
rvertnet,0.8.4
rvest,1.0.5
rvg,0.4.2
rvHPDT,4.0
RViennaCL,1.7.1.8
rviewgraph,1.4.2
rvif,3.2
rvinecopulib,0.7.3.1.0
RVIpkg,0.3.4
rvisidata,1.0.0
rvkstat,3.3.2
rvMF,0.1.2
rvolleydata,2.0.0
Rvoterdistance,2.0.0
rvtk,0.1.3
rwa,0.1.1
rwalkr,0.5.7
rwarrior,0.4.1
Rwave,2.6-5
rwavelet,0.4.1
Rwbo,0.1.2
rwc,1.12
RWDataPlyr,0.6.6
RweaveExtra,1.3-1
RWeka,0.4-48
RWekajars,3.9.3-2
rwetools,0.2.0
rwfec,0.2
RWgraph,1.0.0
rwhatsapp,0.2.4
Rwhois,1.0.16
rwicc,0.2.0
RWiener,1.3-3
rwig,0.1.0
RWildbook,0.9.3
RWinEdt,2.0-6
rWishart,0.1.2
rwisp,1.0.5
rwlifetable,0.1.0-6
RWNN,0.4
Rwofost,0.8-7
rworkflows,1.0.12
rworldmap,1.3-8
rworldxtra,1.01
RWsearch,5.2.6
rwstats,0.1
rwty,1.0.3
rwunderground,0.1.8
RXKCD,2.0.1
RxnSim,1.0.4
rxode2,5.1.2
rxode2ll,2.0.14
rxode2mrgsolvebridge,0.1.0
rxref,0.4.0
rxSeq,0.99.3
rxylib,0.2.14
Ryacas,1.1.6
ryandexdirect,3.6.6
RYandexTranslate,1.0
rym,1.1.2
rYoutheria,1.0.3
rytstat,0.3.2
rYWAASB,0.4
rzentra,0.1.0
RZigZag,0.2.1
rzmq,0.9.16
RZooRoH,0.4.1
s2,1.1.11
s20x,3.3.0
s2dv,2.3.0
s2net,1.0.7
s3,1.1.0
s3.resourcer,1.1.2
s3fs,0.1.7
S3VS,1.0
S4DM,0.0.2
S7,0.2.2
s7contract,0.1.0
S7schema,0.1.1
saber,0.7.2
sabre,0.4.3
saccadr,0.1.3
SACCR,3.4
saCI,0.1.0
sacRebleu,0.2.0
sad,0.1.3
SADEG,1.0.0
SADISA,1.2
sadists,0.2.5
sads,0.6.5
sae,1.3
sae.projection,0.1.5
sae.prop,0.1.2
sae2,1.2-2
sae4health,1.2.3
saeBest,0.1.0
saebnocov,0.1.0
saeczi,0.2.0
saeeb,0.1.0
saeHB,0.2.3
saeHB.ME,1.0.1
saeHB.ME.beta,1.1.0
saeHB.panel,0.1.1
saeHB.panel.beta,0.1.5
saeHB.spatial,0.1.1
saeHB.Spatial.Beta,0.1.0
saeHB.TF.beta,0.2.0
saeHB.twofold,0.1.2
saeHB.unit,0.1.0
saeHB.ZIB,0.1.1
saekernel,0.1.1
saeME,1.3.1
saemix,3.5
saens,0.1.2
saePseudo,0.1.0
saeRobust,0.5.0
saery,2.0
saeSim,0.13.0
saeTrafo,1.0.6
SAEval,1.0.0
SAFARI,0.1.0
SAFD,2.1
safeframe,1.0.0
safejoin,0.2.0
SAFEMCN,1.0.0
SAFEPG,0.0.1
safer,0.2.2
saferDev,1.0.0
safestats,0.8.7
safetensors,0.2.1
safetyData,1.0.0
SafeVote,1.0.2
sageR,0.7.0
SAGM,1.0.0
SAGMM,0.2.5
sAIC,1.0.1
SailoR,1.2
SAiVE,1.0.6
SAKERNAS,0.1.0
sakura,0.1.0
salad,1.2
salem,1.0.1
SALES,1.0.2
salesforcer,1.0.2
salmonMSE,2.1.0
salso,0.3.78
SALTSampler,1.1.0
salty,0.1.2
SAM,1.3
samadb,0.3.1
SAMBA,1.0.0
samc,4.2.1
SAME,0.1.0
sameplot,0.1.0
SAMGEP,0.1.0-1
samon,4.0.2
sampbias,2.0.0
sampcompR,0.3.3
SampleCore,0.1.0
sampledatasets,0.1.0
sampler,0.2.4
sampleSelection,1.2-14
samplesize,0.2-4
SampleSize4ClinicalTrials,0.2.3
samplesize4surveys,4.1.1
SampleSizeCalculator,0.1.0
samplesizeCMH,0.0.3
SampleSizeDiagnostics,0.1.1
samplesizeestimator,1.0.0
samplesizelogisticcasecontrol,2.0.2
SampleSizeMeans,1.2.3
SampleSizeProportions,1.1.3
SampleSizeSingleArmSurvival,0.1.0
sampleVADIR,1.0.0
samplex,0.3.0
samplezoo,1.2.1
sampling,2.11
SamplingBigData,1.0.0
samplingbook,1.2.4
samplingin,1.1.1
samplingR,1.0.1
SamplingStrata,1.5-5
samplingVarEst,1.5
samplr,1.1.2
samplrData,1.0.0
SAMprior,3.0.0
sampsizeval,1.0.0.0
samr,3.0.1
sams,0.4.3
SAMtool,1.9.2
SAMTx,0.3.0
SAMUR,1.1
sanba,0.0.4
sand,2.0.0
sandbox,0.2.2
sandwich,3.1-1
SanFranBeachWater,0.1.0
SangerTools,1.0.2
sanic,0.0.2
sanitizers,0.1.1
sanityTracker,0.1.0
sanketphonetictranslator,0.1.0
sankey,1.0.2
sankeywheel,0.1.0
sanon,1.6
SANple,0.2.0
sansa,0.0.1
santaR,1.2.4
SANvi,0.1.1
sanzo,0.1.0
SAP,1.0
sapevom,0.2.0
sapfluxnetr,0.1.5
sapo,0.8.0
SAPP,1.0.9-4
saqgetr,0.2.24
SAR,1.0.4
sara4r,0.1.0
sarima,0.9.5
saros,1.6.2
saros.base,1.2.0
SARP.compo,0.1.8
SARP.moodle,1.2.3
sarp.snowprofile,1.4.1
sarp.snowprofile.pyface,0.4.3
sars,2.1.1
sarsop,0.6.16
sas7bdat,0.8
SAScii,1.0.2
SASdates,0.1.0
sasif,0.1.3
sasLM,1.0.0
SASmarkdown,0.8.7
SASmixed,1.0-5
sasquatch,0.1.3
sasr,0.1.5
sass,0.4.10
sassy,1.3.2
satdad,1.1
sate,3.1.1
satellite,1.0.6
satin,1.2.0
satres,1.1.1
SaturnCoefficient,1.6
SAutomata,0.1.0
SAVER,1.1.2
savonliquide,0.2.0
savvyGLM,0.1.4
savvyPR,0.1.2
savvyr,0.1.2
savvySh,0.1.1
sawnuti,0.1.1
saws,0.9-7.0
sazedR,2.0.2
SBAGM,0.1.0
sbd,0.1.0
sbde,1.0-2
SBdecomp,1.2
sbfc,1.0.3
sbgcop,1.0
SBI,0.1.2
sBIC,0.2.0
SBICgraph,1.0.0
sbim,1.0.0
sbl,0.1.0
sbm,0.4.7
SBmedian,0.1.2
sbmSDP,0.2
SBMTrees,1.5
SBN,1.0.0
SBOAtools,0.1.1
sboost,0.1.2
sbrl,1.4
SBSDiff,0.1.0
sbtools,1.4.1
sbw,1.2
SC2API,1.0.0
sc2sc,0.0.1-19
sca,0.9-2
scagnostics,0.2-6
scalablebayesm,0.2
scaleAlign,1.0.0.0
scaledescr,0.2.7
Scalelink,1.0-2
scales,1.4.0
ScaleSpikeSlab,1.0
scalreg,1.0.1
scam,1.2-22
scan,0.68.1
scanCP,0.1.0
scanstatistics,1.1.2
scape,2.3.5
scaper,0.2.0
scapesClassification,1.0.0
scapGNN,0.1.4
scar,0.2-2
scaRabee,1.1-5
scatr,1.0.1
scatterbar,0.1.0
scatterD3,1.0.2
ScatterDensity,0.1.1
scattermore,1.2
scatterpie,0.2.6
scatterplot3d,0.3-45
scatterPlotMatrix,0.3.0
SCBiclust,1.0.2
scBio,0.1.6
SCBmeanfd,1.2.3
scBSP,1.1.0
scbursts,1.6
scCATCH,3.2.2
sccca,0.1.1
sccic,0.1.1
scclust,0.2.5
sccore,1.0.7
sccr,2.1
SCCS,1.7
scCustomize,3.3.0
SCDA,0.0.2
SCDB,0.6.2
scDECO,0.1.1
scdensity,1.0.3
scDHA,1.2.3
scdhlm,0.7.4
scDiffCom,1.2.0
scDIFtest,0.1.1
scdtb,0.2.0
SCE,1.1.4
scellpam,1.4.7
SCEM,1.2.0
scenes,0.1.0
scenfire,0.1.0
SCEnt,0.0.1
SCEPtER,0.2-4
SCEPtERbinary,0.1-1
sceua,0.1.1
scf,1.0.10
SCFMonitor,0.3.5
scGate,1.7.2
SCGLR,3.1.0
scGOclust,0.2.1
scgwr,0.1.2-21
SChangeBlock,0.1.1
sched,1.0.3
schemate,0.1.0
schematic,0.1.2
schemr,0.3.1
schmear,0.1.0
schoenberg,2.0.3
scholar,0.2.6
scholid,0.2.0
scholidonline,0.2.0
SchoolDataIT,0.2.13
schoolmath,0.4.2
schoRsch,1.11
schrute,1.0.1
schumaker,1.2.2
schwabr,0.1.4
SCI,1.0-3
SCIBER,0.2.2
scico,1.5.0
scicomptools,1.1.1
scidesignR,1.0.0
scientific,2025.1
scientoText,0.1
scifigure,0.2
scilintr,0.1.1
scimetr,1.2.0
scimo,0.0.3
scindex,0.1.0
scINSIGHT,0.1.5
scip,1.10.0-3
sciplot,1.2-0
SCIproj,1.0.1
scipub,1.3.0
sciRmdTheme,0.1
scISR,0.1.1
scistreer,1.2.1
scitb,0.2.2
scITD,1.0.4
SciViews,0.9-13.2
sClust,1.0
scMappR,1.0.12
scMetaTraj,0.1.1
scModels,1.0.5
scmSpillover,0.1.2
scOntoMatch,0.1.1
scoper,1.5.0
scopr,0.3.5
SCOPRO,0.1.0
scopusflow,0.1.0
SCOR,1.1.2
score,1.0.2
scorecard,0.4.6
scorecardModelUtils,0.0.1.0
scoredec,0.1.2
ScoreEB,0.1.1
scorematchingad,0.1.6
scorepeak,0.1.2
SCoRES,0.1.2
scoring,0.6
scoringfunctions,1.1
scoringRules,1.1.3
scoringutils,2.2.0
SCORNET,0.1.1
SCORPION,1.3.2
ScottKnott,1.4-0
ScottKnottESD,2.0.3
scout,1.0.4
scoutbaR,0.2.5
SCOUTer,1.0.0
scov,2.0.0
scPairs,0.1.8
SCperf,1.1.1
scperturbR,0.1.0
scpi,4.0.1
scPloidy,0.6.2
scplot,0.7.0
scpoisson,0.0.2
scpropreg,1.2
SCpubr,3.0.1
scqe,1.0.0
scquantum,1.0.0
scR,0.7.0
scraEP,1.2
scrapeR,0.1.8
scrappy,0.0.1
ScreenClean,1.0.1
ScreeNOT,0.1.0
screenshot,0.9.2
screenshotbase,0.1.0
scregclust,0.2.4
scribe,0.3.0
scrime,1.3.7
script,0.1.3
scriptexec,0.3.1
scriptloc,1.0.0
ScriptMapR,0.0.3
scriptName,1.0.1
scriptuRs,0.1.0
scrm,1.7.5
scRNAstat,0.1.1.2
scrobbler,1.0.3
scrollrevealR,0.2.0
scROSHI,1.0.0.0
scrutiny,0.6.1
scrutr,0.3.1
scrypt,0.1.6
scryr,1.0.0
scs,3.2.7
scSpatialSIM,0.1.4
scTenifoldKnk,1.0.3
scTenifoldNet,1.3
SCtools,0.3.3.1
sctransform,0.4.3
scuba,1.11-1
scutr,0.2.0
sd2R,0.2.1
sda,1.3.9
SDaA,0.1-5
sdafilter,1.0.1
SDALGCP2,0.1.0
sdamr,0.2.0
SDAR,0.9-55
SDAResources,0.1.1
sdbuildR,2.0.0
sdc.redistribute,0.1.0
sdcHierarchies,0.23.1
sdcLog,0.5.1
sdcMicro,5.8.2
SDCNway,1.0.1
sdcSpatial,0.6.1
sdcTable,0.34.0
sde,2.0.21
SdeaR,1.1.1
sdetorus,0.1.10
sdf.test,0.0.1.0
SDGdetector,2.7.3
SDGLM,0.4.0
SDI,0.1.0
SDLfilter,2.3.3
sdlrm,0.1.2
sdm,1.2-59
SDModels,2.0.2
sdmpredictors,0.2.15
sdmTMB,1.1.0
SDMtune,1.3.3
sdmvspecies,0.3.2
SDPDmod,0.0.7
sdPrior,1.0-0
sdprisk,1.1-6
SDPrism2D,0.1.1
sdrt,1.0.0
sdsfun,0.8.1
sdstudio,0.2.0
SDT,1.0.0
sdtm.oak,0.2.0
sdtm.terminology,2025-3-25
sdtmchecks,1.0.0
sdtmval,0.4.1
sdwd,1.0.5
SE.EQ,1.0
SEA,2.0.1
seacarb,3.3.4
SEAGLE,1.0.1
SeaGraphs,0.1.3
SEAHORS,1.9.0
seairmobility,0.1.0
sealasso,0.1-3
searchAnalyzeR,0.1.0
searcher,0.0.7
SearchTrees,0.5.5
SEARS,0.1.0
seas,0.7-0
SeasEpi,0.0.3
season,0.3.16
seasonal,1.10.0
seasonalityPlot,1.3.1
seasonalview,1.0.0
seasonalytics,0.1.0
SeaSondeR,0.2.8
seastests,0.15.4
SeaVal,1.2.0
SeBR,1.1.0
SECFISH,0.1.7
SECP,0.1.5
secr,5.4.3
secrdesign,2.10.1
secret,1.1.0
secretbase,1.3.0
SecretsProvider,1.0.1
secrettext,0.1.0
secrfunc,1.0.0
secrlinear,1.2.5
secsse,3.7.0
sectorgap,0.1.0
secuTrialR,1.3.3
sedproxy,0.7.6
see,0.14.1
seeclickfixr,1.1.0
seecolor,0.2.0
seedCCA,3.1
seededlda,1.4.4
SeedImbibition,0.1.0
SeedMaker,1.0.0
seedr,0.3.0
SeedVigorIndex,0.1.0
seekr,0.1.4
seer,1.1.8
SEERaBomb,2019.2
seewave,2.2.4
segclust2d,0.3.3
SegCorr,1.2
segen,2.0.0
SegEnvIneq,1.2
segmag,1.2.4
segmented,2.2-1
segmenTier,0.1.2
segmentr,0.2.0
segmetric,0.3.0
segMGarch,1.3
segRDA,1.0.2
segregation,1.1.0
segregatr,0.5.0
segtest,2.0.0
seguid,0.1.0
sehrnett,0.1.0
SEI,0.2.0
seine,0.1.2
seinfitR,1.0.1
SEIRfansy,1.1.1
seirMFG,0.1.0
seismic,1.1
seismicRoll,1.1.5
sejmRP,1.3.4
Sejong,0.01
SEL,1.0-4
selcorr,1.0
Select,1.6
selecta,0.6.0
selectapref,0.1.2
SelectBoost,2.3.0
SelectBoost.beta,0.4.5
SelectBoost.FDA,0.5.0
SelectBoost.gamlss,0.2.2
SelectBoost.quantile,0.3.1
selection.index,2.0.1
SelectionBias,2.1.0
selectiongain,2.0.710
selectiveInference,1.2.5
selectMeta,1.0.9
selectr,0.6-0
selectspm,0.7
selectTWFE,0.2.1
SeleMix,1.0.4
selenider,0.4.1
selenium,0.2.0
SELF,0.1.1
SelfControlledCaseSeries,6.1.5
SelfControlledCohort,2.0.0
selfingTree,0.2
seliNDRIx,0.1.2
sem,3.1-16
semantic.assets,1.1.0
semantic.dashboard,0.2.1
SemanticDistance,0.1.1
semanticfa,0.1.1
semaphore,1.2.0
semboottools,0.1.2.1
SEMdeep,1.1.1
semdrw,0.1.0
semds,0.9-7
semEff,0.7.2
semEffect,1.2.3
semfindr,0.2.0
semgram,0.1.0
SEMgraph,1.2.4
semhelpinghands,0.1.14
semiArtificial,2.4.1
semicmprskcoxmsm,0.2.0
SemiCompRisks,3.4
semicontMANOVA,0.2
SEMID,0.5.1
semidist,0.1.0
SemiMarkov,1.4.6
seminr,2.5.0
seminrExtras,1.0.2
SemiPar.depCens,0.1.3
SemiparMF,1.0.0
semlbci,0.11.6
semlrtp,0.1.1
semmcci,1.1.6
semnar,0.8.2
SemNeT,1.4.5
SemNetCleaner,1.3.7
SemNetDictionaries,0.2.1
semnova,0.1-6
semPlot,1.1.8
semPower,2.1.3
semptools,0.3.3
SEMsens,1.5.5
SEMsensitivity,0.1.0
semsfa,1.2
semTests,0.9.0
semTools,0.5-8
semtree,0.9.23
semver,0.2.1
senatebR,0.1.0
sendgridr,0.6.1
sendigR,1.0.0
sendmailR,1.4-1
sense,1.1.0
sensemakr,0.1.6
senseR,0.1.0
senseweight,0.0.1
SensIAT,0.3.0
sensibo.sky,1.0.0
sensiPhy,0.8.5
sensitivity,1.31.0
sensitivity2x2xk,1.01
SensitivityCaseControl,2.2
sensitivityfull,1.5.6
sensitivityIxJ,0.1.5
sensitivitymult,1.0.2
sensitivitymv,1.4.4
sensitivitymw,2.1
SensMap,0.7
sensmediation,0.3.1
sensobol,1.1.9
SensoMineR,1.28
sensortowerR,1.0.1
sensory,1.1
SenSpe,1.3
sensR,1.5-3
SenSrivastava,2015.6.25.1
senstrat,1.0.3
sentencepiece,0.2.5
sentiment.ai,0.1.1
SentimentAnalysis,1.3-5
sentimentr,2.9.0
sentixr,0.2.0
sentometrics,1.0.1
sentopics,0.7.6
sentryR,1.1.2
SEofM,0.1.0
SEPA,0.1.0
SEPaLS,0.1.0
sEparaTe,0.3.2
separationplot,1.4
sepkoski,0.0.1
SepTest,0.0.1
seq2R,2.0.1
SeqAlignR,0.1.1
seqcomp,0.1.0
seqDesign,1.2
seqgendiff,1.2.4
seqhandbook,0.1.2
seqHMM,2.2.0
seqimpute,2.2.1
seqinr,4.2-44
SeqKat,0.0.9
SeqMADE,1.0
seqmagick,0.1.8
seqminer,9.9
seqmon,2.5
seqSHP,0.1.1
SEQTaRget,1.4.3
seqtest,0.1-0
seqtrie,0.4.0
sequenceR,1.0.1
SequenceSpikeSlab,1.0.1
Sequential,4.6.1
sequential.pops,0.1.1
SequentialDesign,1.0
sequoia,3.2.0
seqwrap,0.7.0
serad,0.2.2
sergeant,0.9.1
serial,3.1.1
seriation,1.5.8
serieshaz,0.2.0
serieslcb,0.4.0
serocalculator,1.4.1
serodynamics,0.1.0
serofoi,1.0.3
SerolyzeR,1.4.1
seroreconstruct,1.1.5
serosv,1.3.0
SeroTrackR,1.1.1
serp,0.2.5
serpstatr,0.4.3
serrsBayes,0.5-0
servr,0.33
SEset,1.0.1
SESraster,0.7.1
sessioncheck,0.1
sessioninfo,1.2.4
set,1.2
setariaviridis,0.1.0
setartree,0.2.1
SetMethods,4.1
setRNG,2024.2-1
sets,1.0-25
SetTest,0.3.0
settings,0.2.7
settingsSync,3.0.2
setweaver,1.0.0
setwidth,1.1.0
Seurat,5.5.1
SeuratExplorer,0.1.6
SeuratObject,5.4.0
sevenbridges2,0.4.0
sever,0.0.7
sewage,0.2.5
sf,1.1-1
sfa,1.0.4
sfadv,1.0.1
sfaR,1.0.1
sfarrow,0.4.1
sfc,0.1.1
sfcentral,0.1.3
sfclust,1.0.1
sfcr,0.2.3
sfcurve,1.0.1
sfd,0.1.0
sfdct,0.3.0
sfdep,0.2.5
SFDesign,0.1.5
sffdr,1.1.2
sFFLHD,0.1.2
sfheaders,0.4.5
sfhelper,0.2.2.0
SFHNV,0.1.0
sfhotspot,1.0.0
sfinx,1.7.99
sfislands,1.1.2
SFM,0.2.1
sfnetworks,0.6.6
SFOCDs,1.2.0
SFPL,1.0.1
sfReapportion,0.2.0
sfsmisc,1.1-24
sft,2.4
sftime,0.3.2
SFtools,0.1.0
sftpR,0.2.0
sftrack,0.5.5
sg,0.2.0
sgapi,1.1.2
SGB,1.0.1.1
sGBJ,0.1.1
sgboost,0.2.0
sgd,1.1.3
sgdGMF,1.0.1
SGDinference,0.1.0
sgee,0.6-0
sgeostat,1.0-27
SGL,1.3
sglasso,1.2.6
sglg,0.2.7
sglr,0.8
sgmean,0.1.0
sgmodel,0.1.2
sGMRFmix,0.3.0
sgo,0.9.2
sgof,2.3.5
sgolay,1.0.3
SGP,2.2-0.0
SGPdata,28.0-0.0
sgplot,0.5.0
sgPLS,1.8.1
SGPR,0.1.2
sgpv,1.1.0
sgr,1.3.1
sgraph,1.1.0
sgs,0.3.9
sgsR,1.5.0
sgstar,0.1.2
sgt,2.0
shades,1.5.0
shadowr,0.0.2
shadowtext,0.1.6
shadowVIMP,1.0.2
SHAKTI,0.1.0
shannon,0.2.0
SHAPBoost,1.0.3
ShapDoE,1.0.0
shape,1.4.6.1
ShapeChange,1.5
shapefiles,0.7.2
shapeNA,0.0.2
ShapePattern,3.1.0
shapeR,1.0-2
shapes,1.2.8
ShapeSelectForest,1.7
SHAPforxgboost,0.2.0
shapley,0.7.0
ShapleyOutlier,0.1.2
ShapleyValue,0.2.0
shapper,0.1.3
shapr,1.0.8
shapviz,0.10.3
shar,2.3.1
shard,0.1.1
SHARK4R,1.2.0
SharkDemography,1.1.0
sharp,1.4.8
sharpData,1.4
SharpeR,1.4.0
sharpeRratio,1.4.3
sharpPen,2.0
sharpshootR,2.5
sharx,1.0-7
shattering,1.0.7
shazam,1.3.2
SHELF,1.13.0
ShellChron,0.4.0
shellgame,0.1.1
shelltrace,3.5.1
shelter,0.2.1
sherlock,0.7.0
SherlockHolmes,1.0.2
shewhartr,1.3.0
shidashi,0.2.0
shide,0.3.0
ShiftConvolvePoibin,1.0.0
shiftR,1.5
ShiftShareSE,1.1.0
shinipsum,0.1.1
shiny,1.14.0
shiny.blueprint,0.3.0
shiny.destroy,0.1.0
shiny.emptystate,0.1.0
shiny.exe,0.2.0
shiny.i18n,0.3.0
shiny.ollama,0.1.1
shiny.react,0.4.0
shiny.router,0.3.1
shiny.semantic,0.5.1
shiny.tailwind,0.2.2
shiny.telemetry,0.3.2
shiny.webawesome,1.0.0
shiny2docker,0.0.4
shinyAce,0.4.4
shinyaframe,1.0.1
shinyalert,3.1.0
shinyanimate,0.4.0
shinyauthr,1.0.0
ShinyBlock,0.1.3
shinybody,0.1.3
shinybrms,1.8.1
shinybrowser,1.0.0
shinyBS,0.65.0
shinybusy,0.3.3
shinyChakraSlider,0.1.0
shinyChakraUI,1.1.1
shinychat,0.4.0
shinyChatR,1.2.0
shinyCLT,0.9.4
shinyCohortBuilder,1.0.0
shinyCox,1.1.3
shinycroneditor,1.0.0
shinycssloaders,1.1.0
shinycustomloader,0.9.0
shinyCyJS,1.0.0
shinydashboard,0.7.3
shinydashboardPlus,2.0.6
shinydataviewer,0.1.0
shinyDatetimePickers,1.2.0
shinydbauth,1.0.0.1
shinydisconnect,0.1.1
shinyDND,0.1.0
shinydrive,0.1.5
shinyds,0.3.0
shinyDTC,0.1.0
shinyEditor,1.0.0
shinyEffects,0.2.0
shinyExprPortal,1.2.1
shinyfa,0.0.1
shinyFeedback,0.4.0
shinyFiles,0.9.3
shinyfilter,0.1.1
shinyfilters,0.3.0
shinyfullscreen,1.1.0
shinyGizmo,0.5.0
shinyglide,0.1.4
shinyGovstyle,0.2.0
shinyHeatmaply,0.2.0
shinyhelper,0.3.2
shinyHugePlot,0.3.0
shinyInvoice,0.0.5
shinyIRT,0.1
ShinyItemAnalysis,1.6.0
shinyjqui,0.4.1
shinyjs,2.1.1
shinykanban,0.0.1
shinyKGode,1.0.5
shinyKnobs,0.1.3
shinylight,1.2
shinylive,0.5.0
shinyloadtest,1.2.1
shinylogs,0.2.1
shinyLottie,1.0.0
shinyLP,1.1.3
shinymanager,1.1.0
shinymaterial,1.2.0
shinyMatrix,0.8.1
shinyMergely,0.2.0
shinymeta,0.2.2
shinymgr,1.1.0
shinyMixR,0.5.3
shinyML,1.0.1
shinyMobile,2.0.1
shinymodels,0.1.1
shinyMonacoEditor,1.1.0
shinymrp,0.10.0
shinyNextUI,0.1.0
shinyNORRRM,0.8.6
shinyNotes,0.0.3
shinyOAuth,0.5.0
shinyobjects,0.2.0
shinypanel,0.1.5
shinypayload,0.1.0
shinyphaser,0.1.0
shinypivottabler,1.2
shinyPredict,0.1.1
shinyproxyLogs,0.1.0
shinyQueryBuilder,0.1.0
ShinyQuickStarter,2.0.1
shinyquiz,0.0.1
shinyr,0.4.2
shinyRadioMatrix,0.2.1
shinyRatings,0.1.0
shinyrecipes,0.1.0
shinyReports,1.0.3
shinyreprex,0.2.0
shinyRGL,0.1.0
shinySbm,0.2.0
shinyscholar,0.4.5
shinyscreenshot,0.2.1
shinySearchbar,1.0.0
shinySelect,1.3.0
shinyseo,0.1.1
shinystan,2.7.0
shinystate,0.1.0
shinyStep,0.5.1
shinyStorePlus,1.6
shinyTempSignal,0.0.8
shinytest,1.6.1
shinytest2,0.5.1
shinytesters,0.1.0
shinythemes,1.2.0
shinyTime,1.0.3
shinyTimer,0.1.0
shinytitle,0.1.0
shinyToastify,2.0.0
shinytoastr,2.2.0
shinyTree,0.3.1
shinyvalidate,0.1.3
shinyWGD,1.0.0
shinyWidgets,0.9.1
ShinyWizard,1.1.3.11
shinyXYpad,0.2.0
SHIP,2.0.3
ShiVa,1.0.2
shopifyadsR,0.1.0
shoppingwords,0.1.0
shoredate,1.1.1
shorm,0.2.1
shortcuts,1.4.0
ShortForm,0.5.8
shortIRT,2.0.0
shortr,1.0.3
shorts,3.2.0
shortuuid,0.1.1
shotGroups,0.8.4
showimage,1.0.0
showtext,0.9-8
showtextdb,3.0
shp2graph,1-0
SHRED,1.0.0
shrink,1.2.3
ShrinkageTrees,2.0.2
ShrinkCovMat,2.1.0
shrinkDSM,1.0.2
shrinkem,0.3.0
shrinkGPR,2.0.0
shrinkr,0.4.5
shrinkTVP,3.1.1
shrinkTVPVAR,1.0.1
shroomDK,0.3.0
SHT,0.1.9
shuffle,1.0.1
shuffleCI,0.1.0
shutterplot,0.1.0
SIAmodules,0.1.3
SIAtools,0.1.4
SIBER,2.1.10
SIBERG,2.0.4
sicegar,0.3.0
sicher,0.1.1
siconvr,0.0.1
sicure,0.1.1
SID,1.1
SIDES,1.18
sidier,4.1.1
sidrar,0.2.9
Sie2nts,0.1.0
siebanxicor,1.0.0
SiER,0.1.0
siera,0.5.6
Sieve,2.1
sievePH,1.1
SIEVEseq,0.0.0
sievetest,1.2.3
SiFINeT,1.13
sig,0.0-6
SigBridgeRUtils,0.2.6
sigclust,1.1.0.1
SightabilityModel,1.5.5
sigInt,0.2.0
sigmajs,0.1.5
sigminer,2.3.1
sigmoid,1.4.0
SIGN,0.1.0
Signac,1.17.1
SignacX,2.2.5
signal,1.8-1
signalHsmm,1.5
SignalY,1.1.1
signed.backbones,0.91.5
signibox,1.0
SignifReg,4.3
signnet,1.0.6
signs,0.1.2
sigora,3.2.0
sigr,1.1.5
sigugr,1.0.0
SIHR,2.1.1
siie,0.4.0
siland,3.0.2
SILFS,0.1.0
SILGGM,1.0.0
Silhouette,0.9.6
silicate,0.7.1
SillyPutty,0.4.2
SILM,1.0.0
silp,1.0.3
silviculture,0.2.0
sim.BA,0.1.0
Sim.DiffProc,5.0
sim2Dpredictr,0.1.1
simaerep,1.0.0
SimBaRepro,0.1.0
SimBIID,0.2.2
simBKMRdata,0.2.1
simboot,0.2-8
simCAT,1.0.1
simcausal,0.5.7
simcdm,0.1.2
SimComp,3.6
SimCop,0.7.4
SimCorMultRes,1.9.0
SimCorrMix,0.1.1
simcross,0.10
simctest,2.6.1
simDAG,1.0.0
simdata,0.4.1
simdd,1.1-2
SimDesign,2.25
SimDissolution,0.1.0
simdistr,1.0.1
simDNAmixtures,1.1.2
simecol,0.9-3
simEd,2.0.2
SimEngine,1.4.0
simer,1.0.0
simest,0.4-1-1
simET,1.0.3
SimEUCartelLaw,1.0.4
simevent,0.1.1
simex,1.8
simExam,1.0.0
SIMEXBoost,0.2.0
simfam,1.1.6
simFastBOIN,1.3.2
simfinapi,1.0.1
simfit,0.1.0
simFrame,0.5.4
simglm,0.8.9
simgof,1.0.2
simhelpers,0.3.1
simIC,0.1.0
SIMICO,0.2.0
simIDM,0.1.0
SimilarityMeasures,1.4
Simile,1.3.4
SimIndep,0.1.2
SimInf,10.1.0
simIReff,1.0
simitation,0.0.7
simITS,0.1.1
SimJoint,0.3.12
SimKid,1.0.0
simlandr,0.4.1
SIMle,0.1.0
simmer,4.4.7
simmer.bricks,0.2.2
simmer.plot,0.1.19
simMetric,0.1.1
simml,0.3.0
simmr,0.5.2
SIMMS,1.3.2
simMSM,1.1.42
SimMultiCorrData,0.2.2
SimNPH,0.5.8
simode,1.2.2
simodels,0.2.0
simPH,1.3.15
simphony,1.0.3
simplace,5.1.2
simplanonym,0.1.0
SIMPLE.REGRESSION,0.3.1
simpleboot,1.1-8
simpleCache,0.5.0
simplecolors,0.1.4
simpleFDR,1.1
simplegraph,1.0.1
simplegraphdb,2021.03.10
simpleMH,0.1.1
simpleNeural,0.1.3
simplePHENOTYPES,1.3.0
simpleRCache,0.3.3
simplermarkdown,0.0.6
simpleSetup,0.1.0
simpletex,1.0.5
SimpleUpset,0.1.5
simplexgof,0.1.0
SimplexRegression,0.1.3
SIMPLICA,1.0.0
SimplicialComplex,0.1.0
SimplicialCubature,1.3
simplifyNet,0.0.1
SimplyAgree,0.3.0
SIMplyBee,0.4.1
simPop,2.1.3
simpowa,1.0.3
simpr.interaction,0.1.0
simputation,0.2.9
simqi,0.2.0
simr,1.0.9
SimRDS,2.0.0
simrec,1.0.1
SimReg,3.4
simrel,2.1.0
simRestore,1.1.5
SiMRiv,1.0.7
sims,0.0.4
simsalapar,1.0-13
simsem,0.5-17
SimSeq,1.4.0
simsl,0.2.1
SimSST,0.0.5.2
simstandard,0.6.3
simStateSpace,1.2.16
simstudy,0.9.2
simsurv,1.0.1
SimSurvey,0.1.8
SimtablR,1.2.0
simTargetCov,1.0.1
SimTimeVar,1.0.0
simTool,1.1.9
SimTOST,1.0.2
simtrait,1.1.3
simtrial,1.0.2
simts,0.2.4
simuclustfactor,0.0.3
simukde,1.3.0
simulariatools,3.1.0
simulateDCE,0.3.2
simulator,0.2.5
simulist,0.7.0
simulMGF,0.1.1
SimuRg,0.2.0
SimVitD,1.0.4
sinaplot,1.1.0
sinar,0.1.0
sindyr,0.2.4
sinew,0.4.0
singcar,0.1.5
SingleArmMRCT,0.1.1
SingleCaseES,0.7.4
SingleCellComplexHeatMap,0.1.2
singleCellHaystack,1.0.3
SingleCellStat,0.3.1
singleRcapture,1.1.0
singR,0.1.3
sinib,1.0.0
SINRELEF.LD,1.1.0
SIP,0.1.0
SIPDIBGE,0.2.1
SIPETool,0.1.0
SiPhyNetwork,1.1.0
siplab,1.6
sirad,2.3-3
SIRE,1.1.0
siren,1.0.6
SIRmcmc,1.1.1
sirt,4.2-133
SIRthresholded,1.0.2
SIS,1.5
sisal,0.49
SISIR,0.2.4
sisireg,1.2.1
sistec,0.2.0
sisti,0.0.1
sistmr,0.1.1
sisVIVE,1.4
SIT,0.1.1
sitar,1.5.0
sitepickR,0.0.1
siteymlgen,1.0.0
SITH,1.1.0
sitmo,2.0.2
sitools,1.4
sitree,0.1-15
sitreeE,0.0-10
sitrep,0.4.1
sits,1.5.4
sivs,0.2.11
SixSigma,0.11.1
sixtyfour,0.2.0
sizeMat,1.2.0
SiZer,0.1-8
sjdbc,1.6.1
sjlabelled,1.2.0
sjmisc,2.8.11
sjPlot,2.9.0
sjSDM,1.0.7
sjstats,0.19.1
sjtable2df,0.0.5
SK4FGA,0.1.1
SKAT,2.2.5
skater,0.2.0
SKBD,0.1.1
skedastic,2.0.3
SkeletalVis,0.1.2
skeletor,1.0.4
skellam,0.2.4
sketch,1.1.20.3
sketcher,0.1.3
sketching,0.1.2
sketchy,1.0.5
SkewHyperbolic,0.4-2
skewlmm,1.1.3
skewMLRM,1.7
skewsamp,1.0.0
skewt,1.0
skewunit,1.0
SKFCPD,0.2.4
skiftiTools,0.1.0
Skillings.Mack,1.10
skilljaR,0.1.2
skimr,2.2.2
skipTrack,0.2.0
sklarsomega,3.0-3
skmeans,0.2-20
SKNN,4.1.3
skpr,1.9.2
sksr,0.1.0
skylight,1.4
skymodelr,0.3.2
skytrackr,2.0
slackr,3.3.1
slam,0.1-55
slanter,0.2-0
slap,2024.4.1
slash,0.2.0
slasso,1.0.1
slca,1.4.0
SLCARE,1.2.0
slcm,0.1.1
sld,1.0.1
sleacr,0.1.3
sleekts,1.0.2
SleepCycles,1.1.4
sleepr,0.3.1
sleepwalk,0.3.2
sleev,1.2.0
SLEMI,1.0.2
slendr,1.5.0
Sleuth2,2.0-7
Sleuth3,1.0-6
slfm,1.0.2
SLFPCA,3.0
slgf,2.0.0
SLGP,1.0.2
SLHD,2.1-1
SLIC,0.3
SlicedLHD,1.0
Slick,1.0.2
SlideCNA,0.1.0
slideimp,1.2.0
slider,0.3.3
slideview,0.2.1
SlidingWindows,0.2.0
slim,0.1.1
SlimR,1.1.6
slippymath,0.3.1
slm,1.2.0
SLModels,0.1.2
sloop,1.0.1
SLOPE,2.1.0
slopes,2.0.0
SLOS,1.0.1
SlotLim,0.0.2
slouch,2.1.5
slowraker,0.1.1
SLPresElection,1.0.0
slr,1.3.0
SLRMss,1.0.0
SLSEdesign,0.1.0
slurm,2025.4.9
slurmR,0.5-4
slxr,0.1.1
sm,2.2-6.0
smaa,0.3-3
smacof,2.1-7
smacofx,1.22-0
smacpod,2.6.4
SMAHP,0.0.5
SmallCountRounding,1.2.5
smallsets,2.0.0
smallstuff,1.0.6
smam,0.7.3
SMARTbayesR,2.0.0
smartDesign,0.74
SmartEDA,0.3.10
smarter,1.0.1
SmarterPoland,1.8.1
smartmap,0.2.0
SmartMeterAnalytics,1.1.1
SMARTp,0.1.1
smartsheetr,0.1.0
smartsizer,1.0.3
smartsnp,1.2.0
SmartSVA,0.1.3
SMASH,1.0.0
smashr,1.3-12
smatr,3.4-8
smbdata,0.2.0
smbinning,0.9
SmCCNet,2.0.7
smcfcs,2.0.2
smcure,2.2
smd,0.8.0
smdata,1.2
smdi,0.3.2
SMDIC,0.1.6
smdocker,0.1.4
smer,0.0.2
smerc,1.8.4
smetlite,0.2.10
smfa,1.0.0
SMFilter,1.0.3
smfishHmrf,0.1
smfsb,1.5
smicd,1.1.5
smidm,1.0
smile,1.1.0
smimodel,0.1.3
smirnov,1.0-1
SmithWilsonYieldCurve,1.1.1
SMLE,2.2-3
smlePH,0.1.1
smlmkalman,0.1.1
SMLoutliers,0.1
SMM,1.0.2
SMMAL,0.0.5
smmR,1.0.5
SMMT,1.2.0
SMNCensReg,3.1
SMNlmec,1.0.2
smof,1.2.2
smoke,2.0.1
SmokingHistoryGenerator,7.0.0
smoof,1.7.0
smooth,4.5.0
smoothbp,0.2.7
smoothedIPW,0.1.0
smoothedLasso,1.6
smoothemplik,0.0.17
SmoothHazard,2025.07.24
smoothHR,1.0.5
smoothic,1.2.1
smoothie,1.0-4
smoothmest,0.1-3
SmoothPLS,0.1.5
smoothr,1.3.0
smoothROCtime,0.1.1
smoothSurv,2.6
smoothtail,2.0.6
SmoothWin,3.0.1
smoothy,1.0.0
smoots,1.1.4
smosr,1.0.1
smotefamily,1.4.0
SMOTEWB,1.2.5
smovie,1.1.6
smplot2,0.2.6
SMPracticals,1.4-3.2
smqf,1.1-1
SMR,2.1.0
smriti,0.2.0
sms,2.3.1
smsets,2.0.0
smsncut,0.1.0
sMSROC,0.1.3
smss,1.0-2
sMTL,0.1.0
smurf,1.1.8
SMUT,1.1
SMVar,1.3.4
smvgraph,0.1.2
smvr,0.2.2
sn,2.1.3
sna,2.8
snahelper,1.4.2
Snake,1.0
snakecase,0.11.1
snakeplot,0.3.0
snap,1.1.0
snapchatadsR,0.1.0
snapKrig,0.0.3
snapr,0.1.0
snapshot,0.1.2
snazzieR,0.1.2
SNBdata,0.2.1
snc,0.1.0
snem,0.1.1
snfa,0.0.1
SNFtool,2.3.1
snha,0.1.3
snic,0.6.1
snirh.lab,0.1.0
SNMA,0.1.5
snn,1.1
snotelr,1.5.2
snow,0.4-4
SnowballC,0.7.1
snowboot,1.0.2
SnowData,1.0.0
snowfall,1.84-6.3
snowflakeauth,0.2.2
snowflakes,1.0.0
snowFT,1.6-1
snowquery,1.3.0
snpAIMeR,2.1.1
SNPannotator,1.4.8
SNPassoc,2.3.1
SNPfiltR,1.0.7
SNPkit,0.1.0
snplinkage,1.2.0
snplist,0.18.3
sNPLS,1.0.27
snpsettest,0.1.2
snQTL,0.2
snreg,1.2.0
sns,1.2.2
SNSchart,1.4.0
SNSeg,1.0.3
SNSequate,1.3-5
SNSFdatasets,0.1.1
snSMART,0.2.4
SNVLFDR,1.0.1
SOAR,1.0-1
SOAs,1.4-1
sobol,1.0.0
Sobol4R,0.4.0
sobolnp,0.1.0
socceR,0.1.1
social,1.0
socialdrift,0.1.0
socialh,0.1.1
socialmixr,0.6.0
socialranking,1.2.0
socialrisk,0.5.1
socialSim,0.1.9
sociome,3.0.1
socratadata,0.1.1
socviz,1.2
sodavis,1.2
sodium,1.4.0
sofa,0.4.0
Sofi,0.16.4.8
SoftBart,1.0.3
softbib,0.0.2
SoftClustering,2.1.3
softImpute,1.4-3
softwareRisk,0.2.0
SOHPIE,1.0.6
SOIL,1.1
soilassessment,1.3.1
soilchemistry,0.1.0
SoilConservation,1.0.1
soilDB,2.9.1
SoilFDA,0.1.0
soilFlux,0.1.5
soilfoodwebs,1.0.2
SoilFunctionality,0.1.0
SoilHyP,0.1.7
soilhypfit,0.1-8
soilKey,0.9.157
SoilManageR,1.1.0
soilphysics,5.1
SoilR,1.2.107
SoilSaltIndex,0.1.0
SoilTaxonomy,0.2.8
soiltestcorr,2.2.1
SoilTesting,0.1.0
soiltexture,1.5.3
soiltillr,0.1.0
soilVAE,0.1.9
soilwater,1.0.5
Sojourn,1.2.1
Sojourn.Data,0.3.0
sokoban,0.1.0
solaR,0.47
solarPos,1.0
solartime,0.0.4
solidauthr,0.1.2
solitude,1.1.3
solrad,1.0.0
solrium,1.2.0
solvebio,2.15.1
solvency2rfr,0.1.0
SolveSAPHE,2.1.0
som,0.3-5.2
som.nn,1.4.4
soma,1.2.0
SomaDataIO,6.6.1
somaticflags,0.1.0
SOMbrero,1.5.0
someMTP,1.4.1.1
SOMEnv,1.1.2
somhca,0.4.0
SOMMD,0.1.2
sommer,4.4.5
SOMnmR,0.3.0
sonar,1.0.2
SongEvo,1.0.0
sonicLength,1.4.7
sonify,0.0-1
SONO,1.2
sooty,0.6.1
SOP,1.0-1
SOPC,0.1.0
soptdmaeA,1.0.1
soql,0.1.1
SOR,0.23.1
sorcering,1.2.3
sorocs,0.1.0
SorptionAnalysis,0.1.0
sortable,0.6.0
sorvi,0.8.21
sos,2.1-8
sotkanet,0.10.1
sotu,1.0.4
sound,1.4.6
soundClass,0.0.9.2
soundecology,1.3.3
SoundexBR,1.2
soundgen,2.9.0
SoundShape,1.3.2
SoupX,1.6.2
sourcetools,0.1.7-2
sourcoise,1.1.0
SouthParkRshiny,1.0.0
sov,1.0.3
sox,1.2.3
SoyNAM,1.6.2
SoyURT,1.0.0
sp,2.2-1
SP2000,0.2.0
sp23design,0.9-1
spaa,0.2.5
spaAlign,0.0.6
spAbundance,0.2.1
spacc,0.8.3
SpaCCI,1.0.5
spacefillr,0.4.0
spacemodR,0.1.3
spacesRGB,1.7-0
spacesXYZ,1.6-0
spacetime,1.3-3
SpaceTimeBSS,0.4-0
SPACO,1.0.2
SpaCOAP,1.3
spacyr,1.3.0
spada,0.1.6
SPADAR,1.0
spAddins,0.2.0
SpadeR,0.1.1
SpaDES,2.0.11
SpaDES.core,3.1.2
SpaDES.tools,2.1.1
spagmix,0.4-2
spam,2.11-4
spam64,2.11-4
spaMM,4.6.65
spanish,0.4.2
spanishoddata,0.2.6
spANOVA,0.99.4
spant,4.2.0
spantest,1.1-3
sparcl,1.0.4
spareg,1.1.1
spark.sas7bdat,1.4
sparkavro,0.3.0
sparkbq,0.1.1
sparkhail,0.1.1
sparkline,2.0
sparklyr,1.9.5
sparklyr.flint,0.2.2
sparklyr.nested,0.0.4
sparktex,0.1
sparkxgb,0.2.1
sparqlr,0.1.0
sparr,2.3-16
SPARRAfairness,0.1.0.0
sparrpowR,0.2.9
SparseBiplots,4.1.1
SparseChol,0.3.2
sparsecommunity,0.1.1
sparseCov,0.0.1
SparseDC,0.1.17
sparseDFM,1.0
sparsediff,0.4.0
sparsediscrim,0.3.0
sparseEigen,0.1.0
sparseFLMM,0.4.2
SparseFunClust,1.0.0
sparseGFM,0.1.0
sparsegl,1.1.1
SparseGrid,0.8.2
SparseICA,0.1.4
sparseIndexTracking,0.1.1
sparseinv,0.1.3
sparseLDA,0.1-9
sparselink,1.0.0
sparseLM,0.5
SparseLPM,1.0
sparseLRMatrix,0.1.0
sparseLTSEigen,0.2.0.1
sparselu,0.3.0
SparseM,1.84-2
sparseMatEst,1.0.0
SparseMDC,0.99.5
SparseMSE,2.0.1
sparseMVN,0.2.2
sparsenet,1.7
sparsepca,0.1.2
sparsepp,1.22
sparseR,0.3.2
sparseSEM,4.1
sparsestep,1.0.1
sparsesurv,0.1.1
sparsesvd,0.2-3
sparseSVM,1.1-7
SparseTSCGM,5.0
sparsevar,1.0.0
sparsevb,0.1.1
sparseVCBART,1.0.0
sparsevctrs,0.3.6
SparseVFC,0.1.2
sparsio,1.0.1
sparta,1.0.1
SPARTAAS,1.2.6
sparvaride,1.0.0
spass,1.3
spate,1.7.5
spatemR,1.3.0
SpatEntropy,2.2-4
SPAtest,3.1.2
SpatFD,0.0.1
SpatGC,0.1.0
spatgeom,0.3.0
spatgraphs,3.4
SpatGRID,0.1.0
spaths,1.2.0
spatial,7.3-18
SpatialAcc,0.1-6
spatialAtomizeR,0.2.8
SpatialBSS,0.16-0
spatialCatalogueViewer,0.2.1
spatialCovariance,0.6-9
spatialData,1.0.1
SpatialDownscaling,0.1.2
spatialEco,2.0-5
SpatialEpi,1.2.8
SpatialExtremes,2.1-0
spatialGE,1.2.2
SpatialGEV,1.0.1
SpatialGraph,1.0-4
SpatialInference,0.1.0
spatialising,0.6.2
SpatialKDE,0.8.2
SpatialML,1.8.2
SpatialNP,1.1-6
SpatialPack,0.4-1
SpatialPOP,0.1.0
SpatialPosition,2.1.3
spatialprobit,1.0.4
SpatialRDD,0.1.0
spatialreg,1.4-3
spatialreg.hp,0.0-2
SpatialRegimes,1.2
spatialRegroup,0.1.0
spatialRF,1.1.5
spatialrisk,0.8.1
SpatialRoMLE,0.1.1.1
spatialsample,0.6.1
spatialTIME,1.3.4-5
SpatialTools,1.0.5
SpatialVS,1.1
SpatialVx,1.0-3
spatialwarnings,3.1.1
spatialwidget,0.2.6
SpatMCA,1.0.7
SpaTopic,1.3.1
SpatPCA,1.3.8
spatPomp,1.1.0
SpATS,1.0-20
spatsoc,0.2.13
spatstat,3.6-1
spatstat.data,3.1-9
spatstat.explore,3.8-1
spatstat.geom,3.8-1
spatstat.gui,3.1-0
spatstat.Knet,3.1-3
spatstat.linnet,3.5-1
spatstat.local,5.1-0
spatstat.model,3.7-1
spatstat.random,3.5-0
spatstat.sparse,3.2-0
spatstat.univar,3.2-0
spatstat.utils,3.2-3
spatsurv,2.0-1
SPB,1.0
spbabel,0.6.0
spbal,1.0.1
spBayes,0.4-9
spBayesSurv,1.1.9
spboost,0.7.0
spBPS,2.0-1
Spbsampling,1.3.5
spc,0.7.2
spc4sts,0.6.5
spcadjust,1.1
SPCALDA,1.0
spCF,0.1.2
SPCompute,1.0.3
spconf,1.0.1
spcosa,0.4-6
spcov,1.3
spCP,1.4.0
spcr,2.1.1
spd,2.0-1
spData,2.3.5
spDates,1.1
spDBL,1.0.2
spdep,1.4-2
spdesign,0.0.6
spdgp,0.1.0
spdl,0.0.5
spduration,0.17.3
spdynmod,1.1.6
speakeasyR,0.1.8
speakr,3.2.4
speaq,2.7.0
spearmanCI,1.1
spec,0.1.9
speccurvieR,0.5.0
SpecDetec,1.0.0
SpecHelpers,0.3.2
SPECIES,1.2.0
specieschrom,1.0.0
SPECK,1.0.1
specr,1.0.0
specs,1.0.1
SpecsVerification,0.5-3
spect,1.0
spectacles,0.5-5
spectator,0.2.0
spectr,1.0.1
spectrakit,0.2.0
spectral,2.0
spectralAnomaly,0.1.1
SpectralClMixed,1.0.2
spectralGP,1.3.4
spectralR,0.1.4
Spectran,1.0.6
spectrino,2.0.0
spectrolab,0.0.19
Spectrum,1.1
sped,0.3
spedecon,0.1
SPEDInstabR,2.2
spEDM,1.12
speech,0.1.5
speechbr,2.0.0
speechmatics,0.1.0
speedglm,0.3-5
speedyBBT,1.0
speedycode,0.3.0
speedytax,1.0.4
spefa,0.1.0
speff2trial,1.0.5
SPEI,1.8.1
spell.replacer,1.0.1
spellcheckr,0.1.2
spelling,2.3.2
sperich,1.5-9
sperrorest,3.0.5
SpeTestNP,1.1.0
SPEV,1.0.0
spex,0.7.1
spexvb,0.1.0
spfa,1.0
spfda,0.9.2
spFFBS,0.0-2
spfilteR,2.2.0
spFSR,2.0.4
spGARCH,0.2.3
spgs,1.0-4
spgwr,0.6-37
sphereclust,1.0
spheredata,0.1.3
sphereML,0.1.1
SphereOptimize,0.1.1
spherepc,0.1.7
sphereplot,1.5.1
spheresmooth,0.1.3
SphericalCubature,1.5
sphet,2.1-1
sphunif,1.4.4
SpiceFP,0.1.2
SPIChanges,0.2.1
spicy,0.12.0
spider,1.5.2
spiderbar,0.2.5
spidR,1.0.2
spikes,1.1
spikeslab,1.1.6
spikeSlabGAM,1.1-20
spima,0.2.0
SPINA,4.1.0
spINAR,0.2.0
spinBayes,0.2.2
spind,2.2.1
spinebil,1.0.5
spinifex,0.3.10
spinner,1.1.1
spinyReg,0.1-0
spiralize,1.1.1
spiritR,0.1.1
spiro,0.2.4
splancs,2.01-45
splash,1.0.2
spldv,0.1.3
SPLICE,1.1.2
splikit,2.3.1
splineCox,0.0.8
splinemixmeta,1.0.1
splineplot,0.3.0
splines2,0.5.4
splinetree,0.2.0
splinetrials,0.1.1
Splinets,1.5.1
SPlit,1.3
splitfngr,0.1.2
SplitGLM,1.0.6
splitGraph,0.3.0
splithalf,0.8.2
splithalfr,3.0.0
SplitKnockoff,2.1
splitr,0.1.0
SplitReg,1.0.3
splitSelect,1.0.3
SplitSplitPlot,0.0.1
splitstackshape,1.4.8.1
splitTools,1.0.1
SplitWise,1.0.2
splm,1.6-5
splmm,1.2.0
splot,0.5.4
spls,2.3-2
splus2R,1.3-5
splusTimeDate,2.5.10
splusTimeSeries,1.5.8
splutil,2022.6.20
spm,1.2.3
spm2,1.1.3
spMaps,0.5.0
spMC,0.3.15
spmixW,0.2.2
spmodel,0.13.0
spmoran,0.3.3
spnaf,1.1.0
spNetwork,0.4.4.7
SpNMF,0.1.1
spnn,1.3.0
spNNGP,1.0.2
spocc,1.2.4
spOccupancy,0.8.0
spoiler,1.0.0
SpoMAG,0.1.0
spongebob,0.4.0
spongecake,0.1.2
spooky,1.4.0
spopt,0.1.2
spork,0.3.5
sport,0.2.2
SportMiner,0.1.0
SPORTSCausal,1.0
sportsfeatures,0.1.0
SportsTour,0.1.0
sportyR,2.2.3
spotidy,0.1.0
spotifyr,2.2.5
spotoroo,0.1.5
spotr,0.1.0
SPOUSE,0.1.0
Spower,0.6.4
SPPcomb,0.1
spphpr,1.1.5
SpPOP,0.1.0
SppTrend,0.5
spqdep,0.1.3.6
spqrp,0.1.0
spray,1.1-1
spreadr,0.3.0
SPREDA,1.2
SPreg,1.0
spreval,1.1.0
sprex,1.4.3
springer,0.1.9
springpheno,0.5.0
spRingsteen,0.1.0
SPRT,1.1.0
sprtt,0.3.1
sps,0.6.3
spsComps,0.3.4.0
spselect,0.0.1
SPSL,0.1-9
SPSP,0.2.0
spStack,1.1.3
spsur,1.0.2.6
spsurvey,5.6.1
spsUtil,0.2.2.1
spTDyn,2.0.3
SpTe2M,1.0.3
spThin,0.2.0
spTimer,3.3.4
sptotal,1.0.1
spup,1.4-0
spuriouscorrelations,0.1
SpuriousMemory,1.0.0
spuRs,2.0.3
SPYvsSPY,0.1.1
SQI,0.1.0
SQIpro,0.1.0
SQL,0.1.1
sqlcaser,0.2.1
sqldf,0.4-12
sqlfluffr,0.1.0
SQLFormatteR,0.0.2
sqlhelper,0.2.2
sqlHelpers,0.1.2
sqliter,0.1.0
sqliteutils,0.1.0
sqlm,0.1.0
SQLove,1.0.2
sqlparseR,0.1.0
sqlq,1.0.1
SqlRender,1.19.5
sqlstrings,1.0.0
sqltargets,0.3.0
SQMtools,1.8.0
SQN,1.0.6
SQRL,1.0.3
squant,1.1.7
SQUAREM,2026.1
squash,1.0.9
squat,0.5.0
SqueakR,1.3.0
squid,0.2.1
squids,25.6.1
sr,0.1.0
sra,0.1.4.1
srcpkgs,0.2.1
srcr,1.1.2
sRDA,1.0.0
sRdpData,0.1.0
sreg,2.0.2
sregsurvey,0.1.3
srlars,3.0.1
srm,0.4-26
SRMData,1.0.2
SRMERS,0.1.1
sRNAGenetic,0.1.0
srpi,0.1.0
srppp,2.0.3
srr,1.0.0
SRS,0.2.3
SRscore,0.1.2
srt,1.0.4
SRTtools,1.2.0
srvyr,1.3.1
ss3sim,1.0.3
ssaBSS,0.1.2
SSAforecast,0.1.1
ssanv,1.1
Ssarkartrim,1.0.0
SSBtools,1.8.7
ssc,2.1-0
sscor,0.2.1
SscSrs,0.1.0
ssd4mosaic,1.0.4-2
ssddata,1.0.0
SSDforR,2.5
SSDM,0.2.11
sSDR,1.2.0
ssdtools,2.6.0
ssebiEF,1.0.1
SSEparser,0.1.0
ssev,0.1.0
ssfa,1.2.3
ssfit,1.2
SSGL,2.0
ssgraph,1.16
ssh,0.9.4
SSHAARP,2.0.8
Sshaped,1.2
sshicm,0.1.0
sship,0.9.0
sshist,0.1.3
ssifs,1.0.5
SSIMmap,0.4.0
ssimparser,0.1.2
ssize.fdr,1.3
ssizeRNA,1.3.3
SSLASSO,1.2.3
SSLfmm,0.1.0
SSM,1.0.1
ssmn,1.1
ssmodels,2.0.2
ssmooth,0.1.0
ssMousetrack,1.1.7
ssMRCD,2.0.1
ssmrob,1.0
ssmsn,0.2.0
ssMutPA,0.1.2
SSN2,0.4.0
SSNbayes,0.0.3
SSNbler,1.1.1
SSOSVM,0.2.2
SSP,1.1.0
SSplots,0.1.2
sspm,1.1.0
sspse,1.1.0-6
ssr,0.1.1
SSRA,0.1-1
SSReliabilityClaytonMWD,1.0.2
SSRMST,0.1.1
ssrn,0.1.0
SSRTcalc,2.1.1
sss,0.2.2
SSsimple,0.6.6
sssvcqr,0.0.4
Sstack,1.0.1
sstn,1.0.1
sstvars,1.2.4
ssutil,1.0.0
SSVS,2.2.0
ssw,0.2.1
ssym,1.5.8
st,1.2.7
sta,0.1.7
staat1cho,0.1.0
stabiliser,1.0.7
stability,0.6.0
StabilityApp,0.1.0
StabilizedRegression,1.1
stabilo,0.1.1
stable,1.1.7
stabledist,0.7-2
StableEstim,2.4
stableGR,1.2
stablelearner,0.1-7
StablePopulation,1.0.3
stabm,1.2.2
stabs,0.7-1
staccuracy,0.2.2
stackgbm,0.1.0
StackImpute,0.1.0
stacking,0.2.1
stacks,1.1.1
stacomirtools,0.6.0.1
stacr,0.1.0
stagedtrees,2.3.0
stagePop,1.1-2
staggered,1.2.2
staggR,0.2.0
stagsynth,0.1.0
StakeholderAnalysis,1.2
StAMPP,1.6.3
stampr,0.3.1
stan4bart,0.0-12
STAND,2.0
standardize,0.2.2
standardlastprofile,2.0.1
standartox,0.0.2
standby,0.2.0
standrecon,0.1.0
StanHeaders,2.32.10
staninside,0.0.4
StanMoMo,1.2.0
stanza,1.0-3
stapler,0.8.0
staplr,3.2.2
starburst,0.3.8
staRdom,1.1.32
STAREG,1.0.4
stargazer,5.2.3
starling,0.6.5
starm,0.1.0
starma,1.3
starnet,1.0.2
starry,0.1.2
stars,0.7-2
starschemar,1.2.5
starsExtra,0.2.8
starsTileServer,0.1.1
STARTdesign,1.0
starter,0.1.16
startR,3.0.0
STARTS,1.3-8
startup,0.23.0
startupmsg,1.0.0
starvars,1.1.11
starvz,0.8.4
starwarsdb,0.1.3
Stat2Data,2.0.0
statAfrikR,0.1.0
Statamarkdown,0.9.6
statAPA,0.1.0
statar,0.7.7
statBasics,0.2.3
statcheck,1.5.0
statcodelists,0.9.2
statcomp,0.1.0
statConfR,0.2.1
STATcubeR,1.0.0
StatDA,1.7.11
StatDataML,1.0-27
statdecideR,0.1.6
StatDeriveR,0.1.0
statease,1.3.0
statebins,1.4.0
StateLevelForest,0.1.0
states,0.3.3
statespacer,0.5.0
statforbiology,1.0.2
statgen,0.3.2
statgenGWAS,1.0.13
statgenGxE,1.0.11
statgenHTP,1.0.9.4
statgenIBD,1.0.11
statgenMPP,1.0.5
statgenQTLxT,1.0.3
statgenSTA,1.0.15
statGraph,1.0.6
staticryptR,0.1.0
stationaRy,0.5.1
statioVAR,0.1.3
statip,0.2.3
statisfactory,1.0.4
statisR,1.0.1
StatisticTeach1,0.1.2
statlingua,0.1.0
StatMatch,1.4.3
statMatchLCM,1.2
statmod,1.5.2
statnet,2019.6
statnet.common,4.13.0
statnetWeb,0.6.1
statnipokladna,0.7.7
StatPerMeCo,0.1.0
statprograms,0.3.0
statpsych,1.9.0
statquotes,0.3.3
StatRank,0.0.6
StatRec,1.0.0
stats19,4.0.0
stats4teaching,0.1.0
statsearchanalyticsr,0.1.4
statsExpressions,2.0.0
statsr,0.3.0
StatsTFLValR,1.0.0
statswalesr,0.2.0
StatTeacherAssistant,0.0.3
StatTools,0.1.1
statuser,0.3.1
STB,0.6.6
stbimageheaders,0.1.0
stbl,0.3.0
STCCGEV,1.0.0
stCEG,0.1.0
stcos,0.3.2
stcov,0.1.0
stcpR6,0.9.8
STCYP,1.0.0
stdbscan,0.2.0
stddiff,3.1
stddiff.spark,1.0
STDistance,0.6.8
stdmod,0.2.13
stdReg,3.4.2
stdReg2,1.0.7
stdvectors,0.0.5
steadyICA,1.0.1
StealLikeBayes,1.0
steepness,0.3-0
SteinIV,0.1-1
stelfi,1.0.2
stellaR,0.3-6
StemAnalysis,0.1.0
stemmatology,0.3.2
StempCens,1.2.0
stencilaschema,1.0.0
stenographer,1.0.0
stenR,0.6.9
StepBeta,2.1.0
STEPCAM,1.2.3
stepcount,0.5.0
stepdownfdp,1.0.0
stepgbm,1.0.1
StepGWR,0.1.0
stepjglm,0.0.1
stepmetrics,1.0.3
stepmixr,0.1.3
stepp,3.2.7
SteppedPower,0.3.5
steppedwedge,1.0.0
stepPenal,0.2
stepPlr,0.93
stepR,2.1-11
StepReg,1.6.6
StepRegShiny,1.6.1
steprf,1.0.2
stepSplitReg,1.0.5
stepssurvey,0.1.0
StepwiseTest,1.0
StereoMorph,1.6.7
stevedata,1.8.0
stevedore,0.9.6
stevemisc,1.9.0
steves,0.1.1
stevetemplates,1.3.0
stevethemes,0.1.0
stfit,0.99.9
STFTS,0.1.0
stgam,1.2.0
sticky,0.5.6.1
stickyr,0.1.2
STICr,1.1.2
SticsRFiles,1.6.0
stIHC,0.1.0
stilt,1.3.1
stim,1.0.0
stima,1.2.4
stinepack,1.5
stlARIMA,0.1.0
stlELM,0.1.1
stlnpp,0.5.0
stlplus,0.5.2
stlTDNN,0.1.0
stm,1.3.8
stmgp,1.0.4.2
stmgui,0.1.6
StMoMo,0.4.1
StMoSim,3.2.0
STMotif,2.0.3
STMr,0.1.7
stocc,1.31
StochBlock,0.1.5
stochcorr,0.0.1
stochLAB,1.1.2
stochQN,0.1.2-1
StochSimR,1.1.0
stochtree,0.4.5
stochvol,3.2.9
stochvolTMB,0.3.0
stockAnalyst,1.0.1
StockDistFit,1.0.0
stockR,1.0.76
stodom,0.0.1
stoichcalc,1.1-5
stoichUtilities,1.0.2
stokes,1.2-3
STOPES,0.2
stopmotion,0.1.0
stopp,1.0.0
stoppingrule,0.6
stops,1.9-1
stopwords,2.3
Storm,1.2
StormR,0.2.1
storr,1.2.6
stors,1.0.1
stortingscrape,0.4.1
storywranglr,0.2.0
stosim,0.0.15
STPGA,5.2.1
stplanr,1.2.3
stpp,2.0-8
stpphawkes,0.2.2
stppSim,1.3.4
stR,0.7.1
str2str,1.0.0
StrainRanking,1.2
strand,0.2.3
stranslate,0.1.3
strap,1.6-1
strat,0.1
strata,1.4.5
strata.MaxCombo,0.0.1
stratallo,3.0.1
stratamatch,0.1.9
stratastats,0.2
stratbr,1.2
stratcols,1.0.0
strategicplayers,1.1
stratEst,1.1.8
StrathE2E2,3.3.0
stratification,2.2-7
StratifiedBalancing,0.3.0
StratifiedMedicine,1.0.7
StratifiedRF,0.2.2
StratifiedSampling,0.4.2
stratifiedyh,0.1.0
stratifyR,1.0-5
StratigrapheR,1.3.1
StratPal,0.7.1
StratSel,1.4
STraTUS,1.1.2
straweib,1.1
strawr,0.0.92
stray,0.1.1
STREAK,1.0.0
stream,2.0-3
streambugs,1.4
StreamCatTools,0.11.0
streamDAG,1.6
streamDepletr,0.2.0
StreamMetabolism,1.1.3
streamMOA,1.3-1
streamR,0.4.5
streamsampler,0.1.0
streamy,0.2.1
streetscape,1.0.5
StReg,1.1
strength,0.1.0
stressaddition,3.1.0
stressor,0.2.0
stressr,1.0.0
StressStrength,1.0.2
strex,2.1.0
String2AdjMatrix,0.1.0
stringArt,0.1.0
stringdist,0.9.17
stringfish,0.19.0
stringformattr,0.1.2
stringi,1.8.7
stringmagic,1.2.0
stringr,1.6.0
stringstatic,0.1.2
stringx,0.2.9
strip,1.0.0
stripless,1.0-3
striprtf,0.6.0
stRoke,25.9.2
strollur,0.1.3
StroupGLMM,0.3.0
strs,0.1.0
strucchange,1.5-4
strucchangeRcpp,1.5-4-1.0.1
structenforcement,0.3.1
structree,1.1.7
structSSI,1.2.1
StructuralDecompose,0.1.1
StructureMC,1.0
strvalidator,2.4.2
sts,1.4
sTSD,0.2.0
stt.api,0.3.0
stuart,0.10.2
studentlife,1.1.0
studyStrap,1.0.0
StuteTest,1.0.2
STV,1.0.3
stxplore,0.1.0
styler,1.11.0
stylest2,0.1
stylo,0.7.71
Stype.est,0.2.0
Styperidge.reg,0.1.0
subdetect,1.3
subgroup,1.1
SubgrpID,0.14
subincomeR,0.5.0
submax,1.1.5
submitr,0.1.0
subniche,1.6
subplex,1.9
subrank,0.9.9.3
subsampling,0.4.0
subscore,3.3
subscreen,4.0.1
subselect,0.16.1
subsemble,0.1.0
substackR,0.1.15
subtools,1.1.0
SubTS,1.0
SubtypeDrug,0.1.9
SubVis,2.0.2
success,1.1.1
sudachir,0.1.0
sudoku,2.8
sudokuAlt,0.2-1
SudokuDesigns,1.2.0
SuessR,0.1.6
sufficientForecasting,0.1.0
sugarbag,0.1.10
sugarglider,1.0.3
suggests,0.1.0
sugrrants,0.2.9
sulcimap,1.0.6
SumcaVer1,0.1.0
sumer,1.6.0
sumExtras,1.0.0
summariser,2.3.0
summarySCI,0.1.1
summarytabl,0.2.1
summarytools,1.1.5
summata,0.11.5
SUMMER,2.0.0
SUMO,1.2.3
sumSome,1.1.0
sumup,1.0.2
sumvar,0.2.0
sunburstR,2.1.8
sunburstShinyWidget,0.5.0
suncalc,0.5.1
SunCalcMeeus,0.1.3
Sunclarco,1.0.0
sundialr,0.1.7
SUNGEO,1.4.0
SunsVoc,0.1.2
suntools,1.1.0
supabaseR,1.0.0
supclust,1.1-1
super,0.1.1
superb,1.0.1
SuperCell,1.1
supercells,1.0.0
supercompress,1.1
superdiag,2.0
SuperExactTest,1.1.0
SuperGauss,2.0.4
SuperLearner,2.0-40
supernova,3.0.2
superpc,1.12
SuperpixelImageSegmentation,1.0.6
Superpower,0.2.4.1
SuperRanker,1.2.1
superspreading,0.4.0
SuperSurv,0.1.7
supervisedPRIM,2.0.0
SupMZ,0.2.0
SuppDists,1.1-9.9
support.BWS,0.4-6
support.BWS2,0.4-0
support.BWS3,0.2-1
support.CEs,0.7-0
supportR,1.6.0
sur,1.0.4
sure,0.2.0
sureLDA,0.1.0-1
SuRF.vs,1.1.0.1
surface,0.6
suRface.analytics,0.1.0
SurfaceTortoise,2.0.1
SurfRough,0.0.1.2
SurprisalAnalysis,3.0.1
surreal,0.0.2
Surrogate,3.4.2
SurrogateBMA,1.0
SurrogateOutcome,1.2
SurrogateParadoxTest,2.2
SurrogateRank,3.0
SurrogateRegression,0.6.0.1
SurrogateSeq,1.1
SurrogateTest,1.3
surrosurv,1.1.27
surrosurvROC,0.1.0
surtvep,1.0.0
surv2sampleComp,1.0-5
survAH,1.2.0
survalis,0.7.1
survAUC,1.4-0
survAWKMT2,1.0.1
survBootOutliers,1.0
survC,0.1.0
survC1,1.0-3
survcompare,0.3.0
SurvCorr,1.1
survCurve,1.0
SurvDisc,0.1.1
survdistr,0.0.3
survdnn,0.7.6
survdt,0.9.0
surveil,0.3.0
surveillance,1.26.0
survELtest,2.0.1
SurvEval,1.1
survex,1.2.0
survexp.fr,1.2
survextrap,1.0.1
survey,4.5
surveybootstrap,0.0.3
SurveyCC,0.2.1
surveycore,1.0.0
surveyCV,0.2.0
surveydata,0.2.8
SurveyDefense,0.2.0
surveydown,1.3.0
surveyexplorer,0.2.0
surveyframe,0.3.2
surveygraph,1.0.0
surveyplanning,4.0
surveyPrev,2.0.0
surveysd,2.0.3
surveysearch,0.1.0
surveySimR,0.1.0
SurveyStat,1.0.3
surveytable,0.9.10
surveytidy,0.6.0
surveyvoi,1.1.1
SurvGME,0.1.0
survHE,2.0.51
SurvHiDim,0.1.1
survIDINRI,1.1-2
survidm,1.3.2
SurviMChd,0.1.2
SurvImpute,0.1.0
survinger,0.1.1
surviv,0.1.3
survival,3.8-6
SurvivalClusteringTree,1.1.3
survivalmodels,0.1.191
survivalMPL,0.2-4
survivalPLANN,0.4
survivalREC,1.1
survivalROC,1.0.3.1
survivalSL,1.0
survivalsurrogate,1.1
survivalsvm,0.0.6
SurvivalTests,1.0
survivalVignettes,0.1.6
survivoR,2.3.12
survkl,1.0.2
survlab,0.1.0
SurvLong,1.5
SurvMA,1.6.8
SurvMetrics,0.5.1
SurvMI,0.1.0
survminer,0.5.2
survmixer,1.3
survML,1.2.0
survNMA,1.1-1
survobj,3.1.1
survout,0.1.0
survParamSim,0.1.7
survPen,2.0.5
survPresmooth,1.1-12
SurvRegCensCov,1.8
survregVB,0.0.2
survRM2,1.0-4
survRM2adapt,1.1.0
survRM2perm,0.1.0
survSAKK,1.3.3
survSampleSize,0.1.2
survSens,1.1.0
survsim,1.1.8
survSNP,0.26
SurvSparse,0.1
survSpearman,1.0.1
SurvSPro,0.1.0
survstan,0.0.7.1
SurvTrunc,0.2.0
SUSENAS,0.1.0
susieR,0.14.2
susographql,0.1.6
SUSY,0.1.0
suwo,0.2.1
SVAlignR,0.9.2
sValues,0.1.8
svars,1.3.12
SVARtca,1.0.2
svd,0.5.8
svDialogs,1.1.2
svDialogstcltk,1.0.1
SVDMx,0.1.0
SVDNF,0.1.11
SveltePlots,0.1.0
SVEMnet,3.2.3
svenssonm,0.1.0
SVG,1.0.0
svgedit,1.0.0
svglite,2.2.2
svgPanZoom,0.3.4
svgtools,1.1.3
svGUI,1.0.2
svgViewR,1.4.3
svHttp,1.0.5
svIDE,0.9-54
svines,0.2.7
svKomodo,1.0.0
SVMD,0.1.0
svmf,1.0
svMisc,1.4.3
SVMMaj,0.2.9.4
svmodt,0.1.0
svmpath,0.970
SVN,1.0.1
svplots,0.1.0
svrep,0.9.1
svrpath,0.1.2
svs,3.1.1
svSocket,1.1.5
svSweave,1.0.0
svTools,0.9-5
svUnit,1.0.8
svWidgets,0.9-45
svyCausalGLM,0.1.0
svycdiff,0.2.0
svycoxme,1.0.0
svydiags,0.7
svylme,1.5-1
svymargins,0.1.0
SvyNom,1.2
svyROC,1.1.0
svytest,1.1.0
svyVarSel,1.0.1
svyVGAM,1.3
svyweight,0.1.1
swa,0.8.1
swag,0.1.0
swagger,5.32.1
swaglm,0.0.1
swamp,1.5.1
swaprinc,1.0.1
swaRm,0.6.0
swaRmverse,0.1.1
swash,2.0.1
swatches,0.5.0
swcEcon,0.1.0
swCRTdesign,4.1
swdft,1.0.0
swdpwr,1.12
sweater,0.1.8
sweep,0.2.7
SweepDiscovery,0.1.1
sweidnumbr,1.5.0
swephR,0.3.2
swfscDAS,0.6.4
swfscMisc,1.7
swgee,1.4
SwimmeR,0.14.2
swimplot,1.2.0
swipeR,1.1.0
swirl,2.4.5
swirlify,0.5.3
SwissAir,1.1.6
swissparl,0.3.0
switchcase,0.1.1
switchr,0.14.8
switchSelection,2.1.0
swjm,0.1.0
SWMPr,2.5.2
SwPcIndex,0.1.0
SWTools,1.1.0
sylcount,0.2-6
syllabifyr,0.1.1
syllogi,1.0.5
sylly,0.1-7
sylly.en,0.1-3
sym.arma,1.0
symbol.equation.gpt,1.1.4
symbolicDA,0.7-3
symbolicr,1.0.0
symDMatrix,2.1.1
symengine,0.2.13
symMCD,0.6
symmetry,0.2.3
symmoments,1.2.2
symptomcheckR,0.1.3
symSEM,0.4
symTensor,0.1.0
SymTS,1.0-2
syn,0.1.0
syncdr,0.1.2
synchronicity,1.3.10
synchrony,0.3.8
SynchWave,1.1.2
SyncMove,0.1-0
SyncRNG,1.3.3
SYNCSA,1.3.5
SynDI,0.1.0
SynergyLMM,1.1.3
synMicrodata,2.1.3
synopR,1.0.0
synr,1.0.0
syntaxr,0.8.0
syntenyPlotteR,1.0.0
Synth,1.1-10
synthesis,1.2.5
synthesisr,0.4.1
synthesizer,0.6.0
SynthETIC,1.1.1
syntheticdata,0.1.0
synthpop,1.9-2
synthReturn,1.0.0
SynthTools,1.0.1
syrup,0.1.4
sys,3.4.3
sysAgNPs,1.0.0
SyScSelection,1.0.2
sysfonts,0.8.9
sysid,1.0.5
syslognet,0.1.2.1
Sysrecon,0.1.3
sysreqr,0.1.0
systemfit,1.1-30
systemfonts,1.3.2
SystemicR,0.1.0
systemicrisk,0.4.3
syt,0.5.0
syuzhet,1.0.7
T2DFitTailor,3.0.2
T2EQ,1.1
T2Qv,0.2.0
T4cluster,0.1.4
T4transport,0.1.8
tab,5.1.1
tab2xml,1.1.0
Taba,1.0.0
tabbitR,0.1.3
tabbycat,0.18.0
taber,0.1.2
tabit,0.2.1
tablaxlsx,1.2.6
table.express,0.4.2
table.glue,0.0.5
table1,1.5.1
Table1Heatmap,1.2
tablecompare,0.1.1
TableContainer,1.0.0
tabledown,1.0.0
tableeasy,1.1.2
tableHTML,2.1.3
tableMatrix,0.82.0
TableMonster,1.7.8
tableone,0.13.2
tableParser,1.0.5
tabler,0.1.0
tablerDash,0.1.5
tables,0.9.35
tablesgg,0.9-1
tablespan,0.3.2
tablet,0.8.1
TableToLongForm,1.3.2
tablexlsx,1.1.0
tabnet,0.9.0
taboolaR,0.1.0
tabpfn,0.2.0
tabr,0.5.5
tabs,0.2.0
tabshiftr,0.4.1
tabstats,0.2.0
tabtibble,0.0.1
tabula,3.3.2
tabulapdf,1.0.5-5
tabular,0.2.0
tabularaster,0.7.2
tabularmaps,0.1.0
tabularMLC,0.0.4
tabulator,1.0.0
tabulog,0.1.1
tabuSearch,1.2.0
tabxplor,1.3.1
tacmagic,0.3.1
tactile,0.2.2
TAD,1.0.1
tada,2024.1.0
TAF,4.3.1
TAG,0.7.1
tagcloud,0.7.0
tagr,1.0.1
tagtools,0.3.0
tAI,0.2.2
TailClassifier,0.1.2
tailDepFun,1.0.1
TailID,1.0.0
tailloss,1.0
tailor,0.1.0
tailplots,0.1.1
TailRank,3.2.4
tailTransform,2.0.0
taipan,0.1.2
talib,0.9-2
talkr,0.1.3
tall,1.0.0
TAM,4.3-25
tamd,1.0.2
tame,0.2.1
tanaka,0.4.0
TANDEM,1.0.3
TangledFeatures,0.1.1
tangram,0.8.3
tangram.pipe,1.1.2
TapeR,0.5.3
taperNOR,0.2.1
TapeS,0.14.1
tapkee,1.2
tapLock,0.2.0
tapnet,0.6
TAQMNGR,2018.5-1
TAR,1.0
tarchetypes,0.14.1
tardis,0.1.5
targeted,0.7.1
targets,1.12.0
Tariff,1.0.5
TAShiny,0.1.0
tashu,0.1.1
taskqueue,0.2.0
taskscheduleR,1.8
tastypie,0.1.2
tastyR,0.1.0
tatest,1.0
tatoo,1.1.3
tatooheene,1.0.0
tau,0.0-28
tauProcess,2.1.3
TauStar,1.1.9
tauturri,0.3.0
taxa,0.4.4
taxadb,0.2.1
taxalight,0.1.5
TaxaNorm,2.4
taxdiv,0.1.0
TaxicabCA,0.1.1
taxify,0.2.12
taxize,0.10.1
taxizedb,0.3.2
taxlist,0.3.5
taxnames,0.1.0
taxodist,0.5.0
taxonomizr,0.11.1
taylor,4.0.0
TaylorRussell,1.2.1
tayloRswift,0.1.0
TBA,0.1.0
tbd,0.1.0
tbea,1.7.0
TBEST,5.2
TBFmultinomial,0.1.3
tbl2xts,1.0.4
tbm,0.3-11
tboot,0.2.1
TBox,0.2.2
TBRDist,2.0.0
tbrf,0.1.7
TCA,1.2.1
tceper,0.1.4
tcftt,0.1.0
TCGAretriever,1.10.3
tcgaViz,1.0.2
TcGSA,0.12.13
TCHazaRds,1.1.5
tci,0.2.1
TCIApathfinder,1.0.6
TCIU,1.2.8
tcl,1.0.1
tcltk2,1.6.1
tclust,2.2-0
Tcomp,1.0.1
tcpl,3.3.1
tcplfit2,0.1.9
TCpRepDesigns,0.0.1
TCRconvertR,1.0
tcv,0.1.0
tcxr,0.1.0
td,0.0.6
TDA,1.9.4
TDAkit,0.1.3
TDApplied,3.0.4
tdarec,0.2.1
TDAstats,0.4.2
tdata,0.3.0
tdaunif,0.2.0
TDAvec,0.1.41
TDbook,0.0.6
TDboost,1.6
TDCM,0.3.0
tdcmStan,3.0.0
TDCor,0.1-2
TDIagree,0.2.0
tdigest,0.4.3
TDLM,1.1.3
TDPanalysis,1.0
tdPRC,1.0.0
tdr,0.14
tdROC,2.0
tdsa,1.1-2
tdsc,1.0.4
TDSTNN,0.1.0
tdthap,1.4
tea,1.1
TeachHist,0.2.1
TeachingDemos,2.13
TeachingSampling,4.1.1
teal,1.2.0
teal.code,0.7.2
teal.data,0.8.1
teal.logger,0.4.2
teal.modules.clinical,0.13.0
teal.modules.general,0.7.0
teal.picks,0.2.0
teal.reporter,0.6.2
teal.slice,0.8.1
teal.transform,0.7.2
teal.widgets,0.6.1
tealeaves,1.0.7
teamcolors,0.0.4
tectonicr,0.4.8
tEDM,1.3
teems,0.1.1
tehtuner,0.3.0
teigen,2.2.2
Tejapi,1.0.1
telegram,0.7.1
telegram.bot,3.0.2
telegramR,0.0.1
telemetR,1.0
telescope,0.2-2
TELP,1.0.3
telraamStats,1.1.2
tempdisagg,1.2.0
temperatureresponse,0.2
templateICAr,0.10.0
templates,0.4.0
templr,0.2-3
tempodisco,2.1.0
Temporal,0.3.0.2
TemporalForest,0.1.4
TemporalGSSA,1.0.1
TemporalHazard,1.1.0
TemporalModelR,0.3.0
tempR,0.10.1.1
TempStable,0.2.2
tempted,0.1.1
tenispolaR,0.1.4
tenm,0.5.1
tensor,1.5.1
tensorA,0.36.2.1
tensorBF,1.0.2
tensorBSS,0.3.9
TensorClustering,1.0.2
tensorEVD,0.1.5
tensorflow,2.20.0
TensorMCMC,0.1.0
tensorMiss,1.1.1
TensorPreAve,1.1.0
tensorregress,5.1
tensorsparse,3.0
TensorTest2D,1.1.2
tensorTS,1.0.3
tensr,1.0.2
tepr,1.1.15
TEQR,6.0-0
tergm,4.2.2
tergmLite,2.6.1
tergo,0.1.9
term,0.3.7
terminaldigits,0.1.0
terminalgraphics,0.3.0
tern,0.9.10
tern.gee,0.1.5
tern.mmrm,0.3.3
Ternary,2.3.7
TernTables,1.7.2
ternvis,1.3
terra,1.9-34
terrainmeshr,1.0.1
terrainr,0.7.6
terralink,1.8.0
TesiproV,0.9.6
tesouror,0.2.3
tesselle,1.7.0
tesseract,5.2.5
test.assessr,2.1.2
test2norm,0.3.0.1
TestAnaAPP,1.1.2
testarguments,0.0.1
testassay,0.1.1
testCompareR,1.1.1
TestCor,0.0.2.2
testcorr,0.4.0
testdat,0.4.4
TestDataImputation,2.3
TestDesign,1.7.0
TestDimorph,0.5.8
testDriveR,0.5.3
testequavar,0.1.5
tester,0.3.0
testex,0.2.1
testflow,0.8.2
testforDEP,0.2.0
TestFunctions,0.2.2
TestGardener,3.3.6
TestGenerator,0.8.0
TestIndVars,0.1.0
TestingSimilarity,1.1
testit,1.1
TestNet,1.0
TestREnlme,0.1.0
TestScorer,1.7.2
TestsSymmetry,1.0.0
testthat,3.3.2
testthatdocs,1.0.23
testthatmulti,0.2.0
testthis,1.1.1
testtwice,1.0.3
tetraclasse,0.1.21
tetragon,1.3.0
tetrascatt,0.1.1
tetRys,1.2
Tex4exams,0.1.2
texanshootR,0.1.1
TeXCheckR,0.8.1
TexExamRandomizer,1.2.7
texmex,2.4.9
texor,1.6.0
TExPosition,2.9.0
texPreview,2.1.0
texreg,1.39.5
text,1.9
text.alignment,0.1.5
text2emotion,0.1.0
text2map,0.2.3
text2sdg,1.1.2
text2sdgData,0.1.1
text2vec,0.6.6
textab,1.0.1
textanalyzer,0.2.0
textAnnotatoR,1.0.1
textBoxPlacement,1.0
textcat,1.0-10
textclean,0.9.7
textdata,0.4.5
texter,0.1.9
textir,2.0-5
textmineR,3.0.6
TextMiningGUI,0.3
textometry,0.1.7
textplot,0.2.3
textpress,1.1.1
textrank,0.3.1
textrar,0.8.0
textrecipes,1.1.0
textreg,0.1.5
textreuse,1.0.1
textshape,1.7.5
textshaping,1.0.5
textstem,0.1.4
textTinyR,1.1.8
textTools,0.1.0
textutils,0.4-3
tf,0.4.1
TFactSR,0.99.0
tfaddons,0.10.0
tfarima,0.4.1
tfautograph,0.3.2
tfCox,0.1.0
tfdatasets,2.18.0
tfdeploy,0.6.1
tfer,1.3
tfestimators,1.9.3
tfevents,0.0.5
tfhub,0.8.1
tfio,0.4.1
TFisher,0.2.0
tflmetaR,0.1.5
TFMPvalue,1.0.0
tfNeuralODE,0.1.0
TFORGE,0.1.17
tfprobability,0.15.2
tframe,2015.12-1.1
TFRE,0.1.0
tfrmt,0.3.0
tfrmtbuilder,0.1.1
tfruns,1.5.4
TFunHDDC,1.0.2
tgamtheme,0.1.0
tgcd,2.7
tggd,0.1.3
tglkmeans,0.6.1
tgml,0.5.0
tgp,2.4-23
tgram,0.2-4
TGS,1.0.1
TGST,1.0
tgstat,2.3.32
TH.data,1.1-5
thames,0.1.2
thamesblock,0.1.0
thamesmix,0.1.3
thankr,1.0.0
theft,0.8.4
theftdlc,0.2.1
theiaR,0.4.0
thematic,0.1.8
themis,1.0.3
TheOpenAIR,0.1.0
theorytools,0.1.3
theRefdate,1.0.0
ThermalSampleR,0.1.2
Thermimage,4.1.3
ThermIndex,0.2.0
thermocouple,1.0.2
TheseusPlot,0.3.0
TheSFACE,0.1.0
thestats,0.1.0
THETASVM,0.1.0
thgenetics,0.4-2
thief,0.3
ThinkingGrid,0.1.0
thinkr,0.16
thinr,0.2.0
this.path,2.8.0
thisplot,0.4.0
thisutils,0.4.7
ThomasJeffersonUniv,0.1.3
thor,1.2.0
thorn,0.2.0
THREC,1.0.0
thredds,0.1-4
threeBrain,1.2.0
ThreeGroups,0.21
threejs,0.3.4
threesixtygiving,0.2.2
ThreeWay,1.1.4
ThreeWiseMonkeys,0.1.0
threewords,0.1.0
threg,1.0.3
thregI,1.0.4
Thresher,1.1.5
ThresholdROC,2.9.6
ThresholdROCsurvival,1.2.1
threshr,1.0.8
thriftr,1.1.8
ThSQCA,2.0.0
thunder,1.1.5
ThurMod,1.1.20
thurstonianIRT,0.12.5
tibble,3.3.1
tibbletime,0.1.9
tibblify,0.4.1
tican,1.1.0
tickr,1.0.2
TICM,1.0-0
tictactoe,0.2.2
tictoc,1.2.1
TideCurves,0.0.5
TideHarmonics,0.1-1
Tides,2.1
TideTables,0.0.3
tidier,0.2.0
tidyactuarial,0.1.4
tidyAML,0.0.6
tidyaudit,0.2.1
tidybayes,3.0.7
tidyBdE,0.7.0
tidybins,0.1.2
tidyboot,0.1.3
tidycat,0.1.2
tidyCDISC,0.2.2
tidycensus,1.8.1
tidycensuskr,0.2.8
tidychangepoint,1.0.5
tidycharts,0.1.3
tidyclust,0.3.2
tidycmprsk,1.1.2
tidycomm,0.4.2
TidyConsultant,0.1.2
tidycorrgram,0.1.0
tidycountries,0.1.0
tidyCpp,0.0.11
tidycwl,1.0.7
tidydann,1.0.1
tidydatatutor,0.1.0
tidydelta,0.1.0
tidyDenovix,2.1.0
TidyDensity,1.5.2
tidydfidx,0.0-3
tidydice,1.0.0
tidydp,0.1.0
tidydr,0.0.6
tidyedgar,1.0.1
tidyEdSurvey,0.1.4
tidyEmoji,0.2.0
tidyestimate,1.1.1
tidyextreme,1.0.0
tidyfast,0.4.0
tidyfinance,0.8.0
tidyfit,0.7.4
tidyfst,1.8.4
tidyft,0.9.20
tidyfun,0.1.2
tidygam,1.0.0
tidygapminder,1.0.0
tidygate,1.0.19
tidyGenR,0.1.7
tidygeocoder,1.0.6
tidygeoRSS,0.0.1
tidygraph,1.3.1
tidyHeatmap,1.13.1
tidyheatmaps,0.2.1
tidyhte,1.0.4
tidyhydat,1.0.1
tidyILD,0.4.1
tidyjson,0.3.3.1
tidyklips,0.3.0
tidylaslog,0.1.2
tidylda,0.0.7
tidylearn,0.3.1
tidyllm,0.5.0
tidylo,0.2.0
tidylog,1.1.0
tidyLPA,2.0.2
tidyMC,1.0.1
tidymodels,1.5.0
tidymodlr,1.0.0
TidyMultiqc,1.0.3
tidyna,0.4.0
tidync,0.4.0
tidynorm,0.4.1
tidyOhdsiSolutions,0.1.0
tidypaleo,0.1.4
TidyPanel,0.1.2
tidyplate,2.2.0
tidyplots,0.4.0
tidyplus,0.2.0
tidypopgen,0.4.4
tidyposterior,1.0.2
tidypredict,1.1.0
tidyprompt,0.4.0
tidyquant,1.0.12
tidyquery,0.2.4
tidyr,1.3.2
tidyrates,0.0.1
tidyREDCap,2.1.0
tidyrgee,0.1.1
tidyrhrv,1.1.0
tidyRSS,2.0.7
tidyrstats,0.1.0
tidyrules,0.2.7
tidysdm,1.0.4
tidyselect,1.2.1
tidySEM,0.2.10
tidyseurat,0.8.10
tidysmd,0.2.1
tidyspec,0.1.0
tidysq,1.2.3
tidystats,0.7.1
tidystopwords,0.9.1
tidystringdist,0.1.6
tidySummaries,0.1.0
tidysummary,0.1.0
tidysynth,0.2.1
tidysynthesis,0.1.3
tidytable,0.11.2
tidyterra,1.2.0
tidytext,0.4.3
tidytitanic,0.0.1
tidytlg,0.12.0
tidytransit,1.8.0
tidytreatment,0.3.2
tidytree,0.4.8
tidyttmoment,0.0.5
tidytuesdayR,1.3.2
tidyusmacro,0.2.0
tidyverse,2.0.0
tidyvpc,1.6.0
tidywater,0.10.0
tidyweather,0.2.0
tidywikidatar,0.6.2
tidyxl,1.0.10
tiff,0.1-12
tigerhitteR,1.1.0
TIGERr,1.0.0
tigers,0.1-3
tigger,1.1.3
tightClust,1.1
tightenBlock,0.1.7
tigreBrowserWriter,0.1.5
tigris,2.2.1
tikatuwq,0.9.0
tiktokadsR,0.1.0
tikzDevice,0.12.6
tiledb,0.33.0
tilegramsR,0.2.0
tilemaps,0.2.2
tiler,0.3.2
tilting,1.1.1
timbeR,2.0.1
timbr,0.2.2
Time.R,1.0.0
timechange,0.4.0
timechecker,1.1.5
timeDate,4052.112
timedelay,1.0.11
TimeDepFrail,0.1.0
timedeppar,1.0.3
timeDF,0.9.2
timeEL,0.9.1
timefully,0.1.0
timeLineGraphics,1.0
timeordered,1.0.3
timeperiodsR,0.7.7
timeplyr,1.1.2
timereg,2.0.7
timeROC,0.4.1
timeSeries,4052.112
timeSeriesDataSets,0.1.0
timetk,2.9.1
timetools,1.15.5
TimeTraits,1.1.0
TimeVarConcurrentModel,1.0
timevarcorr,0.1.1
timevis,2.1.0
TimeVizPro,1.0.1
TIMP,1.13.6
timsac,1.3.8-6
tind,0.2.4
Tinflex,2.4
tinkr,0.3.1
tinsel,0.0.1
tint,0.1.6
tinter,0.1.0
tintin,0.2
tinyarray,2.4.3
tinycodet,0.7.0
tinydng,0.1.0-0
tinyimg,0.4
tinylabels,0.2.5
tinylens,0.1.0
tinyoauth,0.1.1
tinypkgr,0.2.2
tinyplot,0.7.0
tinyrox,0.4.0
tinyscholar,0.1.7
tinyshinyserver,0.1.0
tinysnapshot,0.2.0
tinyspotifyr,0.2.3
tinytable,0.17.0
tinytest,1.4.3
tinytest2JUnit,1.1.3
tinytex,0.60
tinythemes,0.0.4
tinytiger,0.0.11
tinytrail,0.1.0
tinyVAST,1.6.1
tip,0.1.0
tipa,1.0.8
TipDatingBeast,1.1-0
tipitaka,1.0.0
tipitaka.critical,1.0.0
tipmap,1.0.1
tippy,0.1.0
tipr,1.0.2
TiPS,1.3.0
tipsae,1.0.3
tipse,2.0
tirt,0.3.1
tis,1.39
tissot,0.2.0
TITAN2,2.4.4
titanic,0.1.0
TITEgBOIN,0.4.0
titeIR,0.1.0
titrationCurves,0.1.0
Tivy,0.1.1
TKCat,1.2.2
tkImgR,0.0.5
tkrplot,0.0-32
tkRplotR,0.1.7
tl,0.0.2
tLagInterim,1.1
tLagPropOdds,1.10
tlars,1.0.1
TLCAR,0.1.1
tlda,0.1.0
tldr,0.4.0
tldrDocs,0.0.1
tlgarima,0.1.0
TLIC,0.4
tlm,0.2.0
TLMoments,0.7.5.3
tlrmvnmvt,1.1.2.1
tls,0.1.0
tlsR,0.3.0
tm,0.7-18
tm.plugin.alceste,1.1.2
tm.plugin.dc,0.2-10
tm.plugin.europresse,1.4.1
tm.plugin.factiva,1.8.1
tm.plugin.koRpus,0.4-2
tm.plugin.lexisnexis,1.4.2
tm.plugin.mail,0.3-1
tm1r,1.1.8
tma,0.3.1
tmap,4.4-1
tmap.cartogram,0.2-1
tmap.glyphs,0.2
tmap.mapgl,0.3
tmap.networks,0.2-1
tmap.sources,0.1
tmaptools,3.3
tmapverse,0.1.0
TMB,1.9.21
tmbstan,1.1.0
TmCalculator,1.0.7
tmcn,0.2-13
TMDb,1.1
tmfast,0.1.1
Tmisc,1.0.1
TML,2.3.0
tmle,2.1.1
tmod,0.50.13
tmplate,0.0.3
tmpm,1.0.3
tmsens,0.3.1
tmt,0.3.6-4
TMTI,1.0.3
tmvmixnorm,1.2.0
tmvnsim,1.0-2
tmvtnorm,1.7
tmvtnsim,0.1.4
tna,1.2.3
TNC,0.1.0
tndata,0.1.0
tnet,3.0.16
TNRS,0.3.6
toastui,0.4.0
TOC,0.0-6
todor,0.1.2
togglr,0.2.1
TOHM,1.4
tok,0.2.3
tokenbrowser,0.1.6
tokenizers,0.3.0
tokenizers.bpe,0.1.6
tolerance,3.0.0
tomba,1.0.1
toml,1.1.0
tomledit,0.1.1
tongfen,0.3.7
toolbox,0.1.1
toolero,0.3.0
toolmaRk,0.0.1
tools4uplift,1.0.0
ToolsForCoDa,1.1.0
toolStability,0.1.3
TooManyCellsR,0.1.1.0
toon,0.0.1
toonlite,0.1.0
toOrdinal,1.4-0.0
Toothnroll,1.11
topcc,1.2
topChef,0.2.0
TopDom,0.10.1
topdowntimeratio,0.1.0
topicdoc,0.1.1
topiclabels,0.4.0
topicmodels,0.2-17
topicmodels.etm,0.1.1
topics,1.0
TopicScore,0.0.1
TopicTestlet,0.1.0
TopKLists,1.0.8
TopKSignal,1.0
topoDistance,1.0.2
topologyGSA,1.5.0
topologyR,0.2.0
topolow,2.0.1
toponym,2.0.1
toporanga,1.0.0
toposort,1.0.0
topr,2.0.4
toprdata,1.0.2
topsis,1.0
TopSisWM,1.0.3
tor,1.1.3
torch,0.17.0
torchdatasets,0.3.2
torchMAUM,2025.7.30
torchopt,0.1.4
torchvision,0.9.0
torchvisionlib,0.8.0
TORDs,1.0.0
tornado,0.1.3
toro,0.1.0
tosca,0.3-4
toscca,1.0
toscmask,1.2.3
toscutil,2.8.0
TOSI,0.3.0
tost.suite,3.1.9
TOSTER,0.8.6
totalcensus,0.6.6
TotalCopheneticIndex,2.0.1
TOU,0.2.0
touch,0.1-7
touRnamentofchampions,0.1.0
tourr,1.2.8
tout,1.0.3
tower,0.2.0
toweranNA,0.1.0
ToxCrit,1.1
toxdrc,1.0.1
toxEval,1.4.2
toxpiR,1.3.2
toxSummary,1.0.0
TPAC,0.3.0
TPACData,0.1.0
tpc,1.0
TPD,1.1.0
TPDDev,1.0.0
TPEA,3.1.0
TPES,1.0.0
tpfp,0.0.1
tpglp,0.1.0
TPLSr,1.0.5
Tplyr,1.3.3
tpm,2.0.2
TPmsm,1.2.15
tpn,1.12
tpr,0.3-3
tptest,1.0.3
tpwb,0.1.0
TPXG,1.0
tqk,0.1.8
tr.iatgen,1.1.0
TR8,0.9.23
trace,1.0.0
TraceAssist,0.1.0
tracee,0.0.4
tracenma,0.1.1
tracer,1.0.0
tracerer,2.2.4
tracheideR,0.1.1
track2KBA,1.1.3
trackclean,0.1.0
trackdem,0.7.2
trackdf,0.3.3
trackdown,1.1.1
trackeR,1.6.1
trackeRapp,1.2
trackopt,0.1.1
TrackReconstruction,1.3
TrackTrap,1.0.0
tractor.base,3.5.0
trade,0.8.3
tradeoffaucdim,0.2.0
tradepolicy,0.8.0
TRADER,1.2-6
tradestatistics,6.0.0
Trading,3.2
TrafficBDE,0.1.2
trafficCAR,0.1.1
traineR,2.2.12
trainR,0.0.1
trainsplit,1.2
traipse,0.4.0
traits,0.6.0
traitstrap,0.1.0
traj,3.0.1
trajectories,0.2-10
trajeR,0.11.1
trajmsm,0.1.5
trajr,1.5.1
traktok,0.1.1
tram,1.4-3
tramicp,0.1-0
TraMineR,2.2-13
TraMineRextras,0.6.9
tramME,1.0.8
tramnet,0.0-991
TRAMPR,1.0-10
tramvs,0.0-9
transDA,1.0.2
transforEmotion,0.1.7
Transform,1.1
transform.hazards,0.1.1
transformer,0.2.0
transformerForecasting,0.1.0
transformmos,0.1.0
transformr,0.1.5
transfR,1.1.4
transGFM,1.0.2
TransHDM,1.0.1
Transition,1.0.3
transitiontrees,0.1.2
translate.logit,1.0.2
translit.uk,1.0.2
transltr,0.1.0
transmdl,0.1.0
transmem,0.1.1
TransModel,2.3
TransP,0.1
transplantr,0.2.0
transPlotR,0.0.2
transport,0.15-4
transportr,0.1.0
TransProR,1.0.7
transreg,1.0.7
tranSurv,1.2.4
transx,0.0.1
trapezoid,2.0-2
Tratamentos.ad,0.2.4
traudem,1.0.3
traumar,1.2.7
traveltimeR,1.3.1
trawl,0.2.2
trc,0.2
TRD,1.1
trdist,1.0.1
treasury,0.5.0
TreatmentPatterns,3.1.2
treats,1.1.6
TREDesigns,1.0.1
tree,1.0-45
tree.interpreter,0.1.3
tree3d,0.1.2
treebalance,1.2.0
treebase,0.1.5
TreeBUGS,1.5.3
treeclim,2.0.8.0
treeClust,1.1-7.1
treeDA,0.0.5
treedata.table,0.1.1
treedater,2.0.0
treeDbalance,1.2.0
TreeDep,0.1.3
TreeDiagram,0.1.1
treediff,0.2.3
TreeDimensionTest,0.0.2
TreeDist,2.14.1
treefit,1.0.3
treeheatr,0.2.3
treemap,2.4-4
treemapify,2.6.1
TreeMineR,1.0.4
TreeOrderTests,0.1.0
treePlotArea,3.1.0
TreeRingShape,3.0.5
TreeSearch,1.7.0
treeshap,0.4.0
TreeSim,2.4
TreeSimGM,2.5
treesitter,0.3.2
treesitter.c,0.0.4.2
treesitter.r,1.3.0
treesliceR,1.1.0
treespace,1.1.4.4
treeSS,0.2.4
treestartr,0.1.0
treestats,1.71.12
treestructure,1.0.1
TreeTools,2.4.0
trekcolors,0.2.0
trekfont,0.9.6
trelliscopejs,0.2.11
TrenchR,1.2.1
trend,1.1.6
trendchange,1.2
trendeval,0.1.1
trending,0.1.0
TrendInTrend,1.1.3
TrendLSW,1.0.6
trendsegmentR,1.3.2
trendseries,1.2.0
trendtestR,1.0.1
TrendTM,2.0.21
Trendtwosub,0.0.2
trendyy,0.1.1
TRES,1.1.5
TRexSelector,1.0.0
Tri.Hierarchical.IBDs,1.0.0
triact,0.3.1
TriadSim,0.3.1
TrialEmulation,0.0.4.11
trialr,0.1.6
TrialSimulator,1.20.1
TrialSize,1.4.1
triangle,1.1.0
triangulation,0.5.0
tricolore,1.2.6
TriDimRegression,1.0.3
triebeard,0.4.1
triggerstrategy,1.2.0
tRigon,0.3.3
trigpoints,1.0.0
TriLLIEM,0.1.1
TriMatch,1.0.2
trimcluster,0.2-0
trimetStops,0.1.0
trimr,1.1.1
trinROC,0.7
TrioSGL,1.1.0
trip,1.10.0
tripaccess,0.1.0
tripack,1.3-9.4
tripEstimation,0.0-46
triplediff,0.2.4
TripleR,1.5.5
triplesmatch,1.1.0
tripsAndDipR,0.1.0
triptych,0.1.3
tRnslate,0.0.3
troopdata,1.0.4
tropAlgebra,0.1.1
TropFishR,1.6.6
trotter,0.6
trouBBlme4SolveR,0.1.4
TroublemakeR,0.0.1
trps,0.1.0
TrtCombo.FactorialExp.SR,4.0.4
trtf,0.4-3
trtswitch,0.2.7
trud,0.2.1
truelies,0.2.0
TrueSkillThroughTime,1.0.0
TrueWAP,0.1.0
truh,1.0.0
TrumpetPlots,0.0.1.1
truncAIPW,1.0.1
TruncatedNormal,2.3
TruncatedPCQM,0.1.2
truncdist,1.0-2
TruncExpFam,1.2.1
truncnorm,1.0-9
truncnormbayes,0.0.3
truncProxy,0.1.0
truncreg,0.2-5
truncSP,1.2.4
trunmnt,1.0.0
trust,0.1-9
trustedtimestamping,0.2.6
trustmebro,1.0.0
trustOptim,0.8.7.4
TrustworthyMLR,0.1.0
tryCatchLog,1.3.3
tryr,0.1.1
Ts,1.0.1
TSA,1.3.1
tsallisqexp,0.9-5
TSANN,0.1.0
tsapp,1.0.4
tsaux,1.0.2
tsbox,0.4.2
tsBSS,1.0.1
TSCI,3.0.5
tscopula,0.3.9
tscount,1.4.3
TSCS,0.1.1
tscv,1.0.0
tsdataleaks,2.1.1
tsdb,1.1-0
tsdecomp,0.2
TSdeeplearning,1.0.1
tsdf,1.1-9
TSDFGS,2.0
tsdisagg2,0.1.0
TSdisaggregation,2.0.0
tsdistributions,1.0.4
TSDT,1.0.8
tsDyn,11.0.5.2
TSE,0.1.0
TSEAL,0.1.5
tseffects,0.2.1
TSEind,0.1.0
tsensembler,0.1.0
tsentiment,1.0.5
TSEntropies,0.9
tseries,0.10-61
tseriesChaos,0.1-13.1
tseriesEntropy,0.7-2
TSeriesMMA,0.1.1
tseriesTARMA,0.5-2
TSEtools,1.0.0
TSEwgt,0.1.0
TSF,0.1.1
tsfeatures,1.1.1
tsfgrnn,1.0.5
tsfknn,0.6.0
tsfngm,0.1.0
tsforecast,1.3.0
tsg,0.1.4
tsgarch,1.0.4
tsgc,0.0
TSGS,1.0
TSGSIS,0.1
TSHRC,0.1-6
tsibble,1.2.0
tsibbledata,0.4.1
tsibbletalk,0.1.0
tsintermittent,1.10
tsiR,0.4.3
tsissm,1.0.3
tsitter,0.1.0
TSLA,0.1.2
TSLSTM,0.1.0
TSLSTMplus,1.0.6
tsLSTMx,0.1.0
tsmarch,1.0.0
TSMCP,1.1
tsmethods,1.0.3
tsModel,0.6-2
tsmp,0.4.16
tsna,0.3.6
tsne,0.2-0
tsnet,0.2.0
tsoutliers,0.6-10
TSP,1.2.7
tsPI,1.0.4
tspmeta,1.2
TSPred,5.1.1
tspredit,2.0.707
TSQCA,1.3.3
tsqn,1.2.0
tsqr,0.2.0
TSrepr,1.1.0
tsriadditive,1.0.0
tsrobprep,0.3.2
TSS.RESTREND,0.3.1
tsSelect,0.1.8
tssim,0.2.7
TSsmoothing,0.1.0
TSSS,1.3.4-7
TSstudio,0.1.7
TSSVM,0.1.0
tstests,1.0.1
tstools,0.4.4
TSTutorial,1.2.7
tsutils,0.9.4
TSVC,1.7.2
tsvio,1.0.6
tsviz,0.1.0
tsvr,1.0.2
tswge,2.2.0
tsxtreme,0.3.4
TTAinterfaceTrendAnalysis,1.5.11
ttbary,0.3-2
ttbbeer,1.1.0
TTCA,0.1.1
ttcg,1.0.1
ttdo,0.0.10
tteICE,1.1.4
tth,4.16-0
tTOlr,0.2.3
TTR,0.24.4
TTR.PGM,1.0.0
TTS,1.1
ttScreening,1.8
ttservice,0.5.3
ttt,1.0
ttTensor,1.0.2
tttplot,1.1.1
ttutils,1.0-1.1
tuber,1.4.0
tubern,0.5.0
tuckerR.mmgg,1.5.1
TUFLOWR,0.1.1
tufte,0.15.0
tufterhandout,1.2.1
tugboat,0.1.6
TUGLab,0.0.1
TukeyC,1.4-0
TukeyGH77,0.1.4
tukeytrend,0.7
TULIP,1.0.2
tulpaMesh,0.1.3
tumgr,0.0.4
tune,2.1.0
TunePareto,2.5.3
tuneR,1.4.7
tuneRanger,0.8.1
turboEM,2025.1
turkeyelections,0.1.4
turner,0.2.0
TurtleGraphics,1.0-8
Tushare,0.1.4
tutorial.helpers,0.6.1
tutorizeR,0.4.5
TUvalues,1.1.1
TUWmodel,1.1-1
tv,2.0.2
tvcure,0.6.6
tvdenoising,1.0.0
tvem,1.4.1
tvgarch,2.4.3
tvGarchKF,0.0.1
tvm,0.5.2
tvmComp,1.0.2
tvmediation,1.1.1
TVMM,3.2.1
TVMVP,1.0.5
tvR,0.3.3
tvReg,0.5.11
tvrmst,0.0.6
tvtools,0.0.3
twang,2.6.2
twangContinuous,1.0.0
twangMediation,1.2.1
twbparser,0.5.0
twc,0.0.2
twdtw,1.0-1
tweedie,3.1.0
tweenr,2.0.3
tweetcheck,0.1.0
twenty48,0.2.1
twig,1.0.0.0
twilio,0.1.0
twingp,1.0.0
twinning,1.1
twinsvm,0.0.2
twitteradsR,0.1.0
twitterwidget,0.1.1
twl,1.0
twn,0.2.7
twoCoprimary,1.0.0
TwoCutoff,0.1.0
TwoDcDAPSA,0.1.1
TwoDiRef,0.1.0
twomodeclusteringGA,1.0.0
twopartm,0.1.0
twopexp,0.1.0
TwoPhaseCorR,1.1.1
twoPhaseGAS,1.2.5
TwoRegression,1.1.1
twosamples,2.0.1
TwoSampleTest.HD,1.2
twosigma,1.0.2
twoStageDesignTMLE,1.0.1.2
TwoStepCLogit,1.2.6
TwoStepSDFM,0.2.2
TwoTimeScales,1.2.1
twotrials,0.6
twoway,0.6.3
TwoWayFEWeights,2.1.0
twowaytests,1.5
twoxtwo,0.1.0
twscrapeR,0.1.3
TWW,0.1.0
TxEffectsSurvival,1.0.2
txshift,0.3.8
txtplot,1.0-5
txtq,0.2.4
typed,0.0.1
typehint,0.1.2
typeR,0.2.1
types,1.0.0
typetracer,0.2.3
typr,0.0.4
typstable,0.1.0
tzdb,0.5.0
tzupdater,0.1.5
UAHDataScienceO,1.0.0
UAHDataScienceSC,1.0.0
UAHDataScienceSF,1.0.0
UAHDataScienceUC,1.0.1
uaparserjs,0.4.0
uavRmp,0.7
ubair,1.1.1
UBayFS,1.0
UBCRM,1.0.3
ubiquity,2.1.0
ubms,1.2.9
UBStats,0.3.0
uci,0.3.1
ucie,1.0.2
ucimlrepo,0.0.2
uclust,1.0.0
ucminf,1.2.3
ucminfcpp,1.0.0
UComp,5.3.1
UCR.ColumnNames,0.1.0
UCSCXenaShiny,2.2.1
UCSCXenaTools,1.7.0
uddbart,0.2.0
UdderQuarterInfectionData,1.0.0
udpipe,0.8.16
udunits2,0.13.2.2
UEI,0.1.0
ufRisk,1.0.7
ufs,25.7.1
UGarima,0.1.0
ugatsdb,0.2.3
uGMAR,3.6.0
ugomquantreg,1.0.0
UHM,0.3.0
ui,1.0.1
uisapi,0.1.1
uiucthemes,0.3.3
uk2us,0.1.0
ukbabynames,0.3.0
UKBAnalytica,1.0.0
ukbflow,0.3.4
ukbnmr,3.3.2
ukc19,0.0.3
UKFE,2.0.2
ukgasapi,0.21
UKgrid,0.1.3
ukhousing,0.1.0
ukhsadatR,0.1.1
ukpolice,0.2.2
ulex,0.1.1
ulid,0.4.0
ulrb,0.1.8
Ultimixt,2.1
ultrapolaRplot,0.2.2
umap,0.2.10.0
Umatrix,4.0.2
umbridge,1.0
ume,1.6.1
umiAnalyzer,1.0.0
Umoments,1.0.1
ump,0.5-8
Umpire,2.0.11
umweltapir,0.2.1
umx,4.65.0
unbalhaar,2.1
UncDecomp,1.0.1
uncertainty,0.3.0
uncertainUCDP,0.7.6
uncmbb,0.2.2
uncorbets,0.1.2
UNCOVER,1.1.0
undidR,3.0.2
unexcel,0.1.0
unfold,1.0.1
unglue,0.1.0
ungroup,1.4.4
unhcrdown,0.6.0
unhcrthemes,0.7.1
unheadr,0.4.0
uni.shrinkage,1.0.0
uni.survival.tree,1.5
uniah,1.2
unicefData,2.3.0
Unico,0.1.0
Unicode,17.0.0-1
unicol,0.4.0
UniExactFunTest,1.0.1
unifDAG,1.0.4
unifed,1.1.6
UnifiedDoseFinding,0.1.10
unifiedml,0.3.0
unifir,0.2.4
uniformly,0.5.0
unifyR,1.0.0
unigd,0.2.0
unikn,1.0.0
uniLasso,2.11
UniprotR,2.5.1
uniqtag,1.0.1
uniReg,1.1
unisensR,0.3.4
Unitary,0.3.11
UnitCircle,0.1.3
unitcm,0.1.2
unitedR,0.4
unitizer,1.4.23
UnitMix,0.0.1
unitquantreg,0.0.6
unitrootests,1.1.0
units,1.0-1
UnitStat,1.1.0
unittest,1.7-0
unityForest,0.2.0
unival,1.1.0
univariateML,1.5.0
UniversalCVI,1.4.0
universals,0.0.5
univOutl,0.5.0
UnivRNG,1.2.3
unix,1.6.0
unjoin,0.1.0
unmarked,1.5.1
unmconf,1.0.0
unnest,0.1
Uno,2.7.4
UNPaC,1.2.0
unpivotr,0.6.4
UnplanSimon,0.1.0
unrepx,1.0-2
unrtf,1.4.8
unstruwwel,0.2.2
unsum,0.2.0
unsurv,0.5.0
unsystation,0.2.1
untb,1.7-7-1
unusualprofile,0.1.4
unvotes,0.3.0
unvs.med,1.1.1
uotm,0.1.6
UpAndDownPlots,0.5.0
UPCM,0.0-5
updateme,0.1.0
updater,0.1.2
updog,2.1.7
UpDown,1.2.3
UPG,0.3.5
upndown,0.3.0
upset.hp,0.0.6
upsetjs,1.11.1
UpSetR,1.4.1
Upsilon,0.1.1
upstartr,0.1.2
UPSvarApprox,0.1.4
uptasticsearch,1.1.0
uptimeRobot,1.0.0
ura,1.0.1
urbin,0.1-16
urca,1.3-4
urlchecker,1.0.1
urlexplorer,0.1.0
urlparse,0.2.1
urlshorteneR,2.0.0
urltools,1.7.3.1
uroot,2.1-3
URooTab,0.1.0
ursa,3.11.5
us.census.geoheader,1.0.2
usa,1.0.0
USA.state.boundaries,1.0.1
USAboundaries,0.5.1
uscoauditlog,1.0.3
uscongress,1.0.2
usdampr,1.0.1
usdarnass,0.1.0
usdata,0.3.1
usdatasets,0.1.0
usdm,2.1-7
usdoj,1.1.2
USE,0.1.6
usedist,0.4.0
usedthese,0.5.0
useful,1.2.7
usefun,0.5.2
usemodels,0.2.0
usethis,3.2.1
USgas,0.1.2
USgrid,0.1.2
usincometaxes,0.7.1
UsingR,2.0-8
uskewFactors,2.0
usl,3.0.4
usmap,1.0.0
usmapdata,1.0.0
USP,0.1.2
USpopcenters,0.2.0
usportsR,1.0.0
ussherR,1.10
UStatBookABSC,1.0.0
ustats,0.1.5
ustfd,0.4.4
ustyc,1.0.0
utc,0.1.5
uteals,0.0.3
utest,0.4.0
utf8,1.2.6
utf8ify,0.2.0
utile.tables,0.3.0
utile.tools,0.3.0
utile.visuals,0.3.3
utility,1.4.7
utilityFunctionTools,1.0
utilsIPEA,0.0.6
utsf,1.3.3
uuid,1.2-2
uuidx,0.0.1
UVdose,0.1.1
uwedragon,0.1.0
UWHAM,1.1
uwot,0.2.4
uxr,0.2.0
V8,8.2.0
vacalibration,2.2
vaccinationimpact,0.1.0
vaccine,1.4.0
vaccineff,1.0.1
vachette,0.40.1
vacuum,0.1.0
vaersNDvax,1.0.4
vaersvax,1.0.5
vagalumeR,0.1.6
valaddin,1.0.2
vald.extractor,0.1.1
valdr,3.0.0
valdrViz,1.0.1
valentine,2025.2.14
VALERIE,1.1.0
valet,0.9.1
valh,0.2.0
valhallr,0.1.0
validata,0.1.1
validate,1.1.7
validateIt,1.2.1
validatesuggest,0.3.2
validatetools,0.6.1
ValidationExplorer,0.1.1
VALIDICLUST,0.1.0
validmind,2.12.5
valmetrics,1.0.0
valorate,1.0-5
valottery,0.0.1
valr,0.9.1
valueEQ5D,0.7.2
valuemap,2.0.4
valueprhr,0.1.0
valytics,0.4.1
VAM,1.1.0
vamc,0.2.1
VancouvR,0.1.9
vandalico,0.2.2
vangogh,0.1.3
vannstats,1.6.3.20
vapour,0.16.0
VAR.etp,1.1
VAR.spec,1.0
varband,0.9.0
varbin,0.2.1
varbvs,2.6-10
VARcheck,0.1.0
varclust,0.9.4
VARcpDetectOnline,0.2.1
vardiag,0.2-2
vardpoor,0.21.0
VarED,1.0.0
VaRES,1.0.2
varEst,0.1.0
varGuid,0.1.5
varGuidTS,0.1.13
varhandle,2.0.6
variability,0.1.0
variables,1.1-2
VariableScreening,0.2.1
VariableSelection,1.0.0
VarianceGamma,0.4-2
variantspark,0.1.1
variationalDCM,2.0.1
varImp,0.4
vaRiskScore,2.0.0
varitas,0.0.2
varoc,1.0.0
varPro,3.1.0
VarRedOpt,0.1.0
VarReg,2.0
vars,1.6-1
varSel,0.2
VARSELECTEXPOSURE,1.0.3
VarSelLCM,2.1.3.2
varSelRF,0.7-9
VARshrink,0.5.0
vartest,1.5
varTestnlme,1.3.5
VARtests,2.0.7
varycoef,0.3.6
vasicek,0.0.3
vasicekfit,0.1.0
vasicekreg,1.0.2
vaster,0.6.0
vatcheckapi,0.1.0
vaultr,1.2.0
vaxineR,0.1.0
vaxpmx,0.0.6
vayr,1.0.0
vazul,1.1.0
VBel,1.1.7
VBLPCM,2.4.9
vbm,0.1.0
VBMS,1.0.0
VBphenoR,1.1.0
vbracket,1.4.0
VBsparsePCA,0.1.0
VBV,0.6.2
VC2copula,0.1.6
VCA,1.5.2
VCBART,1.2.5
vccp,0.1.1
vcd,1.4-13
vcd2df,1.0.1
vcdExtra,0.9.6
vcfheader,0.1.0
vcfppR,0.8.3
vcfR,1.16.0
vchartr,0.1.5
vcmeta,1.6.0
VCMoE,0.1.0
vcov,0.0.1
vcPB,1.1.1
vcpen,1.9
vcr,2.1.0
vcrpart,1.0-7
vctrs,0.7.3
vctsfr,0.1.1
vcvComp,1.0.2
VDAP,2.0.0
vdar,0.1.3-2
vdiffr,1.0.9
vDiveR,2.2.0
VDJgermlines,0.1
VDPO,0.2.0
VDSM,0.1.1
VDSPCalibration,1.0
vec2dtransf,1.1.5
VeccTMVN,1.3.2
VecDep,0.1.3
vecmatch,1.3.0
vecrep,0.1.0
vecsets,1.4
vectorbitops,1.1.2
VectorCodeR,0.2.0
VectorForgeML,0.1.0
vectorialcalculus,1.0.5
vectorsurvR,1.6.3
vectorwavelet,0.1.0
vectra,0.9.8
VectrixDB,1.1.2
vecvec,1.2.0
VedicDateTime,0.1.9
veesa,0.1.7
vegalite,0.6.1
vegan,2.7-5
vegan3d,1.4-1
vegawidget,0.5.0
vegclust,2.0.3
vegetablesSriLanka,1.1.0
vegIndexCalc,0.1.0
vegperiod,0.4.0
VegSpecIndex,0.1.0
vein,1.6.0
vek,1.0.0
velociraptr,1.1.0
vembedr,0.1.5
venn,1.13
VennDiagram,1.8.2
vennDiagramLab,2.4.2
venneuler,1.1-4
VennItem,1.1.0
vennplot,1.0
venny,0.0.3
verbaliseR,0.1
verbalisr,0.7.2
verdadecu,1.0.2
verdata,1.0.2
verhoeff,0.4.0
verification,1.45
verifyr2,1.2.0
vermeulen,0.1.2
versioning,0.2.0
versions,0.3
versionsort,1.1.0
versus,0.3.1
VertexSimilarity,0.1
VertexWiseR,1.5.2
VeryLargeIntegers,0.2.1
vetiver,0.2.7
vetr,0.2.22
VetResearchLMM,1.1.0
VEwaning,1.4
VEwaningVariant,1.4
vfinputs,0.1.0
VFP,1.4.4
vfprogression,0.7.1
VFS,1.0.2
vfunc,1.0
VGAM,1.1-14
VGAMdata,1.1-13
VGAMextra,0.0-9
vglmer,1.0.6
vhcub,1.0.0
vhica,0.2.9
via,0.2.0
viafoundry,1.0.1
vibass,1.0.4
VIC5,0.2.6
VICatMix,1.0
vici,0.7.3
Vicus,0.99.0
video,0.1.1
videogameinsightsR,0.1.1
vietnamcode,0.1.1
vietnameseConverter,0.4.0
ViewPipeSteps,0.1.0
viewpoly,0.4.1
ViewR,2.0.0
viewscape,3.0.0
vigicaen,2.0.0
VIGoR,1.1.5
viking,1.0.2
villager,2.0.0
VIM,7.0.0
VIMean,0.1.0
vimixr,0.1.2
vimp,2.3.6
vimpclust,0.1.0
VIMPS,1.0
vindecodr,0.1.1
VineCopula,2.6.1
vinereg,0.12.1
violinplotter,3.0.1
vioplot,0.5.1
vip,0.4.6
vipor,0.4.7
VIProDesign,0.1.0
ViralEntropR,0.6.2
viralx,1.3.1
VIRF,0.1.1
viridis,0.6.5
viridisLite,0.4.3
ViroReportR,1.0.4
virtualPollen,1.0.2
VirtualPop,2.1.0
virtualspecies,1.6.1
virtuoso,0.1.8
Virusparies,1.1.0
virustotal,0.6.0
visa,1.0.0
visachartR,4.0.1
visae,0.2.1
VisCollin,0.1.2
viscomp,1.0.0
viscomplexr,1.1.2
VisCov,1.6.0
visdat,0.6.0
ViSe,0.1.3
VisitorCounts,2.0.4
vismeteor,3.0.1
vismi,0.9.5
visNetwork,2.1.4
visOmopResults,1.5.0
visor,0.1.1
visPedigree,1.8.1
visreg,2.8.0
visStatistics,0.2.0
vistime,1.3.0
vistla,2.1.2
visTree,0.8.1
vistributions,0.2.0
VisualDom,0.8.0
visualFields,1.0.7
visualize,4.5.0
Visualize.CRAN.Downloads,1.0.3
VisualizeSimon2Stage,0.2.2
visualpred,0.1.2
visvaR,1.0.0
visvow,1.3.11
visxhclust,1.1.0
vita,1.0.0
vitae,0.6.0
vital,2.0.3
vitality,1.3
vitals,0.3.0
vitopack,0.1.1
vivaglint,0.1.1
vivainsights,0.7.2
vivaldi,1.0.1
vivid,0.3.0
vivo,0.2.1
vizClust,0.1.0
vizdraws,2.0.0
VizModules,0.2.0
VizTest,0.7
vkR,0.2
VLF,1.1-3
VLMC,1.4-5
VLMCX,1.0
VLTimeCausality,0.1.5
VMDecomp,1.0.2
VMDML,0.1.1
vmdTDNN,0.1.1
vmeasur,0.1.4
vMF,0.0.4
vmr,0.0.6
vmsae,0.1.2
vmTools,1.0.1
vntrs,0.2.1
vocaldia,0.8.4
voi,1.0.3
voice,0.5.6
voigt,2.0
vol2birdR,1.3.0
volatilityTrader,1.0.1
volcano3D,2.0.11
volcanoPlot,1.0.0
volesti,1.1.2-10
volker,3.3.1
volrisk,0.1.0
voluModel,0.2.4
VoronoiBiomedPlot,0.3.2
voronoifortune,1.0
voronoiTreemap,0.2.0
voson.tcn,0.5.0
VOSONDash,0.5.7
vosonSML,0.35.1
Voss,0.1.5
vote,2.5-2
voteogram,0.3.2
votesmart,0.1.2
votesys,0.1.1
vottrans,1.0
voucher,1.0.2
vov,0.1.2
vowels,1.2-3
VOWR,0.1.0
VoxR,1.0.0
vpc,1.2.4
VPdtw,2.2.1
vprint,1.2
vrnmf,1.0.2
vroom,1.7.1
vrpr,0.1.0
vrtest,1.2
vscc,0.8
vse4ts,1.0.0
vsgoftest,1.0-1
vsmi,0.1.0
VSOLassoBag,1.0
vsp,0.1.4
vstdct,0.2
vstsr,1.1.0
VSURF,1.2.1
VsusP,1.0.0
vtable,1.4.8
vtreat,1.6.5
vtree,5.7.0
VTShiny,0.1.0
vtype,0.8
vudc,1.1
vueR,0.6.0
VulnToolkit,1.1.4
vvauditor,0.8.0
vvbitwarden,0.1.0
vvcanvas,0.0.8
vvconverter,0.8.0
vvdoctor,0.0.2
vvfiller,0.6.7
vvmover,1.6.0
vvsculptor,0.4.10
vvtableau,0.9.0
vvtermtime,0.1.0
vwline,0.2-4
VWPre,1.2.5
vws,0.3.0
W2CWM2C,2.2
W3CMarkupValidator,0.2-4
W4MRUtils,1.2.2
WA,1.0
wacolors,0.3.1
WACS,1.2.0
wactor,0.0.1
waetr,0.1.0
waiter,0.2.5.1
wakefield,0.3.9
wal,0.1.1
waldo,0.6.2
walkboutr,0.6.0
walker,1.0.10
walkscore,0.1.2
walkscoreAPI,1.2
wallace,2.2.1
WallomicsData,1.0
wally,1.0.10
walmartAPI,0.1.5
walrus,1.0.5
WALS,0.2.6
WaMaSim,1.0.0
wand,0.5.0
WAnova,0.4.0
waou,0.1.0
warabandi,0.1.0
warbleR,1.1.37
WARDEN,2.0.3
WAreg,0.1.0
warehouseTools,0.1.4
wARMASVp,0.2.0
warmthcompetence,0.1.5
WARN,1.2-5
WarnEpi,1.0.1
warp,0.2.3
washdata,0.1.5
washeR,0.1.3
washi,0.2.1
washr,1.0.1
WASP,1.4.5
waspasR,0.1.5
waspr,1.0.1
watcher,0.2.0
WaterBalanceR,0.1.21
waterfalls,1.1.4
waterYearType,1.0.1
Wats,1.0.1
watson,1.0.0
wav,0.2.0
waveband,4.7.4
waved,1.3
WaveletANN,0.1.2
WaveletArima,0.1.2
WaveletComp,1.2
WaveletETS,0.1.0
WaveletGARCH,0.1.1
WaveletGBM,0.1.0
WaveletKNN,0.1.0
WaveletLSTM,0.1.0
WaveletML,0.1.0
WaveletMLbestFL,0.1.0
WaveletRF,0.1.0
wavelets,0.3-0.2
WaveletSVR,0.1.0
wavemulcor,3.1.2
waver,0.3.0
WaverideR,0.5.1
waves,0.2.7
WaveSampling,0.1.4
waveslim,1.8.5
WaveST,0.1.0
wavethresh,4.7.3
wavScalogram,1.1.3
waydown,1.1.0
WayFindR,0.7.0
Waypoint,1.3.1
waysign,0.1.1
waywiser,0.6.3
wbacon,0.6-3
wbCorr,0.3.1
WBI,0.1.0
wbids,1.1.5
wbs,1.4.1
wbsd,1.0.1
wbstats,1.1
wbsts,2.1
wbwdi,1.0.4
wcc,0.3.1
wcde,0.0.8
WCE,1.0.4
wcep,1.0.3
WCluster,1.3.0
WCM,0.2.2
Wcompo,1.0
wconf,1.2.0
wCorr,1.9.8
wcox,1.0
WCRBayesDesign,1.0.1
wcvpmatch,0.0.1
WData,0.1.1
WDI,2.7.10
wdiEF,1.0.4
wdiexplorer,0.1.2
wdm,0.2.6
wdman,0.2.6
wdnet,1.2.4
wdnr.gis,0.1.7
wdpar,1.3.9
wdsmatch,0.1.1
weaana,0.3.0
weakARMA,1.0.3
weatherindices,0.1.0
weatherjoin,0.2.3
weathermetrics,1.2.2
weatherOz,3.0.0
WeatherSentiment,1.0
weatherStats,0.1
weathR,0.1.0
WebAnalytics,0.9.15
webchem,1.3.1
webdav,0.2.0
webdeveloper,1.0.5
webdriver,1.0.6
webexercises,1.1.0
webfakes,1.5.0
WebGestaltR,0.4.6
webglobe,1.0.3
webmap,1.1.1
webmockr,2.2.0
webp,1.3.0
WebPower,0.9.4
webr,0.1.7
webreadr,0.4.0
webSDM,1.1-5
websearchr,0.0.3
webshot,0.5.5
webshot2,0.1.2
websocket,1.4.4
webtrackR,0.3.2
webuse,0.1.3
webutils,1.2.2
wec,0.4-1
weed,1.1.2
wefnexus,1.0.0
WEGE,0.1.0
wehoop,2.1.0
WeibullFit,0.1.0
WeibullModiAMR,0.1.0
weibullness,1.24.1
WeibullR,1.2.4
WeibullR.ALT,0.7.2
weibulltools,2.1.0
WeightCraft,1.0.0
weightedCL,0.7
WeightedCluster,2.0
WeightedEnsemble,0.1.0
weightederm,0.1.0
weightedGCM,0.1.1
WeightedPortTest,1.1
weightedRank,0.7.0
WeightedROC,2020.1.31
weightedScores,0.9.5.3
weightedsurv,0.1.0
WeightedTreemaps,0.1.4
weightedVoronoi,1.1.1
weightflow,0.1.0
WeightIt,1.7.0
WeightMyItems,0.1.4
weightQuant,1.0.1
weightr,2.0.2
weights,1.1.2
WeightSVM,1.7-16
weird,3.0.0
weirs,0.26
welo,0.1.4
WeMix,4.0.3
wesanderson,0.3.7
Westerlund,0.1.3
wevid,0.7.0
wex,0.1.1
weyl,0.0-7
wf,0.0.1
wfe,1.9.1
wfg,0.1
wfindr,0.1.0
wflo,1.9
wgaim,2.0-6
WGCNA,1.74
wget,0.0.4
WgtEff,0.1.2
WH,2.0.0
whalestrike,0.6.2
whapi,0.0.2
WhatIf,1.5-11
whatifbandit,0.3.0
WhatsR,1.0.6
whatthreewords,0.1.3
wheatmap,0.2.4
when,1.0.0
whep,0.3.0
where,1.0.0
whereami,0.2.0
whereport,0.1
whippr,0.1.4
whirl,0.3.2
whisker,0.4.1
whisper,0.4.0
whitebox,2.4.3
WhiteLabRt,1.0.1
whitening,1.4.0
whitestrap,0.0.1
WhiteStripe,2.5.0
whitewater,0.1.4
whoa,0.0.2
whoami,1.3.0
whomds,1.1.1
WHORiskCalculator,1.0.0
wid,0.0.1
widals,0.6.2
wideRhino,1.2.0
widgetframe,0.3.1
widr,0.1.1
widyr,0.1.5
WienR,0.3-15
wig,0.1.0
wikibooks,0.2.1
wikifacts,0.4.2
wikilake,0.7.0
WikipediR,1.7.1
wikiprofiler,0.1.6
wikitaxa,0.5.0
wikiTools,1.2.24
wikkitidy,0.1.14
wilcoxmed,0.0.1
wildcard,1.1.0
wildlifeDI,1.0.1
wildmeta,0.3.2
wildpoker,1.1
wilson,2.4.2
winch,0.1.3
windAC,1.3.0
WindCurves,0.2
windex,2.1.0
windows.pls,0.1.0
windsoraiR,0.1.2
wINEQ,1.2.2
winfapReader,0.1-7
wingen,2.2.0
winputall,1.0.1
winr,1.0.0
WinRatio,1.0
winratiosim,1.0.0
WINS,1.5.1
WinsCRT,0.1.0
wintime,0.4.4
WIPF,0.1.0-4
wired,1.0.1
wISAM,0.2.8
wishmom,1.1.0
withdots,0.1.1
wither,0.1.0
withr,3.0.3
wizaRdry,0.6.16
wjake,1.0.1
wk,0.9.5
wkb,0.4-0
wkpool,0.3.0
wktmo,1.0.5
WLogit,2.1
WLreg,1.0.0.1
wlsd,1.0.1
WMAP,1.3.1
WMFM,1.0.4
wmm,1.1.1
wmwAUC,0.2.0
wmwm,1.0.0
wmwpow,0.1.3
WMWssp,0.5.3
wnl,0.8.5
wNNSel,0.1
wnominate,1.5
wnpmle,0.1.2
WOAkMedoids,0.2.2
wodds,0.1.0
woe,0.2
woeBinning,0.1.6
womblR,1.0.6
wompwomp,0.99.0
WoodburyMatrix,0.0.4
WoodSimulatR,0.6.2
woodValuationDE,1.0.2
wooldridge,1.4-4
worcs,0.1.20
word2vec,0.4.1
wordcloud,2.6
wordcloud2,0.2.1
wordler,0.3.1
WordListsAnalytics,0.2.4
wordmap,0.9.5
wordnet,0.1-18
WordOfMouth,1.2.0
wordpiece,2.1.3
wordpiece.data,2.0.0
WordPools,1.2.0
wordPuzzleR,0.1.2
WordR,0.3.6
words,1.0.1
wordsalad,0.2.0
wordspace,0.2-9
wordvector,0.6.2
workflowr,1.7.2
workflows,1.3.0
workflowsets,1.1.1
workloopR,1.1.4
workspace,0.1.6
worldbank,0.9.1
WorldFlora,1.14-5
worldfootballR,0.6.2
WorldMapR,1.3.0
worldmet,1.1.0
worrms,0.4.3
worrrd,0.1.0
wosr,0.3.0
WOTPLY,0.1.0
woylier,0.0.9
wpa,1.10.1
wpeR,0.2.0
WPKDE,1.0
wpp2008,1.0-1
wpp2010,1.2-0
wpp2012,2.2-1
wpp2015,1.1-3
wpp2017,1.2-3
wpp2019,1.1-1
wppExplorer,2.3-4
WpProj,0.2.3
wqc,0.1.2
wql,1.0.3
WQM,0.1.4
wqrr,1.0.0
wqspt,1.0.2
wqtrends,1.5.2
WR,1.0
wrangle,0.6.4
wrappedtools,0.9.9
wrappr,0.1.0
wrapr,2.1.0
wrassp,1.0.6
wrds,0.1.1
WrensBookshelf,0.1.0
WRestimates,0.1.0
wrGraph,1.3.16
WRI,0.2.3
wrictools,1.0.1
WrightMap,1.4
writeAlizer,1.7.3
writer,0.1.0
writexl,1.5.4
WriteXLS,6.8.0
wrMisc,2.1.0
wrProteo,2.0.2
WRS2,1.1-7
WRSS,3.2
wrswoR,1.2.1
WRTDStidal,1.1.5
wrTopDownFrag,1.0.4
wru,3.1.0
wsbackfit,1.0-5
WSCdata,0.1.2
wsjplot,0.1.0
wskm,1.4.40
wsMed,1.0.2
wsprv,0.1.0
wsrf,1.7.32
wstats,0.1.1
wstdiff,1.0.0
wsyn,1.0.4
wtest,3.2
wTO,2.1
WtTopsis,1.0
WufooR,1.0.1
wv,0.1.3
WVPlots,1.3.9
WWGbook,1.0.2
wwntests,1.1.0
wxgenR,1.4.5
wyz.code.metaTesting,1.1.22
wyz.code.offensiveProgramming,1.1.24
wyz.code.rdoc,1.1.19
wyz.code.testthat,1.1.20
x12,1.11.0
x13binary,1.1.61.2
x3ptools,0.0.4
xactonomial,1.2.0
xadmix,1.0.0
xaringan,0.31
xaringanExtra,0.8.0
xaringanthemer,0.4.4
Xcertainty,1.0.1
xdcclarge,0.1.0
XDNUTS,1.6.5
xdvir,0.2-0
xefun,0.1.5
xega,0.9.0.23
xegaBNF,1.0.0.5
xegaDerivationTrees,1.0.0.6
xegaDfGene,1.0.0.9
xegaGaGene,1.0.0.6
xegaGeGene,1.0.0.3
xegaGpGene,1.0.0.3
xegaPermGene,1.0.0.1
xegaPopulation,1.0.0.12
xegaSelectGene,1.0.0.4
xergm.common,1.7.8
xesreadR,0.2.3
xfun,0.59
xgb2sql,0.1.3
xgboost,3.2.1.1
XGeoRTR,0.7.0
xgrove,0.1-15
xgxr,1.1.2
xhaz,2.1.0
xiacf,0.6.2
XICOR,0.4.1
XiMpLe,0.11-3
xkcd,0.1.0
xkcdcolors,1.0
XKCDdata,0.1.0
xlcharts,0.0.2
XLConnect,1.3.0
xlcutter,0.1.1
xLLiM,2.3.1
xlr,1.1.2
XLS,0.1.0
xlsform2word,0.1.0
xlsx,0.6.5
xlsx2dfs,0.1.0
xlsxjars,0.9.0
xmap,0.1.0
xmeta,1.3.3
XML,3.99-0.23
xml2,1.6.0
XML2R,0.0.9
xml2relational,0.1.1
xmlconvert,0.1.2
xmlparsedata,1.0.5
xmlr,0.1.2
xmlrpc2,1.2
xmlwriter,0.1.1
xmpdf,0.2.1
xmrr,1.1.1
xnet,0.1.11
XNomial,1.0.4.1
xoi,0.74
XOMultinom,0.9.0
xopen,1.0.1
xpect,1.2
xpectr,0.4.5
xplain,0.2.2
xplainfi,1.1.0
xplorerr,0.2.0
Xplortext,1.6.1
xportr,0.5.0
xpose,0.4.23
xpose.nlmixr2,0.4.2
xpose.xtras,0.1.4
xpose4,4.7.4
xptr,1.2.0
XR,0.7.2
xray,0.2
xreg2,0.1.4
xrf,0.3.1
xRing,0.1.2
xrnet,1.0.1
XRSCC,0.2
xslt,1.5.1
XSRecencyX,0.1.0
xSub,3.0.2
xtable,1.8-8
xtbhst,1.0.2
xtbreakcoint,1.0.4
xtcspqardl,1.0.2
xtdhcoint,1.0.1
xtdml,0.1.12
xtfifevd,1.0.2
xtife,0.1.3
xtpqardl,1.0.1
xtranat,0.1.0
xtrec,1.0.0
xts,0.14.2
xtsum,0.1.0
xtvfreg,1.1.0
xutils,0.0.2
xVA,1.3
xvm,0.0.2
xwf,0.2-3
xxdi,1.26.4
xxhashlite,0.2.2
XYomics,0.1.4
yaap,1.0.0
yacca,1.4-2
yaConsensus,1.1
yager,0.1.1
yahoofinancer,0.5.0
yaImpute,1.0-36
YaleToolkit,4.2.3
yaml,2.3.12
yaml12,0.1.0
yamlet,1.3.4
yamlme,0.1.2
YangHuiMagic,1.1
yardstick,1.4.0
yarrr,0.1.14
yasp,0.2.0
yatah,1.0.0
YatchewTest,1.1.1
YatesAlgo.FactorialExp.SR,4.0.4
ycevo,0.3.0
YEAB,1.0.6
yesno,0.1.3
yfhist,0.1.3
yfinancer,0.1.3
yfR,1.1.3
yfscreen,0.1.2
yhat,2.0-5
YieldCurve,5.1
yieldcurves,0.1.0
yll,1.0.0
ymd,0.1.5
Ymisc,0.1.0
ymlthis,1.0.0
ympes,1.9.0
yodel,1.0.0
yorkr,0.0.42
youngSwimmers,0.0.1
YPBP,0.0.1
YPInterimTesting,1.0.3
YPmodel,1.4
YPmodelPhreg,1.0.0
YPPE,1.0.1
ypr,0.6.0
yrnd,0.1.4
YTAnalytics,0.2.1
yuima,1.15.34
yuimaGUI,1.4.0
yulab.utils,0.2.4
yum,0.1.0
yyjsonr,0.1.22
Z10,0.1.0
z22,1.1.4
zalpha,0.3.0
zarr,0.4.1
zCompositions,1.6.2
zctaCrosswalk,2.0.0
zcurve,2.4.6
zdeskR,0.6.0
zeallot,0.2.0
ZeBook,1.2
zebu,0.2.2.0
zeitgebr,0.3.6
zen4R,0.10.5
zendeskR,0.4
zendown,0.1.0
zenplots,1.0.7
zenstats,0.1.2
ZEP,0.3.1
zephyr,0.1.3
zeroEQpart,0.1.0
ZeroOneDists,1.0.0
zetadiv,1.3.0
ZetaSuite,1.0.3
zfa,1.1.0
zfit,0.4.0
ZIBR,1.0.3
ZIDW,0.1.0
zigg,0.0.2
ZIHINAR1,0.2.1
ZIM,1.1.2
ZIM4rv,0.1.1
ZINAR1,0.1.0
ZINARp,0.1.0
zip,3.0.0
ZIPBayes,1.0.2
zipcodeR,0.3.5
ZIPFA,0.8.1
zipfextR,1.0.2
zipfR,0.6-70
ZIPG,1.1
zippeR,0.2.0
zipR,0.1.1
ZIprop,0.1.1
zipsae,1.0.2
ZLAvian,0.2.0
zlib,1.0.3
zlog,1.0.2
zmctp,0.1.0
zmisc,0.2.3
zoeppritz,1.0-9
zoib,1.6.1
zoid,1.3.1
zoltr,1.0.2
ZonationR,1.0.1
zonebuilder,0.1.0
zonohedra,0.6-0
zoo,1.8-15
ZooID,0.2.0
zooimage,5.5.2
zoolog,1.1.0
zoom,2.0.6
zoomerjoin,0.2.3
zoomgrid,1.1.0
zoomGroupStats,0.1.0
zoomr,0.4.0
zoteR,1.0.0
ZRA,0.2
zscorer,0.3.1
Zseq,0.2.2
ztable,0.2.5
ztils,1.0.0
ztpln,0.1.3
zTree,1.0.7
ztype,0.1.0
ZVCV,2.1.3
zyp,0.11-1
zzlite,0.1.2
boot,1.3-32
class,7.3-23
cluster,2.1.8.2
codetools,0.2-20
foreign,0.8-91
KernSmooth,2.23-26
lattice,0.22-9
MASS,7.3-65
Matrix,1.7-5
mgcv,1.9-4
nlme,3.1-169
nnet,7.3-20
rpart,4.1.27
spatial,7.3-18
survival,3.8-6
